N,contract,rate,q,sigma,maturity,max_abs_x_error,max_ulp_x_error,signed_mean_x_error,positive_count,negative_count,worst_payload,formerly_hard_tail
2,0,-0.02,0.01,0.050000000000000003,0.25,3.9800542991735935e-09,194,-4.529063469299414e-13,4084,4108,4096,yes
2,1,0,0,0.40000000000000002,0.25,3.0802390974310962e-08,165,5.4604394152471126e-11,4040,4152,5568,no
2,2,0.029999999999999999,0,0.20000000000000001,1,3.4889912070343779e-08,2827,-3.9552517281857674e-11,4038,4154,8191,yes
2,3,0.029999999999999999,0.01,0.050000000000000003,5,1.9731937580684731e-08,1492,2.7519976725043733e-11,4113,4079,6741,no
3,0,-0.02,0.01,0.050000000000000003,0.25,3.3601186518984094e-09,1250,-3.863335992053711e-12,4064,4128,5503,no
3,1,0,0,0.40000000000000002,0.25,2.7972590622130281e-08,103,-3.9913497123791541e-11,4067,4125,4864,no
3,2,0.029999999999999999,0,0.20000000000000001,1,2.8364013961168535e-08,154,1.3106230373480589e-11,4113,4079,6912,no
3,3,0.029999999999999999,0.01,0.050000000000000003,5,1.3666952881202439e-08,1721,6.9102416596193836e-12,4056,4136,1365,yes
4,0,-0.02,0.01,0.050000000000000003,0.25,3.2791372706964335e-09,1914,-1.8653462818223067e-11,3950,4242,3199,no
4,1,0,0,0.40000000000000002,0.25,2.4082625734583594e-08,333,4.6533898827905053e-11,4157,4035,7679,yes
4,2,0.029999999999999999,0,0.20000000000000001,1,2.5219077203971099e-08,136,2.271622876947034e-11,4042,4150,4864,no
4,3,0.029999999999999999,0.01,0.050000000000000003,5,1.3008338074929918e-08,305,-2.1022497107996322e-11,4086,4106,3733,no
5,0,-0.02,0.01,0.050000000000000003,0.25,2.4790930452929909e-09,1207,-8.2328798450062296e-13,4090,4102,5119,yes
5,1,0,0,0.40000000000000002,0.25,2.1877134836098798e-08,47,-1.5997331388845047e-11,4073,4119,2048,yes
5,2,0.029999999999999999,0,0.20000000000000001,1,2.1627567160926623e-08,78,-2.8527197422462103e-11,4070,4122,1365,yes
5,3,0.029999999999999999,0.01,0.050000000000000003,5,1.2080096596900722e-08,1856,-2.9221605754975507e-11,4038,4154,5119,yes
6,0,-0.02,0.01,0.050000000000000003,0.25,2.6406289695681757e-09,150,-2.0159523795490715e-12,4083,4109,4095,yes
6,1,0,0,0.40000000000000002,0.25,2.044256427958534e-08,54,-1.3474534436473166e-13,4100,4092,1365,yes
6,2,0.029999999999999999,0,0.20000000000000001,1,1.703228467975851e-08,75,5.8890472314952155e-12,4150,4042,2730,yes
6,3,0.029999999999999999,0.01,0.050000000000000003,5,1.2026999773215886e-08,596,-1.3052321581704462e-11,4071,4121,3413,yes
7,0,-0.02,0.01,0.050000000000000003,0.25,2.22348153775692e-09,258,6.9903853897306373e-12,4113,4079,1365,yes
7,1,0,0,0.40000000000000002,0.25,1.8354630493979225e-08,3883,-4.6677565194305309e-12,4101,4091,0,yes
7,2,0.029999999999999999,0,0.20000000000000001,1,1.6041622474651337e-08,65,-1.1473172125478726e-11,4089,4103,1365,yes
7,3,0.029999999999999999,0.01,0.050000000000000003,5,1.023796971570728e-08,2473,1.5739061385387124e-11,4100,4092,3925,yes
8,0,-0.02,0.01,0.050000000000000003,0.25,1.9900271495867967e-09,1018,5.8556394674586883e-13,4098,4094,4096,yes
8,1,0,0,0.40000000000000002,0.25,1.5665107213594041e-08,1374,8.5826191051752879e-12,4124,4068,6912,no
8,2,0.029999999999999999,0,0.20000000000000001,1,1.8609109253441237e-08,92,-1.1165864992850253e-11,4115,4077,8191,yes
8,3,0.029999999999999999,0.01,0.050000000000000003,5,8.7708318515543151e-09,1022,-4.2503826098548111e-12,4103,4089,8191,yes
9,0,-0.02,0.01,0.050000000000000003,0.25,1.8618946590725611e-09,272,-3.3248097199603548e-12,4059,4133,3199,no
9,1,0,0,0.40000000000000002,0.25,1.6431001852569949e-08,134,-2.8060141882753089e-11,4067,4125,2730,yes
9,2,0.029999999999999999,0,0.20000000000000001,1,1.5097190429688628e-08,292,-1.4414820898507332e-11,4124,4068,6527,no
9,3,0.029999999999999999,0.01,0.050000000000000003,5,8.0769884984337928e-09,1596,-8.8042692763030521e-12,4091,4101,2730,yes
10,0,-0.02,0.01,0.050000000000000003,0.25,1.7670266574758408e-09,566,-1.1211839509851203e-12,4139,4053,512,yes
10,1,0,0,0.40000000000000002,0.25,1.403456382104111e-08,354,9.1101911590201327e-12,4107,4085,6527,no
10,2,0.029999999999999999,0,0.20000000000000001,1,1.3956442973143464e-08,66,-8.9408972427846719e-12,4081,4111,1621,no
10,3,0.029999999999999999,0.01,0.050000000000000003,5,7.5921100052605806e-09,2767,-1.1076843378207099e-11,4147,4045,2730,yes
11,0,-0.02,0.01,0.050000000000000003,0.25,1.6268991466881293e-09,4037,-2.0266870206082987e-12,4068,4124,1920,no
11,1,0,0,0.40000000000000002,0.25,1.4574947255070505e-08,758,4.6669400641471349e-11,4116,4076,3199,no
11,2,0.029999999999999999,0,0.20000000000000001,1,1.4224943477433722e-08,30,-4.4142703722652774e-11,4041,4151,469,no
11,3,0.029999999999999999,0.01,0.050000000000000003,5,7.0747234899268096e-09,435,-1.0999784368801286e-11,4087,4105,7808,no
12,0,-0.02,0.01,0.050000000000000003,0.25,1.6263877161340018e-09,1683,8.4167866046590318e-13,4096,4096,3584,yes
12,1,0,0,0.40000000000000002,0.25,1.3695333745650603e-08,46,-1.416941961249318e-11,4070,4122,512,yes
12,2,0.029999999999999999,0,0.20000000000000001,1,1.3895671966313169e-08,33,2.7816550643571141e-11,4100,4092,4437,yes
12,3,0.029999999999999999,0.01,0.050000000000000003,5,6.1968137735790805e-09,2367,5.0142469219307461e-12,4136,4056,7210,no
13,0,-0.02,0.01,0.050000000000000003,0.25,1.658877185815337e-09,109,-1.7204301662358996e-12,4103,4089,6527,no
13,1,0,0,0.40000000000000002,0.25,1.3299592716787084e-08,29,2.9508222699844288e-11,4095,4097,4437,yes
13,2,0.029999999999999999,0,0.20000000000000001,1,1.3886847974757517e-08,44,-1.3226426452876008e-11,4113,4079,3199,no
13,3,0.029999999999999999,0.01,0.050000000000000003,5,7.209940250818394e-09,228,-3.6621008388780037e-12,4105,4087,2218,yes
14,0,-0.02,0.01,0.050000000000000003,0.25,1.5567510826944011e-09,186,-3.7910436458429561e-12,4117,4075,3413,yes
14,1,0,0,0.40000000000000002,0.25,1.2699070692254737e-08,47,2.6567666509855985e-11,4107,4085,256,no
14,2,0.029999999999999999,0,0.20000000000000001,1,1.237843575897141e-08,65,-2.6467493087458436e-11,4023,4169,4437,yes
14,3,0.029999999999999999,0.01,0.050000000000000003,5,6.6400558445786655e-09,1272,-3.2843738702801183e-12,4037,4155,3584,yes
15,0,-0.02,0.01,0.050000000000000003,0.25,1.5821287023805613e-09,211,1.169806894492933e-12,4140,4052,3199,no
15,1,0,0,0.40000000000000002,0.25,1.1958161800851002e-08,69,7.1682626841141851e-12,4050,4142,5119,yes
15,2,0.029999999999999999,0,0.20000000000000001,1,1.2546579689571757e-08,50,1.3423397982730396e-11,4120,4072,6997,yes
15,3,0.029999999999999999,0.01,0.050000000000000003,5,7.0363988041872675e-09,363,-8.116999169339136e-13,4096,4096,2218,yes
16,0,-0.02,0.01,0.050000000000000003,0.25,1.5878329358754932e-09,390,-6.6676518553431048e-12,3967,4225,512,yes
16,1,0,0,0.40000000000000002,0.25,1.1538510268734597e-08,25,-2.1939750080973756e-11,4136,4056,512,yes
16,2,0.029999999999999999,0,0.20000000000000001,1,1.3191615211120224e-08,23,1.1431194815331121e-11,4068,4124,4864,no
16,3,0.029999999999999999,0.01,0.050000000000000003,5,6.5041690374649588e-09,526,-6.4966820969535953e-12,4111,4081,3733,no
17,0,-0.02,0.01,0.050000000000000003,0.25,1.535220884192712e-09,2771,-3.1930797722975656e-12,4042,4150,3413,yes
17,1,0,0,0.40000000000000002,0.25,1.1336514177283635e-08,194,-1.4361895946161924e-11,4079,4113,2218,yes
17,2,0.029999999999999999,0,0.20000000000000001,1,1.1418878628746097e-08,94,3.1156665196381567e-11,4165,4027,8021,yes
17,3,0.029999999999999999,0.01,0.050000000000000003,5,6.5152970136231075e-09,246,6.0322908177056434e-12,4142,4050,6997,yes
18,0,-0.02,0.01,0.050000000000000003,0.25,1.4514129719122859e-09,34755,-1.1267038584408314e-12,4064,4128,5461,yes
18,1,0,0,0.40000000000000002,0.25,1.2456500517889139e-08,21,-1.955428754473905e-12,4097,4095,3413,yes
18,2,0.029999999999999999,0,0.20000000000000001,1,1.0286437678043863e-08,1075,-2.0377911044144486e-11,4091,4101,682,yes
18,3,0.029999999999999999,0.01,0.050000000000000003,5,6.2907292898561977e-09,592,2.9419206935798544e-12,4118,4074,6997,yes
19,0,-0.02,0.01,0.050000000000000003,0.25,1.5417191335376782e-09,78,-6.6265804285250427e-13,4131,4061,6997,yes
19,1,0,0,0.40000000000000002,0.25,9.8495282754643249e-09,76,-2.365319542872264e-11,3970,4222,682,yes
19,2,0.029999999999999999,0,0.20000000000000001,1,9.8861212480194399e-09,1066,7.4662744195171253e-12,4043,4149,2048,yes
19,3,0.029999999999999999,0.01,0.050000000000000003,5,6.2302775074459475e-09,768,-1.6133566130162486e-11,4077,4115,4181,no
20,0,-0.02,0.01,0.050000000000000003,0.25,1.4058905169593687e-09,301,4.3215326204042307e-13,4061,4131,3072,yes
20,1,0,0,0.40000000000000002,0.25,1.1836719127845267e-08,45,5.9091536462080434e-12,4110,4082,4437,yes
20,2,0.029999999999999999,0,0.20000000000000001,1,1.2200806397870052e-08,355,-7.9204643601254888e-12,4096,4096,3413,yes
20,3,0.029999999999999999,0.01,0.050000000000000003,5,5.9624213524253467e-09,260,-2.5307808658645039e-11,4023,4169,3498,no
21,0,-0.02,0.01,0.050000000000000003,0.25,1.3116927596036264e-09,600,-2.1931760910821424e-12,4081,4111,4778,yes
21,1,0,0,0.40000000000000002,0.25,1.2177853403628265e-08,85,3.8995759482755382e-12,4062,4130,4437,yes
21,2,0.029999999999999999,0,0.20000000000000001,1,1.0286560383352664e-08,36,-2.3395118334255858e-11,4042,4150,2048,yes
21,3,0.029999999999999999,0.01,0.050000000000000003,5,6.2863842705748688e-09,253,-2.3323904067363594e-12,4089,4103,4181,no
22,0,-0.02,0.01,0.050000000000000003,0.25,9.9889958694324624e-10,221,-1.5924605482813157e-12,4092,4100,7104,no
22,1,0,0,0.40000000000000002,0.25,9.5174383513477006e-09,11,4.3680336337424761e-12,4065,4127,1023,yes
22,2,0.029999999999999999,0,0.20000000000000001,1,8.9755277656668649e-09,15,-7.4276141581143477e-12,4113,4079,3413,yes
22,3,0.029999999999999999,0.01,0.050000000000000003,5,5.4834001647061095e-09,143,3.2279038818677779e-12,4105,4087,3584,yes
23,0,-0.02,0.01,0.050000000000000003,0.25,1.4599215102639502e-09,278,-4.9878495873926562e-13,4055,4137,3413,yes
23,1,0,0,0.40000000000000002,0.25,9.504058892248e-09,10,2.2844233095111036e-12,4022,4170,4778,yes
23,2,0.029999999999999999,0,0.20000000000000001,1,1.130207689979993e-08,34,-6.6784626794390171e-12,4135,4057,5119,yes
23,3,0.029999999999999999,0.01,0.050000000000000003,5,6.1802154051963806e-09,4208,1.3626044855514197e-12,4097,4095,3413,yes
24,0,-0.02,0.01,0.050000000000000003,0.25,1.1624513309406764e-09,521,2.4663730907221889e-12,4109,4083,8191,yes
24,1,0,0,0.40000000000000002,0.25,9.4149429673198165e-09,30,-1.4535327284311938e-11,3980,4212,4778,yes
24,2,0.029999999999999999,0,0.20000000000000001,1,8.1840140078213105e-09,131,1.6417038386210459e-11,4162,4030,1365,yes
24,3,0.029999999999999999,0.01,0.050000000000000003,5,6.0134998866079429e-09,1047,-1.943548723258204e-12,4116,4076,3413,yes
25,0,-0.02,0.01,0.050000000000000003,0.25,1.2915588550253961e-09,318,2.8982767922691077e-12,4156,4036,4778,yes
25,1,0,0,0.40000000000000002,0.25,1.0789405212369844e-08,125,-4.7195883304956425e-12,4094,4098,2048,yes
25,2,0.029999999999999999,0,0.20000000000000001,1,8.7733730231881407e-09,19,-1.2827283401364813e-11,4158,4034,4096,yes
25,3,0.029999999999999999,0.01,0.050000000000000003,5,5.465956209186136e-09,11298,1.4962069399146521e-12,4104,4088,5461,yes
26,0,-0.02,0.01,0.050000000000000003,0.25,1.0158263474737322e-09,39,2.2511400846227258e-12,4121,4071,149,no
26,1,0,0,0.40000000000000002,0.25,8.87030258720272e-09,65,-6.4827323131565342e-12,4086,4106,5461,yes
26,2,0.029999999999999999,0,0.20000000000000001,1,9.3588105576016538e-09,37,2.2199046860765916e-11,4133,4059,0,yes
26,3,0.029999999999999999,0.01,0.050000000000000003,5,4.8026552133421281e-09,634,-6.9363754082717238e-12,4066,4126,2389,yes
27,0,-0.02,0.01,0.050000000000000003,0.25,1.2304716709005188e-09,49,-6.0670889097900789e-13,4071,4121,5461,yes
27,1,0,0,0.40000000000000002,0.25,9.2793230700295361e-09,77,-6.1661837264378261e-12,4090,4102,8191,yes
27,2,0.029999999999999999,0,0.20000000000000001,1,1.123151537365517e-08,288,-6.5510841712875606e-12,4128,4064,3413,yes
27,3,0.029999999999999999,0.01,0.050000000000000003,5,5.0059602079888037e-09,288,5.759189815586656e-13,4068,4124,4095,yes
28,0,-0.02,0.01,0.050000000000000003,0.25,9.7736134200523159e-10,50,-1.2704870085233289e-13,4107,4085,5248,no
28,1,0,0,0.40000000000000002,0.25,8.5539863056692186e-09,147,-8.9948312232563263e-13,4055,4137,8191,yes
28,2,0.029999999999999999,0,0.20000000000000001,1,7.9664873422228684e-09,35,-4.8539310025867469e-12,4064,4128,6527,no
28,3,0.029999999999999999,0.01,0.050000000000000003,5,5.2134709958067143e-09,1057,-1.7236982962752982e-12,4123,4069,4437,yes
29,0,-0.02,0.01,0.050000000000000003,0.25,9.3694346729998821e-10,316,-1.9094636139366642e-12,4013,4179,1855,no
29,1,0,0,0.40000000000000002,0.25,7.5374061757709869e-09,149,1.4871176076875725e-11,4064,4128,4437,yes
29,2,0.029999999999999999,0,0.20000000000000001,1,7.8178030148544062e-09,17,-1.5317481052794834e-11,4092,4100,4864,no
29,3,0.029999999999999999,0.01,0.050000000000000003,5,4.0958451271231474e-09,226,7.189091814296907e-12,4112,4080,6463,no
30,0,-0.02,0.01,0.050000000000000003,0.25,1.2813229206759623e-09,262,4.6057920722386012e-13,4059,4133,5461,yes
30,1,0,0,0.40000000000000002,0.25,7.3817262025426837e-09,258,-5.4134701871793119e-13,4095,4097,895,no
30,2,0.029999999999999999,0,0.20000000000000001,1,7.8649317859400912e-09,53,-1.2885292329073696e-11,4070,4122,469,no
30,3,0.029999999999999999,0.01,0.050000000000000003,5,5.5365421729207139e-09,2129,5.3878657600608447e-12,4116,4076,4437,yes
31,0,-0.02,0.01,0.050000000000000003,0.25,8.8736591598554921e-10,412,-1.4642246522038765e-12,4072,4120,1429,no
31,1,0,0,0.40000000000000002,0.25,9.3381491008744906e-09,78,8.3957279385556797e-12,4109,4083,8191,yes
31,2,0.029999999999999999,0,0.20000000000000001,1,8.3777226958022783e-09,104,4.998292827536815e-12,4100,4092,8191,yes
31,3,0.029999999999999999,0.01,0.050000000000000003,5,4.3332497917361894e-09,124,2.5504782392054591e-12,4113,4079,1706,yes
32,0,-0.02,0.01,0.050000000000000003,0.25,9.4528909143851654e-10,614,1.9242561820246216e-13,4096,4096,6527,no
32,1,0,0,0.40000000000000002,0.25,7.6655266788847031e-09,28,-2.3801056038352433e-12,4059,4133,7616,no
32,2,0.029999999999999999,0,0.20000000000000001,1,7.4129081874968338e-09,27,1.4032846639067485e-12,4120,4072,3669,no
32,3,0.029999999999999999,0.01,0.050000000000000003,5,4.3854159257771576e-09,1104,-1.4579472671276865e-12,4105,4087,8191,yes
33,0,-0.02,0.01,0.050000000000000003,0.25,9.4903288498890907e-10,238,-1.3749650890812453e-12,4051,4141,0,yes
33,1,0,0,0.40000000000000002,0.25,7.2549162550136046e-09,55,1.3693387956277303e-11,4132,4060,1621,no
33,2,0.029999999999999999,0,0.20000000000000001,1,7.3948049822324087e-09,208,-9.7338929922296859e-12,4118,4074,4864,no
33,3,0.029999999999999999,0.01,0.050000000000000003,5,4.7857964171415235e-09,246,-3.6741418929696771e-12,4084,4108,5461,yes
34,0,-0.02,0.01,0.050000000000000003,0.25,9.3914451690150261e-10,63,-1.9411258966448977e-12,4045,4147,4181,no
34,1,0,0,0.40000000000000002,0.25,7.5686573971041066e-09,54,6.7858365183116639e-13,4102,4090,4437,yes
34,2,0.029999999999999999,0,0.20000000000000001,1,7.3972658772140887e-09,26,-9.2185834931722894e-13,4047,4145,469,no
34,3,0.029999999999999999,0.01,0.050000000000000003,5,5.3795067990706171e-09,1270,-1.2075677520166895e-12,4090,4102,5461,yes
35,0,-0.02,0.01,0.050000000000000003,0.25,8.9236529685287684e-10,819,-4.1326384952304078e-14,4086,4106,3199,no
35,1,0,0,0.40000000000000002,0.25,7.2192702016207621e-09,31,-3.7677782971310704e-12,4056,4136,6912,no
35,2,0.029999999999999999,0,0.20000000000000001,1,7.546722034435167e-09,57,-6.086248027723803e-13,4170,4022,7616,no
35,3,0.029999999999999999,0.01,0.050000000000000003,5,4.9126243628215792e-09,577,7.5299725505426879e-12,4138,4054,1365,yes
36,0,-0.02,0.01,0.050000000000000003,0.25,9.5417803964378756e-10,171,-5.1870861116257242e-13,4119,4073,2730,yes
36,1,0,0,0.40000000000000002,0.25,8.4446779220221903e-09,976,1.126797874214651e-12,4028,4164,8191,yes
36,2,0.029999999999999999,0,0.20000000000000001,1,7.6297706692336466e-09,28,1.1710921729343176e-11,4092,4100,8191,yes
36,3,0.029999999999999999,0.01,0.050000000000000003,5,3.939432815968804e-09,909,3.0279625118057792e-13,4111,4081,3413,yes
37,0,-0.02,0.01,0.050000000000000003,0.25,9.7758431558537456e-10,64,4.3967444958644953e-13,4059,4133,8191,yes
37,1,0,0,0.40000000000000002,0.25,6.8528755164536401e-09,100,-3.9450298615075855e-13,4052,4140,981,no
37,2,0.029999999999999999,0,0.20000000000000001,1,8.214682490298954e-09,27,8.7353824142486431e-13,4098,4094,2730,yes
37,3,0.029999999999999999,0.01,0.050000000000000003,5,3.8536522185628818e-09,278,5.0785417245500675e-12,4064,4128,3114,no
38,0,-0.02,0.01,0.050000000000000003,0.25,8.9848641586130483e-10,221,-1.602622418307161e-12,4033,4159,3199,no
38,1,0,0,0.40000000000000002,0.25,7.0335541160932848e-09,50,-4.2135173810531046e-12,4091,4101,3669,no
38,2,0.029999999999999999,0,0.20000000000000001,1,7.1011206192059209e-09,854,-9.1654529440443327e-12,4082,4110,895,no
38,3,0.029999999999999999,0.01,0.050000000000000003,5,3.828390363575507e-09,241,-2.4261866930101866e-12,4099,4093,7616,no
39,0,-0.02,0.01,0.050000000000000003,0.25,8.8552813526377508e-10,1709,7.1419983685290011e-14,4064,4128,6399,no
39,1,0,0,0.40000000000000002,0.25,6.5554705468809576e-09,194,1.1538021476086299e-11,4061,4131,2431,no
39,2,0.029999999999999999,0,0.20000000000000001,1,7.5036161938880739e-09,26,1.9128180640082347e-12,4129,4063,3199,no
39,3,0.029999999999999999,0.01,0.050000000000000003,5,4.4455987342742453e-09,20060,-6.466583300433188e-12,4050,4142,1365,yes
40,0,-0.02,0.01,0.050000000000000003,0.25,8.9827234438164997e-10,725,-1.1379868782157984e-12,4124,4068,5568,no
40,1,0,0,0.40000000000000002,0.25,7.4302093844159023e-09,229,-5.684587790447607e-13,4074,4118,4864,no
40,2,0.029999999999999999,0,0.20000000000000001,1,7.0818587092633994e-09,15,-5.6250528114268835e-12,4058,4134,6463,no
40,3,0.029999999999999999,0.01,0.050000000000000003,5,4.7031086705204856e-09,506,5.1597706429113059e-12,4075,4117,5461,yes
41,0,-0.02,0.01,0.050000000000000003,0.25,8.8518297075854802e-10,255,-1.0893578045523424e-12,4060,4132,2197,no
41,1,0,0,0.40000000000000002,0.25,7.2655927636023817e-09,57,-2.9393643011223077e-12,4092,4100,2218,yes
41,2,0.029999999999999999,0,0.20000000000000001,1,7.3134335181187957e-09,244,-9.4118431040436524e-12,4032,4160,469,no
41,3,0.029999999999999999,0.01,0.050000000000000003,5,3.9281041842161885e-09,395,-5.0028119000638519e-12,4017,4175,5461,yes
42,0,-0.02,0.01,0.050000000000000003,0.25,8.8545923287747147e-10,84,-1.0903529306457184e-12,4080,4112,6912,no
42,1,0,0,0.40000000000000002,0.25,7.3478145237295762e-09,47,-3.0534799782582417e-12,4065,4127,4864,no
42,2,0.029999999999999999,0,0.20000000000000001,1,7.168091859768876e-09,15,6.4157123119310854e-13,4034,4158,149,no
42,3,0.029999999999999999,0.01,0.050000000000000003,5,4.2874881896012229e-09,1466,4.3808569396125038e-12,4135,4057,2730,yes
43,0,-0.02,0.01,0.050000000000000003,0.25,8.7463623693739707e-10,41,-2.2088360614168567e-12,3993,4199,5248,no
43,1,0,0,0.40000000000000002,0.25,7.0113873897836909e-09,18,1.0139634997195888e-11,4137,4055,3114,no
43,2,0.029999999999999999,0,0.20000000000000001,1,6.9458194647274464e-09,14,1.8872149708536287e-11,4134,4058,3199,no
43,3,0.029999999999999999,0.01,0.050000000000000003,5,3.7311052243319942e-09,409,-8.6882440229292874e-13,4084,4108,6912,no
44,0,-0.02,0.01,0.050000000000000003,0.25,8.4775044127723644e-10,87,4.0342061075550989e-12,4163,4029,6399,no
44,1,0,0,0.40000000000000002,0.25,6.909342769923852e-09,18,1.5564681317529722e-11,4122,4070,5248,no
44,2,0.029999999999999999,0,0.20000000000000001,1,7.1120770550247508e-09,55,-1.5438449300793661e-11,4023,4169,2218,yes
44,3,0.029999999999999999,0.01,0.050000000000000003,5,3.5173964536568823e-09,135,2.6266766778871542e-12,4109,4083,6442,no
45,0,-0.02,0.01,0.050000000000000003,0.25,8.7377173475757182e-10,243,-1.0207663136791408e-14,4085,4107,469,no
45,1,0,0,0.40000000000000002,0.25,6.7180784257782867e-09,16,-4.7593917303231184e-12,4135,4057,6442,no
45,2,0.029999999999999999,0,0.20000000000000001,1,6.8378691979895709e-09,55,1.1312335552028725e-11,4157,4035,3114,no
45,3,0.029999999999999999,0.01,0.050000000000000003,5,3.7107262893167938e-09,2477,1.2845096082830762e-12,4101,4091,2218,yes
46,0,-0.02,0.01,0.050000000000000003,0.25,8.8360931330400735e-10,1465,-2.6491478488741709e-13,4079,4113,4437,yes
46,1,0,0,0.40000000000000002,0.25,6.624345915036388e-09,17,2.4352849432515689e-12,4094,4098,5760,no
46,2,0.029999999999999999,0,0.20000000000000001,1,7.1192033690141495e-09,27,8.6225578594875668e-12,4111,4081,4181,no
46,3,0.029999999999999999,0.01,0.050000000000000003,5,3.6932038287549219e-09,150,1.1453480619483846e-12,4101,4091,1855,no
47,0,-0.02,0.01,0.050000000000000003,0.25,8.4678610623413119e-10,105,8.3076903853751592e-13,4121,4071,3199,no
47,1,0,0,0.40000000000000002,0.25,6.7313758005202229e-09,21,-8.4656345135973827e-12,4056,4136,5248,no
47,2,0.029999999999999999,0,0.20000000000000001,1,7.0541692322404372e-09,13,1.2131597739519332e-11,4145,4047,512,yes
47,3,0.029999999999999999,0.01,0.050000000000000003,5,4.2930835371761041e-09,486,-1.5145573713331936e-12,4122,4070,2730,yes
48,0,-0.02,0.01,0.050000000000000003,0.25,8.3041338521485749e-10,357,3.5571867830652031e-13,4124,4068,1621,no
48,1,0,0,0.40000000000000002,0.25,6.1381297247549532e-09,10,-1.7620004664973319e-11,4076,4116,2303,no
48,2,0.029999999999999999,0,0.20000000000000001,1,6.7441091699594487e-09,39,1.0920554140216812e-11,4113,4079,4437,yes
48,3,0.029999999999999999,0.01,0.050000000000000003,5,3.0984068867895403e-09,1779,-2.2614848114710768e-13,4084,4108,7210,no
49,0,-0.02,0.01,0.050000000000000003,0.25,7.8844838889137963e-10,122,-1.334447505080385e-12,4030,4162,6442,no
49,1,0,0,0.40000000000000002,0.25,6.4736625524986171e-09,36,-3.7119836744379423e-12,4087,4105,6698,no
49,2,0.029999999999999999,0,0.20000000000000001,1,6.5737653227692625e-09,19,-1.8270046762803657e-11,4058,4134,2218,yes
49,3,0.029999999999999999,0.01,0.050000000000000003,5,3.6436433501320667e-09,1644,-3.6846282464487938e-12,4047,4145,4714,no
50,0,-0.02,0.01,0.050000000000000003,0.25,8.4524902713773171e-10,364,-1.6740213227045852e-12,4020,4172,5248,no
50,1,0,0,0.40000000000000002,0.25,6.2984928652971076e-09,18,-5.0954184074616557e-12,4154,4038,6997,yes
50,2,0.029999999999999999,0,0.20000000000000001,1,6.8141483124558734e-09,10,-1.3839428361397558e-12,4126,4066,512,yes
50,3,0.029999999999999999,0.01,0.050000000000000003,5,3.7819183036819422e-09,755,7.2648295762684257e-13,4069,4123,2730,yes
51,0,-0.02,0.01,0.050000000000000003,0.25,8.0392530364579078e-10,94,5.1639718420049553e-14,4102,4090,3584,yes
51,1,0,0,0.40000000000000002,0.25,6.8526154308524315e-09,21,-1.3609137831533409e-11,3988,4204,6912,no
51,2,0.029999999999999999,0,0.20000000000000001,1,6.1228495534746653e-09,18,-1.2833030342668437e-12,4149,4043,7679,yes
51,3,0.029999999999999999,0.01,0.050000000000000003,5,3.3884308287269804e-09,90,-8.309336467794546e-12,4022,4170,4864,no
52,0,-0.02,0.01,0.050000000000000003,0.25,8.4577646002755959e-10,249,1.4262658173306345e-12,4095,4097,4437,yes
52,1,0,0,0.40000000000000002,0.25,6.683219048560382e-09,41,4.4961779583223949e-12,4050,4142,6442,no
52,2,0.029999999999999999,0,0.20000000000000001,1,6.186724395503682e-09,37,3.4832937373812481e-12,4061,4131,3199,no
52,3,0.029999999999999999,0.01,0.050000000000000003,5,3.465855827515351e-09,322,-7.5978234519038109e-13,4066,4126,5248,no
53,0,-0.02,0.01,0.050000000000000003,0.25,8.3372896331613615e-10,112,-7.4826693070727365e-13,4065,4127,6912,no
53,1,0,0,0.40000000000000002,0.25,6.5107532495977068e-09,13,-1.3290292724667094e-11,4009,4183,3669,no
53,2,0.029999999999999999,0,0.20000000000000001,1,6.897150897052407e-09,147,7.1332173806713997e-12,4142,4050,4181,no
53,3,0.029999999999999999,0.01,0.050000000000000003,5,3.5538337176900952e-09,1651,-4.142109117330856e-12,4090,4102,4714,no
54,0,-0.02,0.01,0.050000000000000003,0.25,8.4181890983880142e-10,111,1.3254383919623515e-13,4052,4140,512,yes
54,1,0,0,0.40000000000000002,0.25,6.7991727250263972e-09,200,-3.9527850262920707e-12,4080,4112,6399,no
54,2,0.029999999999999999,0,0.20000000000000001,1,6.5433589227272072e-09,18,-4.7327097621973385e-12,4080,4112,1621,no
54,3,0.029999999999999999,0.01,0.050000000000000003,5,3.5068764034930897e-09,358,-2.1513393820287479e-12,4110,4082,4714,no
55,0,-0.02,0.01,0.050000000000000003,0.25,8.3647788985043427e-10,384,-1.4444600047305656e-12,4078,4114,2218,yes
55,1,0,0,0.40000000000000002,0.25,6.8741938981797144e-09,18,1.5062027999846066e-11,4125,4067,3199,no
55,2,0.029999999999999999,0,0.20000000000000001,1,6.3220556519623841e-09,9,1.640319810547623e-12,4085,4107,6912,no
55,3,0.029999999999999999,0.01,0.050000000000000003,5,3.3054737794122047e-09,374,-1.7541004224944225e-12,4108,4084,6912,no
56,0,-0.02,0.01,0.050000000000000003,0.25,8.3028283282973301e-10,48,5.6137497343608637e-14,4093,4099,4864,no
56,1,0,0,0.40000000000000002,0.25,6.0114669213437289e-09,72,9.1998362254809299e-12,4130,4062,3669,no
56,2,0.029999999999999999,0,0.20000000000000001,1,6.5462399380807103e-09,9,3.0854078174481503e-12,4148,4044,3498,no
56,3,0.029999999999999999,0.01,0.050000000000000003,5,3.6058650715661021e-09,873,-5.9362936719974319e-12,4026,4166,3178,no
57,0,-0.02,0.01,0.050000000000000003,0.25,8.1882017087555259e-10,169,-4.799363887939889e-13,4081,4111,3413,yes
57,1,0,0,0.40000000000000002,0.25,5.9905054359087773e-09,71,3.2700995835914345e-12,4093,4099,7679,yes
57,2,0.029999999999999999,0,0.20000000000000001,1,6.4084386472834994e-09,14,-1.5577240771474532e-11,4037,4155,256,no
57,3,0.029999999999999999,0.01,0.050000000000000003,5,3.5164779527467848e-09,331,1.1088842533650161e-13,4108,4084,4714,no
58,0,-0.02,0.01,0.050000000000000003,0.25,8.0749467870674978e-10,115,-1.1865542800027371e-12,4052,4140,2218,yes
58,1,0,0,0.40000000000000002,0.25,6.0281966410004363e-09,18,2.1204153308303935e-12,4081,4111,5461,yes
58,2,0.029999999999999999,0,0.20000000000000001,1,6.1267031489986736e-09,55,-2.243330145246593e-12,4081,4111,6912,no
58,3,0.029999999999999999,0.01,0.050000000000000003,5,3.4369647461066006e-09,171,3.4128424806973112e-13,4114,4078,256,no
59,0,-0.02,0.01,0.050000000000000003,0.25,7.4302965486087151e-10,135,-5.2803806799046336e-13,4122,4070,512,yes
59,1,0,0,0.40000000000000002,0.25,5.9574945804929326e-09,88,-4.2894399409996829e-12,4096,4096,3925,yes
59,2,0.029999999999999999,0,0.20000000000000001,1,6.4080589236634709e-09,14,-1.128183961788109e-12,4067,4125,2303,no
59,3,0.029999999999999999,0.01,0.050000000000000003,5,3.2925984552285341e-09,189,-3.288355524595198e-12,4116,4076,3498,no
60,0,-0.02,0.01,0.050000000000000003,0.25,8.0733030904398702e-10,180,-1.5148561550566642e-12,4064,4128,3498,no
60,1,0,0,0.40000000000000002,0.25,6.0428951545744556e-09,12,-8.7973950176822323e-12,4038,4154,4607,yes
60,2,0.029999999999999999,0,0.20000000000000001,1,5.9716154681005253e-09,7,1.1269025729573388e-11,4119,4073,2303,no
60,3,0.029999999999999999,0.01,0.050000000000000003,5,3.3005357555839507e-09,98,-1.3882585573821424e-12,4097,4095,7210,no
61,0,-0.02,0.01,0.050000000000000003,0.25,7.3533316953383517e-10,153,1.326925183066175e-12,4156,4036,5973,yes
61,1,0,0,0.40000000000000002,0.25,5.8399514977231076e-09,20,-3.0226336811172541e-12,4116,4076,2218,yes
61,2,0.029999999999999999,0,0.20000000000000001,1,5.4775825187717585e-09,14,-1.0471702820415357e-11,4000,4192,2303,no
61,3,0.029999999999999999,0.01,0.050000000000000003,5,3.3759383145579252e-09,385,-2.3949668874706568e-12,4084,4108,4437,yes
62,0,-0.02,0.01,0.050000000000000003,0.25,7.3894139924914434e-10,47,-1.0053014378988347e-12,4051,4141,4095,yes
62,1,0,0,0.40000000000000002,0.25,6.2353834605577924e-09,1238,3.4341070170463337e-12,4138,4054,256,no
62,2,0.029999999999999999,0,0.20000000000000001,1,6.411119246902572e-09,13,-5.5241897609480893e-12,4021,4171,4864,no
62,3,0.029999999999999999,0.01,0.050000000000000003,5,3.4241080446127574e-09,787,-8.2094053446945762e-12,4052,4140,469,no
63,0,-0.02,0.01,0.050000000000000003,0.25,7.5380020784260267e-10,245,-3.5642830715449365e-13,4048,4144,6912,no
63,1,0,0,0.40000000000000002,0.25,6.3572651834800836e-09,24,-3.5660215070359309e-12,4111,4081,2218,yes
63,2,0.029999999999999999,0,0.20000000000000001,1,6.656134017560596e-09,53,6.0908319936943328e-13,4062,4130,6912,no
63,3,0.029999999999999999,0.01,0.050000000000000003,5,3.3797539977504042e-09,460,-2.2714043548786531e-12,4084,4108,4437,yes
64,0,-0.02,0.01,0.050000000000000003,0.25,7.9391646793774658e-10,371,-2.8127809149802067e-12,3965,4227,512,yes
64,1,0,0,0.40000000000000002,0.25,6.0602934389346356e-09,46,-1.337879532595512e-11,4128,4064,512,yes
64,2,0.029999999999999999,0,0.20000000000000001,1,5.7740687165753351e-09,54,-2.2321003411071596e-11,4040,4152,3925,yes
64,3,0.029999999999999999,0.01,0.050000000000000003,5,3.1578848546255015e-09,95,-3.1189167993811202e-12,4110,4082,981,no
65,0,-0.02,0.01,0.050000000000000003,0.25,7.7645340856441526e-10,150,2.1935866238189304e-13,4122,4070,4864,no
65,1,0,0,0.40000000000000002,0.25,6.3459145765991021e-09,368,-2.2028988419389877e-12,4105,4087,6997,yes
65,2,0.029999999999999999,0,0.20000000000000001,1,5.8299021854326225e-09,26,-5.6047713756094026e-12,4030,4162,4095,yes
65,3,0.029999999999999999,0.01,0.050000000000000003,5,3.3903230280395174e-09,290,-1.8649827485759708e-13,4085,4107,512,yes
66,0,-0.02,0.01,0.050000000000000003,0.25,8.0114261388238868e-10,88,-4.2340022526314848e-13,4087,4105,512,yes
66,1,0,0,0.40000000000000002,0.25,5.6588618803612386e-09,46,-1.0181794468386762e-11,4057,4135,2389,yes
66,2,0.029999999999999999,0,0.20000000000000001,1,5.9863970932751207e-09,13,3.111453819505179e-13,4086,4106,1621,no
66,3,0.029999999999999999,0.01,0.050000000000000003,5,3.2706792614379023e-09,544,-1.3351667730182994e-11,4023,4169,3114,no
67,0,-0.02,0.01,0.050000000000000003,0.25,7.3741481571822912e-10,349,-1.1849215190972306e-13,4164,4028,5461,yes
67,1,0,0,0.40000000000000002,0.25,5.9420986493779432e-09,23,-2.8197593570079902e-12,4093,4099,3498,no
67,2,0.029999999999999999,0,0.20000000000000001,1,5.5387665967902489e-09,7,-6.5762777212611276e-13,4086,4106,4095,yes
67,3,0.029999999999999999,0.01,0.050000000000000003,5,3.0840719189149876e-09,340,4.3648468357584062e-13,4101,4091,7679,yes
68,0,-0.02,0.01,0.050000000000000003,0.25,6.5847107788360459e-10,87,6.2993301804416683e-14,4086,4106,3413,yes
68,1,0,0,0.40000000000000002,0.25,5.8789490626602445e-09,30,-2.2340002540251888e-11,3994,4198,3413,yes
68,2,0.029999999999999999,0,0.20000000000000001,1,5.6199017433864976e-09,7,-7.6194444344444755e-12,4115,4077,5119,yes
68,3,0.029999999999999999,0.01,0.050000000000000003,5,3.2207940298238465e-09,312,-6.205117233503188e-12,4051,4141,2218,yes
69,0,-0.02,0.01,0.050000000000000003,0.25,6.9987419293407016e-10,87,9.8431914916674277e-13,4071,4121,1365,yes
69,1,0,0,0.40000000000000002,0.25,5.7919706001371726e-09,30,4.8060216533602805e-12,4166,4026,2303,no
69,2,0.029999999999999999,0,0.20000000000000001,1,5.8705954218332504e-09,13,8.9895640547527949e-12,4102,4090,3413,yes
69,3,0.029999999999999999,0.01,0.050000000000000003,5,3.2709079447137563e-09,651,4.553187261030908e-12,4118,4074,3413,yes
70,0,-0.02,0.01,0.050000000000000003,0.25,7.1279795160723026e-10,86,1.146981146531785e-12,4085,4107,7680,yes
70,1,0,0,0.40000000000000002,0.25,5.8544408860971459e-09,15,-7.9623583475524895e-12,4086,4106,2218,yes
70,2,0.029999999999999999,0,0.20000000000000001,1,5.9873355153458195e-09,101,-2.4896718074990935e-12,4091,4101,3413,yes
70,3,0.029999999999999999,0.01,0.050000000000000003,5,3.1839092299709967e-09,151,-7.7913296373582346e-12,4025,4167,2218,yes
71,0,-0.02,0.01,0.050000000000000003,0.25,8.0434092169095228e-10,119,2.9307960115879198e-13,4148,4044,2218,yes
71,1,0,0,0.40000000000000002,0.25,5.4352973984052297e-09,11,-7.8639194133092096e-12,4027,4165,4949,yes
71,2,0.029999999999999999,0,0.20000000000000001,1,5.7826160469713771e-09,25,-4.209960333556798e-12,3986,4206,3072,yes
71,3,0.029999999999999999,0.01,0.050000000000000003,5,3.0368301326309486e-09,530,3.6091329541427043e-12,4145,4047,4181,no
72,0,-0.02,0.01,0.050000000000000003,0.25,7.4215149429715405e-10,178,-9.2371849197390066e-14,4089,4103,3413,yes
72,1,0,0,0.40000000000000002,0.25,6.1418580724420791e-09,78,6.6515292138082687e-12,4105,4087,2218,yes
72,2,0.029999999999999999,0,0.20000000000000001,1,5.8645924657116281e-09,13,8.6550107958329473e-12,4125,4067,4607,yes
72,3,0.029999999999999999,0.01,0.050000000000000003,5,3.2231840109354059e-09,744,3.5107071904416408e-12,4172,4020,6912,no
73,0,-0.02,0.01,0.050000000000000003,0.25,6.6063095749884505e-10,3938,-3.8206255568367822e-13,4044,4148,3584,yes
73,1,0,0,0.40000000000000002,0.25,5.8697510589237459e-09,6,-7.2173062599431819e-12,4017,4175,3413,yes
73,2,0.029999999999999999,0,0.20000000000000001,1,5.6514723304982431e-09,6,-1.7096563682314744e-12,4139,4053,3413,yes
73,3,0.029999999999999999,0.01,0.050000000000000003,5,3.2997059962169895e-09,135,-3.7728772224345233e-12,4074,4118,4181,no
74,0,-0.02,0.01,0.050000000000000003,0.25,7.1433335006046958e-10,360,-5.3781504829627568e-13,4097,4095,3072,yes
74,1,0,0,0.40000000000000002,0.25,6.0133507253204584e-09,5,-8.4133986908010037e-12,4053,4139,4437,yes
74,2,0.029999999999999999,0,0.20000000000000001,1,5.1657558446427884e-09,10,-2.6294697994113258e-12,4047,4145,1365,yes
74,3,0.029999999999999999,0.01,0.050000000000000003,5,2.858680857200755e-09,68,3.8110619590472084e-12,4192,4000,5973,yes
75,0,-0.02,0.01,0.050000000000000003,0.25,7.1266656417933631e-10,115,-2.872122544904538e-13,4049,4143,6997,yes
75,1,0,0,0.40000000000000002,0.25,5.3809792226767846e-09,6,-7.9786398639915176e-12,4053,4139,7679,yes
75,2,0.029999999999999999,0,0.20000000000000001,1,5.416398679776894e-09,9,-6.9810073318511598e-12,4064,4128,4095,yes
75,3,0.029999999999999999,0.01,0.050000000000000003,5,3.2893378224578331e-09,336,-5.4310938994400494e-12,4056,4136,512,yes
76,0,-0.02,0.01,0.050000000000000003,0.25,7.0783221000816835e-10,115,-1.9853323446189065e-12,3967,4225,5461,yes
76,1,0,0,0.40000000000000002,0.25,5.6415525549713288e-09,57,-8.7422472310102252e-12,4085,4107,2048,yes
76,2,0.029999999999999999,0,0.20000000000000001,1,5.643007585929506e-09,19,-5.6996792973015086e-12,4027,4165,6997,yes
76,3,0.029999999999999999,0.01,0.050000000000000003,5,3.0908093185366239e-09,157,1.0404735504335711e-12,4118,4074,2218,yes
77,0,-0.02,0.01,0.050000000000000003,0.25,6.7957651701080445e-10,130,-1.0656066424339027e-12,4059,4133,7679,yes
77,1,0,0,0.40000000000000002,0.25,5.7267797113608259e-09,9,-3.4994147407176427e-12,4057,4135,5119,yes
77,2,0.029999999999999999,0,0.20000000000000001,1,5.5609604460544369e-09,38,3.1848286958100951e-12,4092,4100,4437,yes
77,3,0.029999999999999999,0.01,0.050000000000000003,5,3.230919178356538e-09,91,-1.8237413428141162e-12,4099,4093,512,yes
78,0,-0.02,0.01,0.050000000000000003,0.25,7.0720079537757075e-10,220,-4.7068820727267643e-13,4063,4129,3072,yes
78,1,0,0,0.40000000000000002,0.25,5.3645808910610727e-09,13,-3.7630631675272362e-12,4096,4096,3413,yes
78,2,0.029999999999999999,0,0.20000000000000001,1,5.382016231033546e-09,2389,3.5573266779879045e-12,4100,4092,2048,yes
78,3,0.029999999999999999,0.01,0.050000000000000003,5,3.1526320530864337e-09,195,1.7742885582057693e-12,4144,4048,1621,no
79,0,-0.02,0.01,0.050000000000000003,0.25,7.1518273323297749e-10,85,-1.3787921592843921e-12,4089,4103,341,yes
79,1,0,0,0.40000000000000002,0.25,6.0479332954458447e-09,26,-6.7578798863979552e-12,4105,4087,4437,yes
79,2,0.029999999999999999,0,0.20000000000000001,1,4.7944590211747497e-09,37,-9.9562936424649525e-12,4087,4105,6997,yes
79,3,0.029999999999999999,0.01,0.050000000000000003,5,3.0841685936428739e-09,146,-1.7667443014174584e-12,4054,4138,2218,yes
80,0,-0.02,0.01,0.050000000000000003,0.25,7.2980859060305283e-10,85,2.0958876522005828e-13,4103,4089,3413,yes
80,1,0,0,0.40000000000000002,0.25,5.5742028177412251e-09,104,1.3207795589595457e-12,4098,4094,7680,yes
80,2,0.029999999999999999,0,0.20000000000000001,1,5.1054858283155283e-09,18,-9.9700983958575455e-12,4055,4137,2048,yes
80,3,0.029999999999999999,0.01,0.050000000000000003,5,2.8192590181929617e-09,181,-1.1810023808304938e-11,3999,4193,3072,yes
81,0,-0.02,0.01,0.050000000000000003,0.25,6.151604403138204e-10,1267,-5.9133148767466718e-13,4089,4103,2389,yes
81,1,0,0,0.40000000000000002,0.25,5.0488385419216492e-09,26,-6.1061210843932524e-12,4070,4122,8191,yes
81,2,0.029999999999999999,0,0.20000000000000001,1,5.7085198484328749e-09,9,3.1441600122688977e-12,4096,4096,341,yes
81,3,0.029999999999999999,0.01,0.050000000000000003,5,3.0876133410319618e-09,375,2.1240028418307282e-12,4114,4078,3413,yes
82,0,-0.02,0.01,0.050000000000000003,0.25,6.2686053887621141e-10,172,2.2239086841727462e-13,4100,4092,5461,yes
82,1,0,0,0.40000000000000002,0.25,5.468788285071072e-09,19,-2.3074235950655024e-12,4033,4159,341,yes
82,2,0.029999999999999999,0,0.20000000000000001,1,5.8180342505518764e-09,15,-1.4322347847534912e-12,4089,4103,341,yes
82,3,0.029999999999999999,0.01,0.050000000000000003,5,3.1728296266161835e-09,300,-1.6136664768456228e-12,4126,4066,6997,yes
83,0,-0.02,0.01,0.050000000000000003,0.25,6.2789018365506769e-10,85,-1.2560421114076429e-12,4062,4130,5119,yes
83,1,0,0,0.40000000000000002,0.25,5.6378306388088356e-09,38,-1.2069053818381391e-11,4098,4094,4095,yes
83,2,0.029999999999999999,0,0.20000000000000001,1,4.5537359337122372e-09,15,9.3716842554820946e-12,4117,4075,511,yes
83,3,0.029999999999999999,0.01,0.050000000000000003,5,2.6389043506397458e-09,325,2.0462826799393987e-12,4062,4130,4522,no
84,0,-0.02,0.01,0.050000000000000003,0.25,6.5746193918790838e-10,321,-1.1936839879384451e-12,4056,4136,2048,yes
84,1,0,0,0.40000000000000002,0.25,4.6761957612117594e-09,76,7.5012222863831321e-12,4127,4065,5119,yes
84,2,0.029999999999999999,0,0.20000000000000001,1,5.4766392234048686e-09,15,4.4165925125524048e-12,4069,4123,2389,yes
84,3,0.029999999999999999,0.01,0.050000000000000003,5,3.083060852098971e-09,306,4.5328432600010974e-12,4111,4081,3498,no
85,0,-0.02,0.01,0.050000000000000003,0.25,5.8170365899340126e-10,122,4.2339841373726026e-13,4149,4043,6826,yes
85,1,0,0,0.40000000000000002,0.25,4.9642455057261606e-09,302,-5.7341275046660484e-12,4005,4187,4095,yes
85,2,0.029999999999999999,0,0.20000000000000001,1,4.6950350740013738e-09,30,-5.1779474026922679e-12,3998,4194,4095,yes
85,3,0.029999999999999999,0.01,0.050000000000000003,5,3.2562776949486983e-09,57,4.0779300872380753e-13,4127,4065,512,yes
86,0,-0.02,0.01,0.050000000000000003,0.25,6.479873747569719e-10,74,-1.0099505045576371e-12,4024,4168,5119,yes
86,1,0,0,0.40000000000000002,0.25,5.4043377698160728e-09,75,-6.6299025664811827e-12,4078,4114,4095,yes
86,2,0.029999999999999999,0,0.20000000000000001,1,4.6146716578741422e-09,59,6.4306500729066969e-12,4179,4013,4437,yes
86,3,0.029999999999999999,0.01,0.050000000000000003,5,3.2926722313018485e-09,144,4.8801270164278872e-12,4118,4074,2218,yes
87,0,-0.02,0.01,0.050000000000000003,0.25,7.4539391622180647e-10,2359,2.8717134943863904e-13,4138,4054,3413,yes
87,1,0,0,0.40000000000000002,0.25,5.1174592746316871e-09,37,-7.0199608329464929e-12,4065,4127,4437,yes
87,2,0.029999999999999999,0,0.20000000000000001,1,4.9355603342771014e-09,232,-6.8577520448783297e-12,4000,4192,4437,yes
87,3,0.029999999999999999,0.01,0.050000000000000003,5,2.9855276187951662e-09,624,2.0983588970397051e-12,4150,4042,3925,yes
88,0,-0.02,0.01,0.050000000000000003,0.25,5.6209808769540587e-10,171,7.4776295773771327e-13,4066,4126,1023,yes
88,1,0,0,0.40000000000000002,0.25,4.3105142534659839e-09,19,-3.8366536111840081e-13,4046,4146,3199,no
88,2,0.029999999999999999,0,0.20000000000000001,1,4.3786245186206811e-09,58,-1.8138060891832005e-12,4089,4103,3413,yes
88,3,0.029999999999999999,0.01,0.050000000000000003,5,2.9603277380242908e-09,147,-7.8925339353422275e-12,4015,4177,3669,no
89,0,-0.02,0.01,0.050000000000000003,0.25,6.0592678736980198e-10,340,5.0152333387340127e-13,4110,4082,5119,yes
89,1,0,0,0.40000000000000002,0.25,4.6035611917645089e-09,70,-5.6933599026390309e-13,4147,4045,2048,yes
89,2,0.029999999999999999,0,0.20000000000000001,1,5.4768667889563858e-09,29,2.8508517538658724e-12,4134,4058,3072,yes
89,3,0.029999999999999999,0.01,0.050000000000000003,5,2.8010831237221654e-09,56,1.4149637257275768e-12,4130,4062,4607,yes
90,0,-0.02,0.01,0.050000000000000003,0.25,5.2742061943530819e-10,604,-8.6164780920624055e-13,4050,4142,4095,yes
90,1,0,0,0.40000000000000002,0.25,5.365052646812451e-09,139,-7.5892749628551376e-12,4078,4114,3413,yes
90,2,0.029999999999999999,0,0.20000000000000001,1,4.7335492623693105e-09,29,4.3146230433495898e-12,4142,4050,5461,yes
90,3,0.029999999999999999,0.01,0.050000000000000003,5,3.129136697134507e-09,287,2.3683532093819858e-13,4040,4152,2218,yes
91,0,-0.02,0.01,0.050000000000000003,0.25,5.9530692237248181e-10,150,-9.928295962155322e-14,4102,4090,2048,yes
91,1,0,0,0.40000000000000002,0.25,4.91280789406551e-09,34,-7.0966944764376677e-12,4027,4165,6826,yes
91,2,0.029999999999999999,0,0.20000000000000001,1,4.6567711223069797e-09,14,-1.028339537959487e-11,4056,4136,3072,yes
91,3,0.029999999999999999,0.01,0.050000000000000003,5,3.001668670050325e-09,364,-5.4555743963011503e-12,4064,4128,2218,yes
92,0,-0.02,0.01,0.050000000000000003,0.25,6.0491761718677514e-10,522,7.8548690533958634e-15,4034,4158,4778,yes
92,1,0,0,0.40000000000000002,0.25,5.0052178986021276e-09,20,-5.2584292859251493e-13,4028,4164,5461,yes
92,2,0.029999999999999999,0,0.20000000000000001,1,5.3230930504487775e-09,14,6.2501812576022028e-12,4116,4076,3413,yes
92,3,0.029999999999999999,0.01,0.050000000000000003,5,2.616266528503879e-09,187,3.5372087262988946e-12,4119,4073,2048,yes
93,0,-0.02,0.01,0.050000000000000003,0.25,6.7656420030442416e-10,80,-2.7606044574466914e-13,4050,4142,2389,yes
93,1,0,0,0.40000000000000002,0.25,5.1578156010687353e-09,20,1.9955424502394948e-12,4115,4077,4095,yes
93,2,0.029999999999999999,0,0.20000000000000001,1,5.4634058208644392e-09,14,-4.2635063845385187e-12,4066,4126,4095,yes
93,3,0.029999999999999999,0.01,0.050000000000000003,5,2.8984554942476253e-09,185,-3.3382721973628955e-13,4085,4107,5461,yes
94,0,-0.02,0.01,0.050000000000000003,0.25,7.0814835408861663e-10,158,1.643369365054686e-13,4085,4107,3413,yes
94,1,0,0,0.40000000000000002,0.25,4.6121760595878464e-09,40,3.0170282112771162e-12,4044,4148,1023,yes
94,2,0.029999999999999999,0,0.20000000000000001,1,5.5851512989529154e-09,9,-2.6839947757486779e-12,4091,4101,3413,yes
94,3,0.029999999999999999,0.01,0.050000000000000003,5,2.6622911835918773e-09,134,-2.2000261958130501e-13,4095,4097,4778,yes
95,0,-0.02,0.01,0.050000000000000003,0.25,5.2176521448497278e-10,101,-7.3396574354925346e-13,4115,4077,6527,no
95,1,0,0,0.40000000000000002,0.25,5.1301668680504712e-09,317,-1.8476427983602531e-12,4041,4151,3413,yes
95,2,0.029999999999999999,0,0.20000000000000001,1,5.300610126154223e-09,18,-2.564871158396768e-12,4104,4088,2389,yes
95,3,0.029999999999999999,0.01,0.050000000000000003,5,2.6335165421169625e-09,230,-6.2923117767166412e-14,4117,4075,4778,yes
96,0,-0.02,0.01,0.050000000000000003,0.25,6.6743320000622735e-10,102,-8.3636805177832804e-13,4078,4114,4095,yes
96,1,0,0,0.40000000000000002,0.25,4.9111982968570442e-09,79,-1.4311674849813488e-11,4015,4177,4778,yes
96,2,0.029999999999999999,0,0.20000000000000001,1,5.2167885166527481e-09,18,4.1392783186206586e-13,4101,4091,4778,yes
96,3,0.029999999999999999,0.01,0.050000000000000003,5,3.0067499433039715e-09,419,5.3486767172627459e-13,4102,4090,3413,yes
97,0,-0.02,0.01,0.050000000000000003,0.25,5.3227671362400945e-10,228,-6.8702132201466039e-13,4077,4115,4864,no
97,1,0,0,0.40000000000000002,0.25,4.8344258038436251e-09,20,-8.6314050541746474e-13,4066,4126,4095,yes
97,2,0.029999999999999999,0,0.20000000000000001,1,4.18114053741142e-09,36,-1.6308319713701456e-12,4078,4114,3199,no
97,3,0.029999999999999999,0.01,0.050000000000000003,5,2.7349194213882487e-09,64,-2.290598411650802e-12,4103,4089,3925,yes
98,0,-0.02,0.01,0.050000000000000003,0.25,5.545791560298983e-10,114,-8.7917757224012064e-14,4094,4098,5461,yes
98,1,0,0,0.40000000000000002,0.25,4.3563504277562683e-09,25,-9.0857201827413383e-12,4071,4121,1365,yes
98,2,0.029999999999999999,0,0.20000000000000001,1,4.7976765562949169e-09,568,5.3605715047167304e-13,4081,4111,2048,yes
98,3,0.029999999999999999,0.01,0.050000000000000003,5,2.5714593575904454e-09,13423,3.3951591506318415e-13,4064,4128,341,yes
99,0,-0.02,0.01,0.050000000000000003,0.25,5.8747053676700507e-10,434,-1.0192072584414869e-13,4050,4142,0,yes
99,1,0,0,0.40000000000000002,0.25,4.2952486270297954e-09,24,-2.6018395534653372e-12,4040,4152,5461,yes
99,2,0.029999999999999999,0,0.20000000000000001,1,4.3972410576406759e-09,71,-9.240678337732857e-12,4099,4093,4096,yes
99,3,0.029999999999999999,0.01,0.050000000000000003,5,2.7794936981140892e-09,279,2.3069870500160285e-12,4168,4024,5119,yes
100,0,-0.02,0.01,0.050000000000000003,0.25,5.2698245358116693e-10,108,2.9565483746548774e-13,4126,4066,1365,yes
100,1,0,0,0.40000000000000002,0.25,3.9244769548903786e-09,49,1.772615526966801e-12,4031,4161,6912,no
100,2,0.029999999999999999,0,0.20000000000000001,1,5.43808648056311e-09,17,-7.1547016918318907e-12,4072,4120,4095,yes
100,3,0.029999999999999999,0.01,0.050000000000000003,5,2.618226532685415e-09,727,-3.2954007767517469e-12,4084,4108,2048,yes
101,0,-0.02,0.01,0.050000000000000003,0.25,5.9848599240249624e-10,140,-6.2297265932870917e-13,4090,4102,4096,yes
101,1,0,0,0.40000000000000002,0.25,4.153491449932911e-09,774,1.8411881344397303e-12,4114,4078,4095,yes
101,2,0.029999999999999999,0,0.20000000000000001,1,5.4307039286884599e-09,17,-7.1158258155442071e-12,4081,4111,1365,yes
101,3,0.029999999999999999,0.01,0.050000000000000003,5,2.905094022012581e-09,142,-4.0910795965970347e-12,4131,4061,3413,yes
102,0,-0.02,0.01,0.050000000000000003,0.25,5.8713938137941025e-10,54,1.2242996943463876e-13,4124,4068,4096,yes
102,1,0,0,0.40000000000000002,0.25,4.135921467526529e-09,96,-5.4676739207785012e-12,4043,4149,4864,no
102,2,0.029999999999999999,0,0.20000000000000001,1,5.4911584577406257e-09,9,-4.6404814395998171e-12,4043,4149,1365,yes
102,3,0.029999999999999999,0.01,0.050000000000000003,5,2.9022328105583065e-09,281,9.7199248177891061e-14,4137,4055,5461,yes
103,0,-0.02,0.01,0.050000000000000003,0.25,6.8679857527494461e-10,214,2.4661341495156355e-13,4094,4098,1365,yes
103,1,0,0,0.40000000000000002,0.25,4.7376890103244806e-09,48,-2.6715302926653328e-12,4062,4130,1365,yes
103,2,0.029999999999999999,0,0.20000000000000001,1,3.9559443831569968e-09,9,3.3739116321748011e-12,4110,4082,7616,no
103,3,0.029999999999999999,0.01,0.050000000000000003,5,2.869507441142143e-09,91,-1.85543274776104e-12,4076,4116,5119,yes
104,0,-0.02,0.01,0.050000000000000003,0.25,6.4550070115417256e-10,54,-6.8918909882843012e-14,4112,4080,3413,yes
104,1,0,0,0.40000000000000002,0.25,4.9965347674462323e-09,24,-1.1753224041774416e-11,4044,4148,8191,yes
104,2,0.029999999999999999,0,0.20000000000000001,1,4.8620836229052583e-09,9,4.2773139663638335e-12,4146,4046,4096,yes
104,3,0.029999999999999999,0.01,0.050000000000000003,5,2.9055223681552095e-09,948,-4.0524737958674182e-12,4064,4128,4437,yes
105,0,-0.02,0.01,0.050000000000000003,0.25,6.9332478097870856e-10,26,-6.6590356343317026e-14,4118,4074,3413,yes
105,1,0,0,0.40000000000000002,0.25,3.8902766548092265e-09,24,2.7706347367231554e-12,4075,4117,4181,no
105,2,0.029999999999999999,0,0.20000000000000001,1,5.1277176817437118e-09,9,1.5772282519779591e-12,4045,4147,4778,yes
105,3,0.029999999999999999,0.01,0.050000000000000003,5,2.7746553374568853e-09,316,-1.0271018042986208e-12,4090,4102,5119,yes
106,0,-0.02,0.01,0.050000000000000003,0.25,5.7331082395133031e-10,16,2.2750202596984743e-13,4150,4042,6826,yes
106,1,0,0,0.40000000000000002,0.25,4.7306623434116324e-09,27,-2.5183745499933284e-12,4082,4110,3413,yes
106,2,0.029999999999999999,0,0.20000000000000001,1,4.8895395498019447e-09,9,-8.1377545113457509e-12,3993,4199,5461,yes
106,3,0.029999999999999999,0.01,0.050000000000000003,5,2.9143018468270273e-09,89,-6.4159140158468748e-12,4100,4092,3413,yes
107,0,-0.02,0.01,0.050000000000000003,0.25,6.1186040566020939e-10,61,-1.3711850149781894e-13,4078,4114,4095,yes
107,1,0,0,0.40000000000000002,0.25,5.1934437258318122e-09,54,4.0161216778834717e-12,4078,4114,1365,yes
107,2,0.029999999999999999,0,0.20000000000000001,1,4.2691508904619005e-09,18,-3.2620343271215217e-13,4095,4097,4095,yes
107,3,0.029999999999999999,0.01,0.050000000000000003,5,2.1763270029855603e-09,103,1.7097868585894943e-13,4076,4116,8191,yes
108,0,-0.02,0.01,0.050000000000000003,0.25,6.05423543526488e-10,60,-2.9387288065068369e-13,4053,4139,8191,yes
108,1,0,0,0.40000000000000002,0.25,3.9629777026604205e-09,107,-2.5885499557935414e-12,4050,4142,5568,no
108,2,0.029999999999999999,0,0.20000000000000001,1,4.6183968546314532e-09,17,-1.1675963232575155e-12,4099,4093,4095,yes
108,3,0.029999999999999999,0.01,0.050000000000000003,5,2.6736106200050381e-09,397,-1.0628072299186712e-12,4080,4112,5461,yes
109,0,-0.02,0.01,0.050000000000000003,0.25,5.0371298860827895e-10,30,1.1663952470368687e-12,4133,4059,512,yes
109,1,0,0,0.40000000000000002,0.25,4.1494595970862114e-09,26,1.7496848635224887e-12,4029,4163,1365,yes
109,2,0.029999999999999999,0,0.20000000000000001,1,4.388414383817433e-09,35,-4.4693265534299805e-12,4113,4079,2730,yes
109,3,0.029999999999999999,0.01,0.050000000000000003,5,2.2203719922913323e-09,158,-1.0826361898191981e-12,4072,4120,0,yes
110,0,-0.02,0.01,0.050000000000000003,0.25,6.3315971712926163e-10,59,1.6186776258282923e-13,4142,4050,5461,yes
110,1,0,0,0.40000000000000002,0.25,4.4635012918844493e-09,15,8.1034333714337337e-12,4089,4103,4096,yes
110,2,0.029999999999999999,0,0.20000000000000001,1,5.0675785235998971e-09,70,-7.024132495201261e-12,4086,4106,1365,yes
110,3,0.029999999999999999,0.01,0.050000000000000003,5,2.9496498299925085e-09,241,8.5625948805037078e-13,4076,4116,3413,yes
111,0,-0.02,0.01,0.050000000000000003,0.25,5.3094427868161355e-10,18,7.7520740606920321e-13,4137,4055,5461,yes
111,1,0,0,0.40000000000000002,0.25,4.1157138959579729e-09,30,-1.0794609026943067e-12,4081,4111,2218,yes
111,2,0.029999999999999999,0,0.20000000000000001,1,4.4718364555809523e-09,561,5.9215790360589217e-12,4134,4058,6826,yes
111,3,0.029999999999999999,0.01,0.050000000000000003,5,2.1988516207140429e-09,271,8.6478114779549697e-13,4105,4087,3754,yes
112,0,-0.02,0.01,0.050000000000000003,0.25,5.8821370275100897e-10,589,-8.3378830287350285e-13,4056,4136,5461,yes
112,1,0,0,0.40000000000000002,0.25,4.6521010223455439e-09,30,-7.3712604747346615e-12,4088,4104,4095,yes
112,2,0.029999999999999999,0,0.20000000000000001,1,5.3273539468300344e-09,70,-5.291351313167133e-12,4052,4140,1365,yes
112,3,0.029999999999999999,0.01,0.050000000000000003,5,2.3785416408986087e-09,594,-3.1651178350249987e-12,4056,4136,682,yes
113,0,-0.02,0.01,0.050000000000000003,0.25,6.3354279752304687e-10,28,-4.1941625426929444e-14,4078,4114,5461,yes
113,1,0,0,0.40000000000000002,0.25,4.180675551253997e-09,61,1.6767601065054687e-12,4030,4162,5461,yes
113,2,0.029999999999999999,0,0.20000000000000001,1,4.0049833671020946e-09,35,4.4794001709753104e-12,4096,4096,3199,no
113,3,0.029999999999999999,0.01,0.050000000000000003,5,2.574253191468463e-09,5149,-2.8705980022166369e-12,4097,4095,341,yes
114,0,-0.02,0.01,0.050000000000000003,0.25,5.1738985108639209e-10,111,-2.2384225873059378e-13,4072,4120,1365,yes
114,1,0,0,0.40000000000000002,0.25,4.5492232873007873e-09,121,-2.3540097213883229e-12,4066,4126,4095,yes
114,2,0.029999999999999999,0,0.20000000000000001,1,4.1208640950718852e-09,17,-2.2611395653784288e-12,4134,4058,5461,yes
114,3,0.029999999999999999,0.01,0.050000000000000003,5,2.8477400731522369e-09,1351,1.1686165965444623e-12,4093,4099,3413,yes
115,0,-0.02,0.01,0.050000000000000003,0.25,5.0444649051242125e-10,56,-7.1674254628242493e-13,4074,4118,3178,no
115,1,0,0,0.40000000000000002,0.25,3.9556341876894258e-09,482,-1.2935296201358443e-11,4045,4147,3199,no
115,2,0.029999999999999999,0,0.20000000000000001,1,4.8382856361706636e-09,18,-1.1973074579533199e-11,4064,4128,1365,yes
115,3,0.029999999999999999,0.01,0.050000000000000003,5,2.437125330773413e-09,608,3.0500618505683749e-13,4100,4092,5461,yes
116,0,-0.02,0.01,0.050000000000000003,0.25,6.185552835333802e-10,29,1.9180071473249502e-13,4114,4078,8191,yes
116,1,0,0,0.40000000000000002,0.25,3.9548687500824608e-09,119,3.3658296192816181e-12,4033,4159,4181,no
116,2,0.029999999999999999,0,0.20000000000000001,1,4.3518137439040007e-09,17,-2.3130582961907119e-12,4062,4130,8191,yes
116,3,0.029999999999999999,0.01,0.050000000000000003,5,2.3979340664664721e-09,263,-8.0038295813269122e-13,4069,4123,682,yes
117,0,-0.02,0.01,0.050000000000000003,0.25,4.8128082145611628e-10,29,-9.993678903001955e-13,4033,4159,512,yes
117,1,0,0,0.40000000000000002,0.25,4.2158871930755949e-09,60,3.362104124683187e-12,4061,4131,4096,yes
117,2,0.029999999999999999,0,0.20000000000000001,1,4.8599340495596378e-09,11,-3.9112167098167543e-12,4078,4114,1365,yes
117,3,0.029999999999999999,0.01,0.050000000000000003,5,2.7359254070044152e-09,213,-1.3131032167796988e-12,4037,4155,5461,yes
118,0,-0.02,0.01,0.050000000000000003,0.25,5.4519618218238161e-10,58,-3.8067790465237998e-13,4095,4097,1365,yes
118,1,0,0,0.40000000000000002,0.25,4.4710552316746881e-09,29,5.3184974299458074e-12,4127,4065,2730,yes
118,2,0.029999999999999999,0,0.20000000000000001,1,4.3415406884965267e-09,11,2.0322811071224634e-13,4038,4154,4096,yes
118,3,0.029999999999999999,0.01,0.050000000000000003,5,2.4282242675973388e-09,151,-5.7966048019296963e-13,4084,4108,8191,yes
119,0,-0.02,0.01,0.050000000000000003,0.25,5.2732214935557694e-10,232,-4.5264898707681568e-13,4099,4093,2730,yes
119,1,0,0,0.40000000000000002,0.25,3.8879054322315809e-09,30,-2.6691409585289343e-12,4080,4112,149,no
119,2,0.029999999999999999,0,0.20000000000000001,1,4.8005557575665016e-09,11,1.7611485100865211e-12,4074,4118,4096,yes
119,3,0.029999999999999999,0.01,0.050000000000000003,5,2.6010680926972366e-09,74,7.142424776229631e-13,4101,4091,5461,yes
120,0,-0.02,0.01,0.050000000000000003,0.25,5.7517784181033033e-10,116,-1.9438024428631027e-13,4112,4080,5461,yes
120,1,0,0,0.40000000000000002,0.25,4.0054572522205824e-09,29,3.6732619466377287e-12,4090,4102,2218,yes
120,2,0.029999999999999999,0,0.20000000000000001,1,3.868859680571452e-09,11,6.7976238269622286e-12,4096,4096,3199,no
120,3,0.029999999999999999,0.01,0.050000000000000003,5,2.5014993580103777e-09,132,-9.191851143638155e-12,3984,4208,3413,yes
121,0,-0.02,0.01,0.050000000000000003,0.25,4.9835965264773909e-10,96,-2.6065336284993965e-13,4033,4159,4864,no
121,1,0,0,0.40000000000000002,0.25,4.0282075662728551e-09,15,2.9962638809098235e-12,4113,4079,8191,yes
121,2,0.029999999999999999,0,0.20000000000000001,1,3.9026372557965951e-09,11,3.6186687863024946e-12,4080,4112,3178,no
121,3,0.029999999999999999,0.01,0.050000000000000003,5,2.6260617238464198e-09,267,-2.3717266278377596e-12,4054,4138,1365,yes
122,0,-0.02,0.01,0.050000000000000003,0.25,4.6391706186723059e-10,382,6.0207782561751004e-13,4100,4092,1621,no
122,1,0,0,0.40000000000000002,0.25,3.7675931413009265e-09,14,-9.4724056889833418e-12,4074,4118,2197,no
122,2,0.029999999999999999,0,0.20000000000000001,1,4.1759804214883607e-09,21,6.5168250837449492e-12,4093,4099,5461,yes
122,3,0.029999999999999999,0.01,0.050000000000000003,5,1.7517846684714131e-09,237,2.3212728858495115e-13,4098,4094,6997,yes
123,0,-0.02,0.01,0.050000000000000003,0.25,4.7617639604628284e-10,47,-3.0336586657604225e-13,4053,4139,1855,no
123,1,0,0,0.40000000000000002,0.25,3.6778001292349698e-09,23,-2.0040846158920386e-12,4088,4104,6997,yes
123,2,0.029999999999999999,0,0.20000000000000001,1,3.5097652019674972e-09,21,-6.6446503253714988e-12,4097,4095,4714,no
123,3,0.029999999999999999,0.01,0.050000000000000003,5,2.5169026602317472e-09,118,-5.3461886279478183e-12,4039,4153,8191,yes
124,0,-0.02,0.01,0.050000000000000003,0.25,6.0182421284011423e-10,49,-1.0005368456545675e-13,4067,4125,8191,yes
124,1,0,0,0.40000000000000002,0.25,4.5090034829252099e-09,14,-1.7200341467145749e-12,4056,4136,8191,yes
124,2,0.029999999999999999,0,0.20000000000000001,1,4.2688968816571569e-09,21,6.3414520474574211e-13,4147,4045,8191,yes
124,3,0.029999999999999999,0.01,0.050000000000000003,5,2.8509341796138376e-09,168,-4.2300099148182264e-12,4091,4101,3413,yes
125,0,-0.02,0.01,0.050000000000000003,0.25,4.6517401841547037e-10,97,1.6432408169923771e-13,4139,4053,6399,no
125,1,0,0,0.40000000000000002,0.25,4.8455804854640613e-09,14,4.9965501702485784e-12,4103,4089,8191,yes
125,2,0.029999999999999999,0,0.20000000000000001,1,5.3800584697096366e-09,42,-6.430844224093489e-13,4073,4119,5461,yes
125,3,0.029999999999999999,0.01,0.050000000000000003,5,2.3752421961516208e-09,240,1.2721837663192288e-14,4074,4118,4096,yes
126,0,-0.02,0.01,0.050000000000000003,0.25,4.9161746387553117e-10,24,2.4519991783318744e-13,4094,4098,6912,no
126,1,0,0,0.40000000000000002,0.25,4.0994082651259317e-09,19,-3.8994792133417463e-14,4089,4103,5461,yes
126,2,0.029999999999999999,0,0.20000000000000001,1,3.7376723526779483e-09,85,9.338091121175685e-12,4174,4018,2197,no
126,3,0.029999999999999999,0.01,0.050000000000000003,5,2.5975309991036838e-09,239,-2.4971295337998755e-13,4082,4110,5461,yes
127,0,-0.02,0.01,0.050000000000000003,0.25,6.0182708490971315e-10,37,-1.1948131344939557e-12,4064,4128,5461,yes
127,1,0,0,0.40000000000000002,0.25,4.4537259665654317e-09,19,-1.0278970429994333e-11,4008,4184,2730,yes
127,2,0.029999999999999999,0,0.20000000000000001,1,4.271827026210846e-09,171653,-1.2303391232293148e-11,4000,4192,2730,yes
127,3,0.029999999999999999,0.01,0.050000000000000003,5,2.377463627107708e-09,288,9.8737937355857635e-13,4120,4072,4778,yes
128,0,-0.02,0.01,0.050000000000000003,0.25,4.7264454571925827e-10,26,-6.5505485904099786e-14,4093,4099,6527,no
128,1,0,0,0.40000000000000002,0.25,3.6356372134703976e-09,19,-4.6732248860131647e-12,4026,4166,6527,no
128,2,0.029999999999999999,0,0.20000000000000001,1,5.0960103816863906e-09,83,-1.0919888838206535e-12,4126,4066,5461,yes
128,3,0.029999999999999999,0.01,0.050000000000000003,5,2.1927079628885788e-09,287,1.2387193837758636e-13,4105,4087,8191,yes
129,0,-0.02,0.01,0.050000000000000003,0.25,4.9041992276863286e-10,51,-1.4741421513377958e-12,4068,4124,0,yes
129,1,0,0,0.40000000000000002,0.25,4.4914716701426057e-09,38,-3.976736905919222e-12,4079,4113,5461,yes
129,2,0.029999999999999999,0,0.20000000000000001,1,3.8451485651879716e-09,42,7.1788118010899659e-12,4128,4064,4181,no
129,3,0.029999999999999999,0.01,0.050000000000000003,5,2.4141264995424549e-09,176,-4.0172847100824147e-12,4029,4163,1365,yes
130,0,-0.02,0.01,0.050000000000000003,0.25,5.5618173650646279e-10,407,-3.473091544036999e-13,4055,4137,0,yes
130,1,0,0,0.40000000000000002,0.25,3.8097192533825017e-09,75,-9.8701060717496336e-12,4058,4134,6527,no
130,2,0.029999999999999999,0,0.20000000000000001,1,3.8163884109944924e-09,41,1.6924157016176181e-12,4059,4133,3199,no
130,3,0.029999999999999999,0.01,0.050000000000000003,5,2.4364836523330217e-09,266,-1.0660572885498288e-12,4109,4083,3413,yes
131,0,-0.02,0.01,0.050000000000000003,0.25,4.7310425503960539e-10,102,-7.1408384883677363e-13,4023,4169,6527,no
131,1,0,0,0.40000000000000002,0.25,3.6580564126248559e-09,150,-2.487805971065497e-12,4078,4114,469,no
131,2,0.029999999999999999,0,0.20000000000000001,1,3.8672090284787991e-09,21,3.9873061420923807e-12,4094,4098,4714,no
131,3,0.029999999999999999,0.01,0.050000000000000003,5,2.0371948475492698e-09,530,1.9228651982991282e-12,4073,4119,4714,no
132,0,-0.02,0.01,0.050000000000000003,0.25,4.7944664813412549e-10,50,5.9411321658571545e-14,4069,4123,4714,no
132,1,0,0,0.40000000000000002,0.25,3.4819389752231338e-09,150,6.6959001091883068e-13,4053,4139,1621,no
132,2,0.029999999999999999,0,0.20000000000000001,1,3.7701620672580386e-09,20,-1.8607574484208354e-12,4101,4091,4864,no
132,3,0.029999999999999999,0.01,0.050000000000000003,5,2.4866329541741406e-09,222,2.9994387185001063e-12,4126,4066,4778,yes
133,0,-0.02,0.01,0.050000000000000003,0.25,4.6962240786521833e-10,25,-1.6427525172066902e-13,4083,4109,4714,no
133,1,0,0,0.40000000000000002,0.25,3.5864995532649086e-09,75,-4.6001984886874671e-12,4100,4092,512,yes
133,2,0.029999999999999999,0,0.20000000000000001,1,3.7624010300871914e-09,20,5.2430110920635554e-12,4109,4083,3199,no
133,3,0.029999999999999999,0.01,0.050000000000000003,5,2.552118182521813e-09,65,-9.6767707488449721e-13,4056,4136,5461,yes
134,0,-0.02,0.01,0.050000000000000003,0.25,4.6839549478051119e-10,25,1.5412649344927319e-13,4090,4102,4864,no
134,1,0,0,0.40000000000000002,0.25,3.8613972301143703e-09,37,-2.1095087570691579e-12,4067,4125,5568,no
134,2,0.029999999999999999,0,0.20000000000000001,1,3.7005827358020123e-09,11,-2.1207003324854074e-14,4069,4123,42,no
134,3,0.029999999999999999,0.01,0.050000000000000003,5,2.6233256020556192e-09,714,9.2405993642003014e-13,4036,4156,4095,yes
135,0,-0.02,0.01,0.050000000000000003,0.25,4.5151614851482546e-10,31,4.1078932064352017e-13,4055,4137,42,no
135,1,0,0,0.40000000000000002,0.25,4.590342359582612e-09,29,1.1004002165254321e-11,4131,4061,8191,yes
135,2,0.029999999999999999,0,0.20000000000000001,1,3.5784509184803213e-09,11,-7.9714301712777726e-12,4028,4164,6912,no
135,3,0.029999999999999999,0.01,0.050000000000000003,5,2.1163855505398658e-09,170,-4.501550650395045e-13,4065,4127,4095,yes
136,0,-0.02,0.01,0.050000000000000003,0.25,5.0748161855604278e-10,59,-4.6019949543443033e-13,4020,4172,8191,yes
136,1,0,0,0.40000000000000002,0.25,3.7542627286526384e-09,30,-5.1299165935684789e-12,4083,4109,8191,yes
136,2,0.029999999999999999,0,0.20000000000000001,1,3.7204924475151422e-09,11,1.7430300626760153e-12,4116,4076,5568,no
136,3,0.029999999999999999,0.01,0.050000000000000003,5,2.3074259794530409e-09,77,8.8360272676368945e-13,4119,4073,6826,yes
137,0,-0.02,0.01,0.050000000000000003,0.25,4.8649555374740068e-10,30,-6.3389604772128094e-13,4048,4144,2218,yes
137,1,0,0,0.40000000000000002,0.25,3.6744586949747038e-09,29,-4.5885960663291152e-12,4088,4104,5568,no
137,2,0.029999999999999999,0,0.20000000000000001,1,3.775240703214857e-09,11,2.7114533874886765e-12,4131,4061,6527,no
137,3,0.029999999999999999,0.01,0.050000000000000003,5,1.9445394049953009e-09,132,-2.3847096883748311e-12,4109,4083,7616,no
138,0,-0.02,0.01,0.050000000000000003,0.25,4.5241171377221802e-10,60,-9.3828654242149924e-14,4055,4137,6442,no
138,1,0,0,0.40000000000000002,0.25,3.802853371816656e-09,59,-4.7342343463825316e-12,4040,4152,2218,yes
138,2,0.029999999999999999,0,0.20000000000000001,1,3.5474691044463626e-09,11,2.3029004174162155e-12,4094,4098,149,no
138,3,0.029999999999999999,0.01,0.050000000000000003,5,2.2708434224924729e-09,307,-4.3680086615904875e-12,4083,4109,6826,yes
139,0,-0.02,0.01,0.050000000000000003,0.25,4.4281524662459631e-10,239,-4.1070821207522046e-15,3989,4203,6698,no
139,1,0,0,0.40000000000000002,0.25,3.3459319043310826e-09,59,2.9618589296578791e-12,4113,4079,6997,yes
139,2,0.029999999999999999,0,0.20000000000000001,1,3.8618621834524678e-09,21,-1.469068917196736e-12,4155,4037,2730,yes
139,3,0.029999999999999999,0.01,0.050000000000000003,5,2.5938416062430637e-09,612,-3.1067867880544225e-12,4023,4169,3413,yes
140,0,-0.02,0.01,0.050000000000000003,0.25,5.281301696292546e-10,118,4.141573898417665e-13,4125,4067,2730,yes
140,1,0,0,0.40000000000000002,0.25,3.7213970549521044e-09,117,-2.7512578254478425e-12,3996,4196,6527,no
140,2,0.029999999999999999,0,0.20000000000000001,1,3.6969547067047435e-09,22,-2.2699230661495172e-13,4127,4065,149,no
140,3,0.029999999999999999,0.01,0.050000000000000003,5,2.0488585550165177e-09,309,1.4719420485514015e-12,4137,4055,1365,yes
141,0,-0.02,0.01,0.050000000000000003,0.25,4.4701126587784624e-10,59,9.8716288177344049e-13,4132,4060,2730,yes
141,1,0,0,0.40000000000000002,0.25,3.677982994822202e-09,930,-6.0677829778319896e-12,4045,4147,3178,no
141,2,0.029999999999999999,0,0.20000000000000001,1,3.6871091376279032e-09,21,1.314249507460466e-12,4137,4055,1152,no
141,3,0.029999999999999999,0.01,0.050000000000000003,5,2.1253061687089755e-09,896,-1.8702200912954414e-12,4088,4104,4096,yes
142,0,-0.02,0.01,0.050000000000000003,0.25,4.5196875491256083e-10,38,-1.0743394403296932e-12,4031,4161,4864,no
142,1,0,0,0.40000000000000002,0.25,3.6784739380087511e-09,232,-3.376087909258334e-12,4050,4142,1855,no
142,2,0.029999999999999999,0,0.20000000000000001,1,4.0676914940822925e-09,21,6.1780369431150574e-12,4099,4093,2730,yes
142,3,0.029999999999999999,0.01,0.050000000000000003,5,1.9203384924910657e-09,112,-5.6263667251837551e-13,4096,4096,6997,yes
143,0,-0.02,0.01,0.050000000000000003,0.25,4.7800238000843834e-10,76,3.7363948698608517e-14,4135,4057,3178,no
143,1,0,0,0.40000000000000002,0.25,3.5684821375448486e-09,115,-6.7266421602842576e-12,4049,4143,7808,no
143,2,0.029999999999999999,0,0.20000000000000001,1,3.7658967396783582e-09,42,-1.1544952497357321e-12,4123,4069,2218,yes
143,3,0.029999999999999999,0.01,0.050000000000000003,5,2.2386373540666933e-09,204,7.7767656210278793e-13,4120,4072,1365,yes
144,0,-0.02,0.01,0.050000000000000003,0.25,4.6747876497169088e-10,29,-2.1487426093376499e-13,4037,4155,2218,yes
144,1,0,0,0.40000000000000002,0.25,4.5152040895367591e-09,57,-9.9028504578285751e-12,4049,4143,2730,yes
144,2,0.029999999999999999,0,0.20000000000000001,1,3.6311401544607104e-09,42,6.9111274885569006e-13,4071,4121,4864,no
144,3,0.029999999999999999,0.01,0.050000000000000003,5,1.9891365720229995e-09,406,-3.5861052367651653e-12,4032,4160,3199,no
145,0,-0.02,0.01,0.050000000000000003,0.25,4.6711059340492738e-10,44,-1.6012694360508222e-13,4094,4098,3199,no
145,1,0,0,0.40000000000000002,0.25,4.2061794844170926e-09,57,5.3113222379298285e-12,4074,4118,2730,yes
145,2,0.029999999999999999,0,0.20000000000000001,1,3.7607115976138425e-09,84,2.5665560180655246e-12,4108,4084,469,no
145,3,0.029999999999999999,0.01,0.050000000000000003,5,1.9671973764438624e-09,1198,-1.1066940120774942e-12,4085,4107,0,yes
146,0,-0.02,0.01,0.050000000000000003,0.25,4.4857753145726236e-10,707,-2.3250372952741917e-13,4058,4134,512,yes
146,1,0,0,0.40000000000000002,0.25,3.5937435585857823e-09,29,-1.9581622758936229e-12,4087,4105,4714,no
146,2,0.029999999999999999,0,0.20000000000000001,1,3.4846041943730309e-09,166,-2.2239340554776012e-12,4071,4121,4714,no
146,3,0.029999999999999999,0.01,0.050000000000000003,5,2.2191793470058713e-09,1060,3.8559334044815951e-13,4061,4131,2730,yes
147,0,-0.02,0.01,0.050000000000000003,0.25,4.5176728201307106e-10,66,5.3382733682823994e-13,4078,4114,42,no
147,1,0,0,0.40000000000000002,0.25,3.9688796685099607e-09,29,-2.2609343815463384e-12,4047,4145,8191,yes
147,2,0.029999999999999999,0,0.20000000000000001,1,3.5548905685136096e-09,330,-6.6971279815122812e-12,4045,4147,3413,yes
147,3,0.029999999999999999,0.01,0.050000000000000003,5,2.657650460231021e-09,299,3.9699336543611661e-12,4199,3993,5461,yes
148,0,-0.02,0.01,0.050000000000000003,0.25,4.5016836314933141e-10,66,-8.115530261896417e-13,4034,4158,469,no
148,1,0,0,0.40000000000000002,0.25,3.6416799578417377e-09,57,-3.1584383443555961e-12,4058,4134,2730,yes
148,2,0.029999999999999999,0,0.20000000000000001,1,3.7363562964309421e-09,82,5.7726437503179374e-13,4072,4120,5568,no
148,3,0.029999999999999999,0.01,0.050000000000000003,5,1.95562838173754e-09,298,-7.6238633608095354e-12,4056,4136,469,no
149,0,-0.02,0.01,0.050000000000000003,0.25,4.3762374287117885e-10,262,1.2093322445955668e-13,4095,4097,3199,no
149,1,0,0,0.40000000000000002,0.25,4.2796922289941541e-09,58,-1.3131820970841587e-12,4019,4173,2730,yes
149,2,0.029999999999999999,0,0.20000000000000001,1,3.6201798413454931e-09,41,-1.338988284762484e-11,3995,4197,469,no
149,3,0.029999999999999999,0.01,0.050000000000000003,5,2.1502403817009396e-09,355,-5.1183673552475387e-13,4069,4123,0,yes
150,0,-0.02,0.01,0.050000000000000003,0.25,4.6668172700871466e-10,261,5.6638911053200669e-13,4085,4107,5568,no
150,1,0,0,0.40000000000000002,0.25,3.3088731150957192e-09,114,-6.5054823645584538e-12,4058,4134,1920,no
150,2,0.029999999999999999,0,0.20000000000000001,1,3.46914176504954e-09,41,1.8336872680511573e-12,4087,4105,6527,no
150,3,0.029999999999999999,0.01,0.050000000000000003,5,2.2514547235181444e-09,157,-3.0534035845173449e-12,4074,4118,1365,yes
151,0,-0.02,0.01,0.050000000000000003,0.25,4.4184368605598102e-10,65,7.0756582310276065e-13,4129,4063,7616,no
151,1,0,0,0.40000000000000002,0.25,3.6366128950464161e-09,227,-8.0782704567338654e-13,4071,4121,7616,no
151,2,0.029999999999999999,0,0.20000000000000001,1,3.6997585571723239e-09,20,7.4873014273281259e-12,4067,4125,4181,no
151,3,0.029999999999999999,0.01,0.050000000000000003,5,1.8869663828246615e-09,594,-4.4985631382868833e-13,4063,4129,895,no
152,0,-0.02,0.01,0.050000000000000003,0.25,4.4064137757487936e-10,65,5.5057007137773906e-13,4074,4118,6698,no
152,1,0,0,0.40000000000000002,0.25,3.4563933671198909e-09,1811,7.6566973306270482e-13,4066,4126,4288,no
152,2,0.029999999999999999,0,0.20000000000000001,1,3.5845076550487673e-09,20,-1.0757894054161928e-11,4065,4127,3733,no
152,3,0.029999999999999999,0.01,0.050000000000000003,5,2.0152874771176556e-09,296,-7.080569314998141e-14,4078,4114,2730,yes
153,0,-0.02,0.01,0.050000000000000003,0.25,4.561362614739332e-10,106,-1.1720712230830734e-13,4085,4107,469,no
153,1,0,0,0.40000000000000002,0.25,3.6180653981955848e-09,226,-1.0520703140631335e-11,4080,4112,1855,no
153,2,0.029999999999999999,0,0.20000000000000001,1,3.5515296247556851e-09,20,-1.3856076827740456e-12,4104,4088,6442,no
153,3,0.029999999999999999,0.01,0.050000000000000003,5,2.4630833287462431e-09,244,-2.5456260914902816e-13,4087,4105,8191,yes
154,0,-0.02,0.01,0.050000000000000003,0.25,4.62373299181822e-10,33,1.6388070561321987e-13,4132,4060,6399,no
154,1,0,0,0.40000000000000002,0.25,3.7330535397409387e-09,112,-3.9517306809370632e-12,4081,4111,4437,yes
154,2,0.029999999999999999,0,0.20000000000000001,1,3.5285115065340174e-09,21,-2.6934316604025261e-12,4081,4111,7616,no
154,3,0.029999999999999999,0.01,0.050000000000000003,5,1.9777510127572646e-09,350,-8.6826612996578997e-13,4068,4124,5568,no
155,0,-0.02,0.01,0.050000000000000003,0.25,4.3568471762813675e-10,32,-2.3020021900541413e-13,4079,4113,3733,no
155,1,0,0,0.40000000000000002,0.25,3.7007199137881471e-09,56,-5.5174252864869359e-12,4067,4125,2218,yes
155,2,0.029999999999999999,0,0.20000000000000001,1,3.68003705338707e-09,20,-7.8186816941421529e-12,4034,4158,4437,yes
155,3,0.029999999999999999,0.01,0.050000000000000003,5,1.8548474525532285e-09,149,-6.7027648900189644e-13,4131,4061,7808,no
156,0,-0.02,0.01,0.050000000000000003,0.25,4.6227747172191306e-10,16,-4.0705714187828866e-13,4071,4121,6912,no
156,1,0,0,0.40000000000000002,0.25,3.6015787018076712e-09,56,-4.3920348779763432e-12,4042,4150,6442,no
156,2,0.029999999999999999,0,0.20000000000000001,1,3.2704593158262954e-09,10,2.0025860658962101e-12,4060,4132,2431,no
156,3,0.029999999999999999,0.01,0.050000000000000003,5,1.8937107928196346e-09,295,1.6489416238650009e-13,4026,4166,5461,yes
157,0,-0.02,0.01,0.050000000000000003,0.25,4.4718605986734666e-10,2687,1.7848563635115782e-13,4078,4114,3178,no
157,1,0,0,0.40000000000000002,0.25,3.4929949991586075e-09,28,-6.0344772344852509e-12,4067,4125,6912,no
157,2,0.029999999999999999,0,0.20000000000000001,1,3.5295882222832385e-09,10,5.666579555673508e-12,4098,4094,1621,no
157,3,0.029999999999999999,0.01,0.050000000000000003,5,1.9989878474618104e-09,954,-1.4487100153745658e-13,4091,4101,8191,yes
158,0,-0.02,0.01,0.050000000000000003,0.25,4.5339022532833093e-10,16,-4.5550208849661228e-13,4019,4173,6912,no
158,1,0,0,0.40000000000000002,0.25,3.5839385738026415e-09,28,1.2504621274409854e-11,4124,4068,1152,no
158,2,0.029999999999999999,0,0.20000000000000001,1,3.5404756090730468e-09,10,-1.7886397447949522e-12,4050,4142,6463,no
158,3,0.029999999999999999,0.01,0.050000000000000003,5,1.8575390580595883e-09,119,-1.272324940275819e-12,4055,4137,3498,no
159,0,-0.02,0.01,0.050000000000000003,0.25,4.4131836713376878e-10,32,3.198731135974603e-13,4078,4114,2197,no
159,1,0,0,0.40000000000000002,0.25,3.5837503827335579e-09,28,-2.8708105933301859e-12,4073,4119,4864,no
159,2,0.029999999999999999,0,0.20000000000000001,1,3.4110778565421747e-09,10,-6.2422526077850142e-12,4048,4144,42,no
159,3,0.029999999999999999,0.01,0.050000000000000003,5,1.8538368645331662e-09,210,-1.6708791126647795e-12,4083,4109,8191,yes
160,0,-0.02,0.01,0.050000000000000003,0.25,4.4875382007573075e-10,31,-1.2098635628734303e-13,4061,4131,4437,yes
160,1,0,0,0.40000000000000002,0.25,3.6109796895767271e-09,32,-6.2152902219131062e-13,4113,4079,3178,no
160,2,0.029999999999999999,0,0.20000000000000001,1,3.6077026799284197e-09,10,4.2480340639048961e-12,4075,4117,1855,no
160,3,0.029999999999999999,0.01,0.050000000000000003,5,1.8860157617089115e-09,13423,2.4948927615906039e-12,4132,4060,4437,yes
161,0,-0.02,0.01,0.050000000000000003,0.25,4.5565150707350358e-10,475,-6.8256249944301767e-13,4123,4069,4437,yes
161,1,0,0,0.40000000000000002,0.25,3.6278284820668465e-09,32,1.4038285544716998e-12,4122,4070,149,no
161,2,0.029999999999999999,0,0.20000000000000001,1,3.6694078699697577e-09,10,-1.6426511806753456e-12,4067,4125,5568,no
161,3,0.029999999999999999,0.01,0.050000000000000003,5,1.9221892685311152e-09,209,1.9943989789836668e-13,4114,4078,6527,no
162,0,-0.02,0.01,0.050000000000000003,0.25,4.427476016090582e-10,63,-7.2724941344816465e-13,4096,4096,2197,no
162,1,0,0,0.40000000000000002,0.25,3.648733884362388e-09,63,-3.4732972038143474e-13,4105,4087,512,yes
162,2,0.029999999999999999,0,0.20000000000000001,1,3.6807737193658618e-09,10,-5.6666815668394197e-13,4042,4150,2218,yes
162,3,0.029999999999999999,0.01,0.050000000000000003,5,1.9515180740355617e-09,242,1.3814327560626637e-12,4076,4116,2218,yes
163,0,-0.02,0.01,0.050000000000000003,0.25,4.468948170393303e-10,62,-1.7121787107227381e-13,4077,4115,1152,no
163,1,0,0,0.40000000000000002,0.25,3.4884191917606036e-09,127,-2.6740642029303922e-12,4067,4125,4650,no
163,2,0.029999999999999999,0,0.20000000000000001,1,3.5659649689427229e-09,10,-3.2929268029851181e-12,4037,4155,6527,no
163,3,0.029999999999999999,0.01,0.050000000000000003,5,2.6548155686906418e-09,15387,-1.0852190172362293e-12,4045,4147,5461,yes
164,0,-0.02,0.01,0.050000000000000003,0.25,4.3177991345718772e-10,125,-7.5936090708828791e-13,4102,4090,3733,no
164,1,0,0,0.40000000000000002,0.25,3.6416893907579543e-09,504,1.7822660393362259e-12,4144,4048,512,yes
164,2,0.029999999999999999,0,0.20000000000000001,1,3.6701846123679115e-09,10,-3.7796260533840628e-12,4071,4121,3178,no
164,3,0.029999999999999999,0.01,0.050000000000000003,5,2.4879210403293009e-09,509,-1.1749114802097889e-12,4071,4121,5461,yes
165,0,-0.02,0.01,0.050000000000000003,0.25,4.4161939538667542e-10,127723,2.3051692395884371e-13,4094,4098,2218,yes
165,1,0,0,0.40000000000000002,0.25,3.44138652058136e-09,125,1.2506976578214603e-12,4082,4110,7616,no
165,2,0.029999999999999999,0,0.20000000000000001,1,3.2452611826200854e-09,10,-2.4073865943568239e-12,4035,4157,7104,no
165,3,0.029999999999999999,0.01,0.050000000000000003,5,2.590305815349507e-09,508,7.6125422062312558e-13,4148,4044,5461,yes
166,0,-0.02,0.01,0.050000000000000003,0.25,4.379895753942448e-10,125,-1.0566444288867079e-12,4012,4180,256,no
166,1,0,0,0.40000000000000002,0.25,3.357738182363859e-09,62,-4.2930109799451236e-12,4089,4103,5503,no
166,2,0.029999999999999999,0,0.20000000000000001,1,3.5745926177776625e-09,9,3.8378738743509042e-12,4154,4038,149,no
166,3,0.029999999999999999,0.01,0.050000000000000003,5,2.5567735315400484e-09,2204,-1.3603113952372969e-12,4107,4085,5461,yes
167,0,-0.02,0.01,0.050000000000000003,0.25,4.5081385324935363e-10,62,4.1487689526728053e-14,4096,4096,469,no
167,1,0,0,0.40000000000000002,0.25,3.434191749947004e-09,31,-2.3950005212948696e-12,4002,4190,4565,no
167,2,0.029999999999999999,0,0.20000000000000001,1,3.3515478178562745e-09,8,-1.9436462895274164e-12,4132,4060,895,no
167,3,0.029999999999999999,0.01,0.050000000000000003,5,1.9495012808657205e-09,274,-1.1167849540424332e-12,4093,4099,3199,no
168,0,-0.02,0.01,0.050000000000000003,0.25,4.4072978362137133e-10,62,-2.6818124168974507e-13,4028,4164,149,no
168,1,0,0,0.40000000000000002,0.25,3.6603636764759192e-09,31,-3.4463121292590648e-12,4123,4069,5568,no
168,2,0.029999999999999999,0,0.20000000000000001,1,3.5981728098615487e-09,9,-1.1365900725287213e-11,4039,4153,3199,no
168,3,0.029999999999999999,0.01,0.050000000000000003,5,1.8804912114080353e-09,337,-2.1186628084366085e-12,3981,4211,1855,no
169,0,-0.02,0.01,0.050000000000000003,0.25,4.0941325532873503e-10,87,3.7092761558874211e-14,4042,4150,4181,no
169,1,0,0,0.40000000000000002,0.25,3.1893125996623031e-09,31,-2.3220658558026329e-12,4083,4109,7765,no
169,2,0.029999999999999999,0,0.20000000000000001,1,3.6292558318212823e-09,18,1.2608909920780466e-12,4111,4081,3199,no
169,3,0.029999999999999999,0.01,0.050000000000000003,5,1.9589502471192155e-09,232,-2.2614494306549742e-12,4106,4086,8191,yes
170,0,-0.02,0.01,0.050000000000000003,0.25,4.1430683255666522e-10,44,-1.3083395734596575e-13,4097,4095,4650,no
170,1,0,0,0.40000000000000002,0.25,3.4965820866559494e-09,16,6.7167224354834706e-12,4144,4048,4181,no
170,2,0.029999999999999999,0,0.20000000000000001,1,3.6247966738560943e-09,35,3.2711400743888695e-12,4140,4052,6912,no
170,3,0.029999999999999999,0.01,0.050000000000000003,5,1.8437004411027091e-09,174,-9.1291868056639079e-13,4060,4132,1855,no
171,0,-0.02,0.01,0.050000000000000003,0.25,4.3548991001199564e-10,31,-1.7479506476485744e-13,4044,4148,3199,no
171,1,0,0,0.40000000000000002,0.25,3.3100963982661216e-09,16,-1.1623861519611747e-11,4011,4181,3413,yes
171,2,0.029999999999999999,0,0.20000000000000001,1,3.4644323603643056e-09,279,2.6798726757388345e-12,4122,4070,7616,no
171,3,0.029999999999999999,0.01,0.050000000000000003,5,1.8827498568593546e-09,1387,2.9777365830509168e-12,4094,4098,1855,no
172,0,-0.02,0.01,0.050000000000000003,0.25,4.1966173073516476e-10,27,-4.8431944017706894e-13,4047,4145,4565,no
172,1,0,0,0.40000000000000002,0.25,3.3447631769883153e-09,15,-1.2171779540377044e-11,4014,4178,149,no
172,2,0.029999999999999999,0,0.20000000000000001,1,3.6085834241644386e-09,35,-3.8322850226044214e-13,4098,4094,4181,no
172,3,0.029999999999999999,0.01,0.050000000000000003,5,1.8326028726481906e-09,524,5.3079790072537695e-14,4132,4060,4864,no
173,0,-0.02,0.01,0.050000000000000003,0.25,4.2149399882991889e-10,54,-3.4789841173636067e-13,4082,4110,1237,no
173,1,0,0,0.40000000000000002,0.25,3.264312222316575e-09,18,-8.8995172557322194e-13,4111,4081,2410,no
173,2,0.029999999999999999,0,0.20000000000000001,1,3.277714474760372e-09,18,-2.0145521383672745e-12,4083,4109,7808,no
173,3,0.029999999999999999,0.01,0.050000000000000003,5,1.8240756461055481e-09,522,6.2583827295138836e-13,4119,4073,3413,yes
174,0,-0.02,0.01,0.050000000000000003,0.25,4.3817194283329114e-10,107,-3.7758023190422912e-13,4077,4115,3114,no
174,1,0,0,0.40000000000000002,0.25,3.4890632147253668e-09,18,-2.3310511096165802e-12,4069,4123,4437,yes
174,2,0.029999999999999999,0,0.20000000000000001,1,3.5270967028730854e-09,8,-4.0611185877838656e-12,4047,4145,149,no
174,3,0.029999999999999999,0.01,0.050000000000000003,5,1.8681367958808977e-09,980,-1.6843485200715918e-12,4081,4111,4714,no
175,0,-0.02,0.01,0.050000000000000003,0.25,4.1940166015104398e-10,26,8.2214231447148907e-13,4076,4116,5568,no
175,1,0,0,0.40000000000000002,0.25,3.4454454927321208e-09,37,1.9846801577282408e-12,4096,4096,2197,no
175,2,0.029999999999999999,0,0.20000000000000001,1,3.4326494682576103e-09,8,1.1335783382814163e-11,4170,4022,7210,no
175,3,0.029999999999999999,0.01,0.050000000000000003,5,1.7943296179064058e-09,244,-2.310752419130931e-12,4106,4086,2303,no
176,0,-0.02,0.01,0.050000000000000003,0.25,4.3553142098780173e-10,15,1.3081007524641166e-12,4126,4066,512,yes
176,1,0,0,0.40000000000000002,0.25,3.3513536247917977e-09,37,4.2525669632106773e-12,4123,4069,5568,no
176,2,0.029999999999999999,0,0.20000000000000001,1,3.6106082096187511e-09,8,-3.9191949150732678e-12,4085,4107,2218,yes
176,3,0.029999999999999999,0.01,0.050000000000000003,5,1.9078970700523692e-09,1715,-1.406298676647726e-12,4096,4096,4864,no
177,0,-0.02,0.01,0.050000000000000003,0.25,4.2317146263034086e-10,27,-1.2322222215473599e-13,4082,4110,1621,no
177,1,0,0,0.40000000000000002,0.25,3.4889702408827204e-09,74,-5.9660925489343586e-12,4013,4179,5248,no
177,2,0.029999999999999999,0,0.20000000000000001,1,3.4277122859555649e-09,5,9.0597977053266844e-12,4092,4100,6399,no
177,3,0.029999999999999999,0.01,0.050000000000000003,5,1.8243367905496662e-09,213,5.0368736234192763e-12,4141,4051,6399,no
178,0,-0.02,0.01,0.050000000000000003,0.25,4.3573141723327076e-10,214,-5.138886457418462e-13,4044,4148,512,yes
178,1,0,0,0.40000000000000002,0.25,3.4656406410105897e-09,1176,-6.9728549455185268e-12,4032,4160,7616,no
178,2,0.029999999999999999,0,0.20000000000000001,1,3.3525076275951899e-09,5,-1.5124188058120455e-12,4140,4052,6399,no
178,3,0.029999999999999999,0.01,0.050000000000000003,5,1.7500608924554822e-09,120,-1.2653214393147772e-12,4066,4126,256,no
179,0,-0.02,0.01,0.050000000000000003,0.25,4.2017302213338174e-10,54,6.0085353719869797e-13,4100,4092,1280,no
179,1,0,0,0.40000000000000002,0.25,3.4384424084170044e-09,73,6.8137450922389659e-15,4078,4114,6527,no
179,2,0.029999999999999999,0,0.20000000000000001,1,3.3900234007333185e-09,5,-6.0195947937694771e-12,4075,4117,512,yes
179,3,0.029999999999999999,0.01,0.050000000000000003,5,1.8072036809785369e-09,477,-1.8763941410640463e-13,4066,4126,7210,no
180,0,-0.02,0.01,0.050000000000000003,0.25,4.2045011759994403e-10,26,1.9227647497519738e-13,4135,4057,7808,no
180,1,0,0,0.40000000000000002,0.25,3.5148876456822091e-09,36,-8.0410145012691962e-12,4009,4183,6527,no
180,2,0.029999999999999999,0,0.20000000000000001,1,3.4863030871821234e-09,4,-2.9321150866394214e-12,4011,4181,2218,yes
180,3,0.029999999999999999,0.01,0.050000000000000003,5,1.8426204852317046e-09,238,-4.1149068743287516e-12,4090,4102,2197,no
181,0,-0.02,0.01,0.050000000000000003,0.25,4.2182762922524177e-10,25,-1.3147780299015489e-13,4088,4104,6997,yes
181,1,0,0,0.40000000000000002,0.25,3.5735291123365347e-09,36,-2.2559217441723569e-12,4067,4125,3199,no
181,2,0.029999999999999999,0,0.20000000000000001,1,3.3123519316471153e-09,5,3.0655923185670395e-12,4136,4056,1621,no
181,3,0.029999999999999999,0.01,0.050000000000000003,5,1.8574536731119968e-09,638,-5.0891127263905819e-14,4146,4046,6399,no
182,0,-0.02,0.01,0.050000000000000003,0.25,4.1974107294168757e-10,32,-4.1648396960363445e-13,4095,4097,3199,no
182,1,0,0,0.40000000000000002,0.25,3.5685124274902091e-09,18,1.0691563961936036e-12,4098,4094,4437,yes
182,2,0.029999999999999999,0,0.20000000000000001,1,3.4035494940612437e-09,4,5.3291098972559443e-12,4096,4096,2218,yes
182,3,0.029999999999999999,0.01,0.050000000000000003,5,1.6782312483219304e-09,118,-2.5655901587923018e-12,4092,4100,7039,no
183,0,-0.02,0.01,0.050000000000000003,0.25,4.1144368695512503e-10,518,-1.2735277279710127e-12,4068,4124,3626,no
183,1,0,0,0.40000000000000002,0.25,3.521945546334422e-09,18,4.2973558441539216e-12,3991,4201,512,yes
183,2,0.029999999999999999,0,0.20000000000000001,1,3.5086359900842253e-09,5,2.5410246525603469e-12,3998,4194,6912,no
183,3,0.029999999999999999,0.01,0.050000000000000003,5,1.8563764210232594e-09,620,-1.450455836982073e-13,4091,4101,6527,no
184,0,-0.02,0.01,0.050000000000000003,0.25,4.1947858790041182e-10,49,-2.3516885157325382e-13,4072,4120,5760,no
184,1,0,0,0.40000000000000002,0.25,3.393978014186136e-09,18,-7.3178631639948816e-12,4023,4169,1280,no
184,2,0.029999999999999999,0,0.20000000000000001,1,3.5470590647910226e-09,5,-3.6342819461666903e-12,4118,4074,469,no
184,3,0.029999999999999999,0.01,0.050000000000000003,5,1.8315461658503803e-09,77,-3.4521064778969254e-12,4049,4143,6463,no
185,0,-0.02,0.01,0.050000000000000003,0.25,4.188733356248909e-10,49,-2.9590249651018577e-13,4088,4104,3199,no
185,1,0,0,0.40000000000000002,0.25,3.3478570279057254e-09,13,3.7156503464763228e-12,4096,4096,4565,no
185,2,0.029999999999999999,0,0.20000000000000001,1,3.3856108472870156e-09,5,-3.3345989268008084e-12,4131,4061,3498,no
185,3,0.029999999999999999,0.01,0.050000000000000003,5,1.8790476398343363e-09,169,-2.0718181893100763e-12,4075,4117,2730,yes
186,0,-0.02,0.01,0.050000000000000003,0.25,4.1360433984262134e-10,97,-1.0559489240585943e-12,4045,4147,5503,no
186,1,0,0,0.40000000000000002,0.25,3.4382222167244141e-09,13,-9.915833586959908e-12,4020,4172,6399,no
186,2,0.029999999999999999,0,0.20000000000000001,1,3.5805494205547507e-09,4,-1.5508582079216658e-12,4090,4102,2218,yes
186,3,0.029999999999999999,0.01,0.050000000000000003,5,1.8293499698080783e-09,51,-3.2389030551423037e-12,4099,4093,3178,no
187,0,-0.02,0.01,0.050000000000000003,0.25,4.337552660293174e-10,194,2.0518877433822507e-13,4088,4104,4437,yes
187,1,0,0,0.40000000000000002,0.25,3.4905840045394652e-09,25,7.0239477459215027e-12,4165,4027,42,no
187,2,0.029999999999999999,0,0.20000000000000001,1,3.0949497950781073e-09,5,6.3391344287570906e-12,4182,4010,4650,no
187,3,0.029999999999999999,0.01,0.050000000000000003,5,1.8791750844329123e-09,51,-4.6507835780322091e-12,4083,4109,512,yes
188,0,-0.02,0.01,0.050000000000000003,0.25,4.0300842771003952e-10,1547,7.1251485567303223e-14,4054,4138,4650,no
188,1,0,0,0.40000000000000002,0.25,3.5835952805194773e-09,25,-8.3394420192663943e-12,3995,4197,3199,no
188,2,0.029999999999999999,0,0.20000000000000001,1,3.2165321491314613e-09,4,-4.2924174669023244e-13,4176,4016,1919,no
188,3,0.029999999999999999,0.01,0.050000000000000003,5,1.8753618002345679e-09,203,7.7956141395858381e-13,4142,4050,469,no
189,0,-0.02,0.01,0.050000000000000003,0.25,4.29072775482339e-10,96,-2.6576765935581238e-13,4050,4142,6399,no
189,1,0,0,0.40000000000000002,0.25,3.2557307130055735e-09,25,-5.5915497905480396e-12,4029,4163,4565,no
189,2,0.029999999999999999,0,0.20000000000000001,1,3.3302493483060598e-09,5,2.6774329302235501e-12,4128,4064,6912,no
189,3,0.029999999999999999,0.01,0.050000000000000003,5,1.7403703197537732e-09,202,1.2270535945395679e-13,4090,4102,1152,no
190,0,-0.02,0.01,0.050000000000000003,0.25,4.2823974709574233e-10,96,-5.1831523883123713e-13,4045,4147,5248,no
190,1,0,0,0.40000000000000002,0.25,3.3155564374456368e-09,49,9.4453140793845427e-12,4143,4049,1621,no
190,2,0.029999999999999999,0,0.20000000000000001,1,3.4346300231381535e-09,5,1.1384727534732357e-12,4102,4090,3114,no
190,3,0.029999999999999999,0.01,0.050000000000000003,5,2.092909398908336e-09,186,-4.1669512455672004e-12,4128,4064,2730,yes
191,0,-0.02,0.01,0.050000000000000003,0.25,4.0638204899146612e-10,48,-9.9888518681249911e-13,3994,4198,4864,no
191,1,0,0,0.40000000000000002,0.25,3.2399226849498848e-09,50,3.1109891571917823e-12,4108,4084,3114,no
191,2,0.029999999999999999,0,0.20000000000000001,1,3.2128020403573196e-09,5,-3.9228912653660319e-12,4085,4107,2431,no
191,3,0.029999999999999999,0.01,0.050000000000000003,5,1.8315771711849972e-09,116,-1.4992736639459536e-12,4096,4096,469,no
192,0,-0.02,0.01,0.050000000000000003,0.25,4.0295895022640874e-10,53,-3.9075637773281485e-14,4070,4122,3584,yes
192,1,0,0,0.40000000000000002,0.25,3.3836011064510601e-09,98,-7.1445949371629339e-12,4047,4145,3669,no
192,2,0.029999999999999999,0,0.20000000000000001,1,3.3237233788738965e-09,5,2.1829264569905595e-12,4057,4135,2303,no
192,3,0.029999999999999999,0.01,0.050000000000000003,5,1.5492034433947701e-09,464,-3.3785103497324858e-13,4083,4109,7210,no
193,0,-0.02,0.01,0.050000000000000003,0.25,4.2386999176691136e-10,837,-8.9272740283682594e-13,4068,4124,1152,no
193,1,0,0,0.40000000000000002,0.25,3.3268592280485791e-09,393,-7.7328321383851324e-12,4088,4104,6698,no
193,2,0.029999999999999999,0,0.20000000000000001,1,3.3113971721410507e-09,4,2.6132356141350937e-12,4108,4084,4565,no
193,3,0.029999999999999999,0.01,0.050000000000000003,5,1.8026260178328417e-09,231,-1.9621155501504826e-12,4124,4068,42,no
194,0,-0.02,0.01,0.050000000000000003,0.25,3.938084995797772e-10,59,-2.350074813470202e-13,4058,4134,895,no
194,1,0,0,0.40000000000000002,0.25,3.252150387686208e-09,196,-5.5491075553226192e-12,4078,4114,6399,no
194,2,0.029999999999999999,0,0.20000000000000001,1,3.212551744198607e-09,4,2.1238900985954263e-12,4081,4111,1920,no
194,3,0.029999999999999999,0.01,0.050000000000000003,5,1.783969202410063e-09,185,-2.8794876547857402e-12,4104,4088,2218,yes
195,0,-0.02,0.01,0.050000000000000003,0.25,4.2071128016125928e-10,58,-3.5262699593550684e-13,4064,4128,469,no
195,1,0,0,0.40000000000000002,0.25,3.3284967342090667e-09,98,8.3552091135365856e-13,4085,4107,6912,no
195,2,0.029999999999999999,0,0.20000000000000001,1,3.319490091395411e-09,7,-3.8899525733809631e-12,4035,4157,4864,no
195,3,0.029999999999999999,0.01,0.050000000000000003,5,1.6508663168694618e-09,104,2.8100115125301473e-13,4123,4069,5973,yes
196,0,-0.02,0.01,0.050000000000000003,0.25,4.0587307405418061e-10,58,1.5047805650142299e-13,4121,4071,1621,no
196,1,0,0,0.40000000000000002,0.25,3.3739045916824151e-09,49,7.0812757554379233e-12,4106,4086,6912,no
196,2,0.029999999999999999,0,0.20000000000000001,1,3.3263108102521771e-09,8,2.1719250516967126e-12,4079,4113,3498,no
196,3,0.029999999999999999,0.01,0.050000000000000003,5,1.8076894974711218e-09,415,-1.8181945280144154e-12,4082,4110,42,no
197,0,-0.02,0.01,0.050000000000000003,0.25,4.3967800878177549e-10,116,2.0972149271408665e-14,4048,4144,4437,yes
197,1,0,0,0.40000000000000002,0.25,3.2352022242834809e-09,49,-6.0243043755401354e-12,3971,4221,3669,no
197,2,0.029999999999999999,0,0.20000000000000001,1,3.3778673462176658e-09,8,-7.6986525356590457e-12,4040,4152,6442,no
197,3,0.029999999999999999,0.01,0.050000000000000003,5,1.8384457830261665e-09,207,2.4290554594731382e-12,4083,4109,6399,no
198,0,-0.02,0.01,0.050000000000000003,0.25,3.7607681076792818e-10,461,-1.3028071881564511e-12,3987,4205,6912,no
198,1,0,0,0.40000000000000002,0.25,3.2521163695380952e-09,25,-5.613727702010956e-12,4062,4130,4864,no
198,2,0.029999999999999999,0,0.20000000000000001,1,3.354856228506643e-09,7,-9.2655704191226759e-12,4064,4128,4437,yes
198,3,0.029999999999999999,0.01,0.050000000000000003,5,1.7009647537900131e-09,112,-2.4994130715822764e-12,4077,4115,1920,no
199,0,-0.02,0.01,0.050000000000000003,0.25,4.1886254447631454e-10,460,-5.3104554688504442e-13,4085,4107,2218,yes
199,1,0,0,0.40000000000000002,0.25,3.2159436955893968e-09,24,-3.3863317076101526e-12,4036,4156,6997,yes
199,2,0.029999999999999999,0,0.20000000000000001,1,3.3518787008801998e-09,15,2.6943910232843974e-12,4065,4127,256,no
199,3,0.029999999999999999,0.01,0.050000000000000003,5,1.7394882042843402e-09,82,-2.5048501332794228e-13,4100,4092,3498,no
200,0,-0.02,0.01,0.050000000000000003,0.25,3.8819883587043166e-10,115,-2.9635459976502908e-13,4126,4066,6997,yes
200,1,0,0,0.40000000000000002,0.25,3.3409351756291291e-09,24,-2.874531106604858e-12,4041,4151,6912,no
200,2,0.029999999999999999,0,0.20000000000000001,1,3.4375634418693511e-09,29,2.6474493357418941e-12,4059,4133,2218,yes
200,3,0.029999999999999999,0.01,0.050000000000000003,5,1.7711095307003844e-09,327,3.6513196219067084e-12,4147,4045,1855,no
201,0,-0.02,0.01,0.050000000000000003,0.25,4.0591667454569778e-10,57,-2.2449962425001104e-13,4046,4146,6912,no
201,1,0,0,0.40000000000000002,0.25,2.9881661704041655e-09,12,-3.7202494261586212e-13,4075,4117,3669,no
201,2,0.029999999999999999,0,0.20000000000000001,1,3.0099940432467158e-09,59,-1.6103876536027355e-12,4080,4112,3669,no
201,3,0.029999999999999999,0.01,0.050000000000000003,5,1.7856766904457698e-09,164,-1.0377728445123374e-12,4025,4167,6399,no
202,0,-0.02,0.01,0.050000000000000003,0.25,4.1010768369415242e-10,57,3.6032842222673625e-13,4137,4055,6698,no
202,1,0,0,0.40000000000000002,0.25,3.0817851612928567e-09,13,4.6891925555195338e-13,4132,4060,1152,no
202,2,0.029999999999999999,0,0.20000000000000001,1,3.1840372027071583e-09,473,7.2814548978020256e-13,4107,4085,895,no
202,3,0.029999999999999999,0.01,0.050000000000000003,5,1.7483201715283443e-09,41,-9.7153628075585219e-13,4052,4140,3114,no
203,0,-0.02,0.01,0.050000000000000003,0.25,4.3067854416704328e-10,109,2.5687625826513858e-13,4083,4109,4181,no
203,1,0,0,0.40000000000000002,0.25,3.146684771827817e-09,24,3.6076083938020626e-12,4077,4115,3584,yes
203,2,0.029999999999999999,0,0.20000000000000001,1,3.3285518792520361e-09,30,-1.837284406719232e-12,4079,4113,4864,no
203,3,0.029999999999999999,0.01,0.050000000000000003,5,1.7461039726955708e-09,67,-3.8049670500455199e-12,4099,4093,4650,no
204,0,-0.02,0.01,0.050000000000000003,0.25,3.9256566538289694e-10,13852,-1.8769415493046409e-13,4062,4130,1919,no
204,1,0,0,0.40000000000000002,0.25,3.3498596921641128e-09,24,-1.6987503700302644e-12,4009,4183,512,yes
204,2,0.029999999999999999,0,0.20000000000000001,1,3.4153937790049406e-09,15,-5.0972297845816673e-12,3994,4198,6912,no
204,3,0.029999999999999999,0.01,0.050000000000000003,5,1.734039900478558e-09,132,-3.3784974395940184e-12,4061,4131,149,no
205,0,-0.02,0.01,0.050000000000000003,0.25,3.9695331891993302e-10,108,1.126722293112257e-12,4093,4099,2218,yes
205,1,0,0,0.40000000000000002,0.25,3.381491235759922e-09,24,-1.9387244486949988e-12,4074,4118,4437,yes
205,2,0.029999999999999999,0,0.20000000000000001,1,3.2936214966209992e-09,15,8.1369588945186274e-12,4072,4120,3669,no
205,3,0.029999999999999999,0.01,0.050000000000000003,5,1.76210624291674e-09,133,3.1084387857460388e-12,4114,4078,3199,no
206,0,-0.02,0.01,0.050000000000000003,0.25,4.1510545137702832e-10,54,-2.6776535551879597e-13,4086,4106,512,yes
206,1,0,0,0.40000000000000002,0.25,3.1346015361918442e-09,24,-4.3112210785117672e-12,4041,4151,1280,no
206,2,0.029999999999999999,0,0.20000000000000001,1,3.0790911074288933e-09,7,1.9120785748733164e-12,4077,4115,4480,no
206,3,0.029999999999999999,0.01,0.050000000000000003,5,1.7405196244705552e-09,66,1.9254728690357374e-12,4100,4092,1621,no
207,0,-0.02,0.01,0.050000000000000003,0.25,4.183242678491962e-10,28,-2.3016080788997013e-13,4070,4122,256,no
207,1,0,0,0.40000000000000002,0.25,3.3794455363984357e-09,48,6.6406363093107855e-13,4065,4127,2218,yes
207,2,0.029999999999999999,0,0.20000000000000001,1,3.2239793041104247e-09,7,8.642160255892831e-13,4144,4048,6442,no
207,3,0.029999999999999999,0.01,0.050000000000000003,5,1.8457345844747519e-09,37,-3.1876908480697099e-12,4068,4124,3178,no
208,0,-0.02,0.01,0.050000000000000003,0.25,3.7784799640169214e-10,29,-4.7833805836155798e-13,4034,4158,4821,no
208,1,0,0,0.40000000000000002,0.25,2.9632597283426529e-09,48,-3.4879268498220012e-12,4074,4118,6442,no
208,2,0.029999999999999999,0,0.20000000000000001,1,3.4630826041813517e-09,7,3.5739998490626738e-13,4081,4111,512,yes
208,3,0.029999999999999999,0.01,0.050000000000000003,5,1.791915329729501e-09,73,1.3781276268142424e-13,4088,4104,3178,no
209,0,-0.02,0.01,0.050000000000000003,0.25,4.1376582879292629e-10,30,-2.5638830021404524e-13,4101,4091,3199,no
209,1,0,0,0.40000000000000002,0.25,3.4809446970257795e-09,96,-8.6825830195478372e-12,4050,4142,2218,yes
209,2,0.029999999999999999,0,0.20000000000000001,1,3.3488798579788321e-09,7,-3.6748700252717891e-12,4129,4063,4437,yes
209,3,0.029999999999999999,0.01,0.050000000000000003,5,1.7245460262735804e-09,1162,3.7890044876389043e-13,4107,4085,7808,no
210,0,-0.02,0.01,0.050000000000000003,0.25,3.9755853059039513e-10,122,-3.9949034402645891e-13,4071,4121,1920,no
210,1,0,0,0.40000000000000002,0.25,3.1903432300655318e-09,191,2.1140987674993786e-12,4108,4084,1237,no
210,2,0.029999999999999999,0,0.20000000000000001,1,3.2726918106445418e-09,7,-7.4836670548647527e-13,4056,4136,4437,yes
210,3,0.029999999999999999,0.01,0.050000000000000003,5,1.7442658695209741e-09,73,2.9563878887933271e-13,4060,4132,6997,yes
211,0,-0.02,0.01,0.050000000000000003,0.25,4.0782709979005399e-10,30,-2.8138786080640485e-13,4072,4120,6399,no
211,1,0,0,0.40000000000000002,0.25,3.2078724740896368e-09,6083,2.9594122925925675e-12,4106,4086,1237,no
211,2,0.029999999999999999,0,0.20000000000000001,1,3.3237940279597715e-09,4,-4.3505901371686408e-12,4053,4139,256,no
211,3,0.029999999999999999,0.01,0.050000000000000003,5,1.8046131851642082e-09,207,-1.8900359916797855e-12,4083,4109,4714,no
212,0,-0.02,0.01,0.050000000000000003,0.25,4.2719421904972828e-10,16,3.4151803104321508e-13,4099,4093,4437,yes
212,1,0,0,0.40000000000000002,0.25,3.3140466069430826e-09,189,-6.3478841474901611e-12,3979,4213,3199,no
212,2,0.029999999999999999,0,0.20000000000000001,1,3.2630385293645261e-09,4,-4.6550577129051459e-12,4043,4149,4181,no
212,3,0.029999999999999999,0.01,0.050000000000000003,5,1.8257992583008191e-09,116,-7.7072318830797319e-13,4065,4127,6912,no
213,0,-0.02,0.01,0.050000000000000003,0.25,3.9964691261747951e-10,14,1.3366655444177434e-13,4150,4042,3413,yes
213,1,0,0,0.40000000000000002,0.25,3.3590651753530748e-09,94,-4.9547030016123853e-12,4075,4117,4181,no
213,2,0.029999999999999999,0,0.20000000000000001,1,3.1572271847737223e-09,4,-6.2579452379625292e-12,4072,4120,512,yes
213,3,0.029999999999999999,0.01,0.050000000000000003,5,1.725038422710795e-09,464,6.2535896306548166e-13,4096,4096,1152,no
214,0,-0.02,0.01,0.050000000000000003,0.25,4.2273917530518025e-10,14,7.7355762525795408e-13,4127,4065,6912,no
214,1,0,0,0.40000000000000002,0.25,3.2435534473696743e-09,47,-3.9241303178248762e-12,4014,4178,3199,no
214,2,0.029999999999999999,0,0.20000000000000001,1,3.3339573063556835e-09,4,-4.4929253289159596e-12,4066,4126,256,no
214,3,0.029999999999999999,0.01,0.050000000000000003,5,1.7463699954772331e-09,232,1.8526657692876882e-13,4116,4076,149,no
215,0,-0.02,0.01,0.050000000000000003,0.25,4.2658291019655541e-10,14,-3.7260286839648477e-13,4128,4064,4181,no
215,1,0,0,0.40000000000000002,0.25,3.4214763785067877e-09,47,-1.9482530842253476e-12,4063,4129,3199,no
215,2,0.029999999999999999,0,0.20000000000000001,1,3.1616427438831151e-09,4,-6.2628503747809585e-12,4066,4126,4181,no
215,3,0.029999999999999999,0.01,0.050000000000000003,5,1.756997987590027e-09,188,-7.4713255609791588e-13,4128,4064,4181,no
216,0,-0.02,0.01,0.050000000000000003,0.25,3.639759184827714e-10,57,-5.4261797203365218e-13,4039,4153,1280,no
216,1,0,0,0.40000000000000002,0.25,3.4012956945161591e-09,24,-8.1989747452267336e-13,4075,4117,4437,yes
216,2,0.029999999999999999,0,0.20000000000000001,1,2.9032016321019334e-09,4,-5.7424737100447316e-12,4082,4110,256,no
216,3,0.029999999999999999,0.01,0.050000000000000003,5,1.7722685016797222e-09,374,-7.4172848299493461e-13,4088,4104,4864,no
217,0,-0.02,0.01,0.050000000000000003,0.25,4.3296539542794563e-10,14,9.6251556519827152e-13,4134,4058,2218,yes
217,1,0,0,0.40000000000000002,0.25,3.4141865966851869e-09,23,-5.2219486121614304e-12,4028,4164,512,yes
217,2,0.029999999999999999,0,0.20000000000000001,1,3.0176469067121902e-09,4,-1.3374031490882779e-12,4059,4133,512,yes
217,3,0.029999999999999999,0.01,0.050000000000000003,5,1.691853852341134e-09,93,-3.026087793124021e-13,4098,4094,42,no
218,0,-0.02,0.01,0.050000000000000003,0.25,4.0271685898365823e-10,13,-1.4047497863276994e-13,4057,4135,3584,yes
218,1,0,0,0.40000000000000002,0.25,3.4194548929223256e-09,24,-1.9422978761792484e-12,4054,4138,3199,no
218,2,0.029999999999999999,0,0.20000000000000001,1,3.1790820728482174e-09,5,7.9236184471401403e-13,4049,4143,1237,no
218,3,0.029999999999999999,0.01,0.050000000000000003,5,1.6561423739085817e-09,4799,6.4119880331084714e-13,4144,4048,2431,no
219,0,-0.02,0.01,0.050000000000000003,0.25,4.0455826426511617e-10,13,-2.8416578268824098e-13,4048,4144,4864,no
219,1,0,0,0.40000000000000002,0.25,3.0922792286336073e-09,23,1.3925746546551075e-12,4055,4137,4181,no
219,2,0.029999999999999999,0,0.20000000000000001,1,3.4117670926803114e-09,4,-1.7785692483695348e-12,4084,4108,512,yes
219,3,0.029999999999999999,0.01,0.050000000000000003,5,1.7472855161804335e-09,61,-4.3228000444787408e-12,4077,4115,3114,no
220,0,-0.02,0.01,0.050000000000000003,0.25,3.8549713566139172e-10,13,-1.0171503405160998e-12,4026,4166,2218,yes
220,1,0,0,0.40000000000000002,0.25,3.1574040997757678e-09,11,-2.9671161430543694e-12,4067,4125,512,yes
220,2,0.029999999999999999,0,0.20000000000000001,1,3.2793921179994576e-09,4,1.1079009230868877e-11,4146,4046,3498,no
220,3,0.029999999999999999,0.01,0.050000000000000003,5,1.756940472991569e-09,109,-4.8708763144129986e-12,4083,4109,4181,no
221,0,-0.02,0.01,0.050000000000000003,0.25,4.0628077142963123e-10,13,2.1525999362453063e-14,4090,4102,4864,no
221,1,0,0,0.40000000000000002,0.25,3.2913592644224514e-09,11,2.3070905434208577e-12,4069,4123,3199,no
221,2,0.029999999999999999,0,0.20000000000000001,1,3.0375045502232864e-09,4,1.9056338977164011e-12,4105,4087,3498,no
221,3,0.029999999999999999,0.01,0.050000000000000003,5,1.7139349961173956e-09,121,-3.73428009768468e-13,4094,4098,5503,no
222,0,-0.02,0.01,0.050000000000000003,0.25,3.9754596993932809e-10,53,8.5201293658658067e-14,3995,4197,6399,no
222,1,0,0,0.40000000000000002,0.25,3.3847304951257153e-09,12,2.4363522861600447e-14,4085,4107,2218,yes
222,2,0.029999999999999999,0,0.20000000000000001,1,3.304775293235513e-09,4,2.5694665400879248e-12,4054,4138,6442,no
222,3,0.029999999999999999,0.01,0.050000000000000003,5,1.6663432287368458e-09,242,-3.5160975323952929e-12,4088,4104,3498,no
223,0,-0.02,0.01,0.050000000000000003,0.25,3.8828871088726097e-10,26,6.9220605445947835e-13,4111,4081,5205,no
223,1,0,0,0.40000000000000002,0.25,3.2619788480990062e-09,12,-2.5833554337010373e-12,4125,4067,512,yes
223,2,0.029999999999999999,0,0.20000000000000001,1,3.0483651053204794e-09,8,-1.103122830543931e-12,4051,4141,6912,no
223,3,0.029999999999999999,0.01,0.050000000000000003,5,1.6781509219070996e-09,967,9.4759830273088352e-14,4082,4110,42,no
224,0,-0.02,0.01,0.050000000000000003,0.25,4.307304630102e-10,7,1.5464805126688004e-13,4086,4106,2218,yes
224,1,0,0,0.40000000000000002,0.25,3.1794728516502523e-09,12,-5.157811234008324e-12,4019,4173,6997,yes
224,2,0.029999999999999999,0,0.20000000000000001,1,3.3912740219752243e-09,9,2.5094028518408148e-12,4110,4082,2218,yes
224,3,0.029999999999999999,0.01,0.050000000000000003,5,1.7253959286512031e-09,121,-1.3551419674372974e-12,4042,4150,469,no
225,0,-0.02,0.01,0.050000000000000003,0.25,3.6688069114023115e-10,9,-8.5375173159195288e-14,4074,4118,7765,no
225,1,0,0,0.40000000000000002,0.25,3.0837727523593342e-09,11,-4.445616604667257e-12,4033,4159,3584,yes
225,2,0.029999999999999999,0,0.20000000000000001,1,3.2583645732000721e-09,8,2.0554747272668488e-12,4130,4062,1621,no
225,3,0.029999999999999999,0.01,0.050000000000000003,5,1.7206747066220639e-09,570,2.0948006622005012e-12,4101,4091,149,no
226,0,-0.02,0.01,0.050000000000000003,0.25,4.1312944446761261e-10,8,-3.8866852959846029e-13,4099,4093,6399,no
226,1,0,0,0.40000000000000002,0.25,3.2314634852626386e-09,12,9.3719264336608845e-13,4155,4037,3498,no
226,2,0.029999999999999999,0,0.20000000000000001,1,3.1405140150853457e-09,8,3.4346948484116091e-12,4140,4052,3498,no
226,3,0.029999999999999999,0.01,0.050000000000000003,5,1.6813165654728088e-09,142,-3.04690402614874e-12,3981,4211,2197,no
227,0,-0.02,0.01,0.050000000000000003,0.25,4.1080616834438663e-10,9,-3.9573810824163411e-13,4086,4106,6399,no
227,1,0,0,0.40000000000000002,0.25,3.3910714289657408e-09,14,-2.459142277603526e-13,4124,4068,2218,yes
227,2,0.029999999999999999,0,0.20000000000000001,1,3.1982585521898801e-09,9,-5.1198557559099249e-12,4084,4108,2218,yes
227,3,0.029999999999999999,0.01,0.050000000000000003,5,1.7466993984120219e-09,243,3.6388019376454536e-12,4155,4037,4437,yes
228,0,-0.02,0.01,0.050000000000000003,0.25,4.0031011112740371e-10,8,-4.0002766007842247e-13,4036,4156,3669,no
228,1,0,0,0.40000000000000002,0.25,3.0826269741901137e-09,14,3.9626739962857816e-12,4127,4065,8021,yes
228,2,0.029999999999999999,0,0.20000000000000001,1,3.2896501517246771e-09,8,-7.0821854751682788e-12,4037,4155,6912,no
228,3,0.029999999999999999,0.01,0.050000000000000003,5,1.6041585284997211e-09,970,-2.6164589150554963e-13,4086,4106,7039,no
229,0,-0.02,0.01,0.050000000000000003,0.25,3.4410276154015625e-10,35,-4.3093975624900136e-14,4057,4135,3413,yes
229,1,0,0,0.40000000000000002,0.25,3.2096129182296249e-09,27,3.2131825241022526e-12,4093,4099,4181,no
229,2,0.029999999999999999,0,0.20000000000000001,1,3.0877725401842794e-09,8,7.1352232305261602e-13,4148,4044,7679,yes
229,3,0.029999999999999999,0.01,0.050000000000000003,5,1.7402795031184105e-09,121,2.532649300930236e-12,4115,4077,4864,no
230,0,-0.02,0.01,0.050000000000000003,0.25,3.934560932451862e-10,11,8.4103803876801083e-13,4118,4074,6912,no
230,1,0,0,0.40000000000000002,0.25,3.0984822931768181e-09,54,-4.667730724156932e-14,4068,4124,5461,yes
230,2,0.029999999999999999,0,0.20000000000000001,1,3.0784004603938621e-09,8,6.6241931460098626e-12,4150,4042,1920,no
230,3,0.029999999999999999,0.01,0.050000000000000003,5,1.6642471978292426e-09,105,-8.5590987836288467e-13,4067,4125,1280,no
231,0,-0.02,0.01,0.050000000000000003,0.25,3.9313756647439377e-10,11,-1.3296972987831283e-13,4083,4109,4181,no
231,1,0,0,0.40000000000000002,0.25,2.9256485419117639e-09,862,2.6216604509627479e-12,4132,4060,3925,yes
231,2,0.029999999999999999,0,0.20000000000000001,1,3.2155619355160239e-09,8,2.5034164946697412e-12,4081,4111,1280,no
231,3,0.029999999999999999,0.01,0.050000000000000003,5,1.694720883368219e-09,60,1.3722006346720559e-12,4092,4100,3669,no
232,0,-0.02,0.01,0.050000000000000003,0.25,4.1926317522304976e-10,11,1.7224418688286454e-13,4114,4078,6399,no
232,1,0,0,0.40000000000000002,0.25,3.0577540661853187e-09,54,-7.4734297153006865e-13,4055,4137,5461,yes
232,2,0.029999999999999999,0,0.20000000000000001,1,3.0557911396028776e-09,16,-4.4032814130474173e-13,4070,4122,6399,no
232,3,0.029999999999999999,0.01,0.050000000000000003,5,1.666597356902646e-09,60,-1.170028506032954e-12,4141,4051,4565,no
233,0,-0.02,0.01,0.050000000000000003,0.25,4.1043443441469062e-10,19,-6.3194215954123877e-13,4009,4183,6912,no
233,1,0,0,0.40000000000000002,0.25,3.1579224379330803e-09,26,-1.8006652100137712e-12,4052,4140,6997,yes
233,2,0.029999999999999999,0,0.20000000000000001,1,3.35141619845258e-09,16,-2.1650091816731798e-12,4105,4087,512,yes
233,3,0.029999999999999999,0.01,0.050000000000000003,5,1.6430537015021507e-09,211,-1.805053750805656e-12,4072,4120,6912,no
234,0,-0.02,0.01,0.050000000000000003,0.25,3.8740434499056931e-10,19,9.4295466528815077e-14,4099,4093,4437,yes
234,1,0,0,0.40000000000000002,0.25,3.3370295052690866e-09,14,-1.9474888982850686e-12,4055,4137,512,yes
234,2,0.029999999999999999,0,0.20000000000000001,1,3.2402080509436151e-09,15,-4.4010817827066642e-12,4028,4164,2218,yes
234,3,0.029999999999999999,0.01,0.050000000000000003,5,1.6478196405277514e-09,119,-2.8231242368687868e-12,4066,4126,7808,no
235,0,-0.02,0.01,0.050000000000000003,0.25,3.8388511677334274e-10,76,6.9714065982339564e-14,4058,4134,6399,no
235,1,0,0,0.40000000000000002,0.25,3.4000914398536827e-09,14,-9.3947048345989493e-12,4019,4173,4864,no
235,2,0.029999999999999999,0,0.20000000000000001,1,3.0468487947434534e-09,16,1.8215106218121005e-12,4120,4072,1621,no
235,3,0.029999999999999999,0.01,0.050000000000000003,5,1.7399630589286996e-09,475,3.4232260947624225e-12,4195,3997,42,no
236,0,-0.02,0.01,0.050000000000000003,0.25,3.787532460767411e-10,303,-1.017879224413297e-12,4068,4124,341,yes
236,1,0,0,0.40000000000000002,0.25,3.1179157658468774e-09,14,-2.0436029390851537e-12,4076,4116,3584,yes
236,2,0.029999999999999999,0,0.20000000000000001,1,3.3213570702836863e-09,16,-2.4510825446982016e-12,4073,4119,4181,no
236,3,0.029999999999999999,0.01,0.050000000000000003,5,1.7430326706156677e-09,474,1.1815904196980687e-13,4040,4152,512,yes
237,0,-0.02,0.01,0.050000000000000003,0.25,4.2329762585593299e-10,38,7.1723081228722107e-13,4128,4064,2218,yes
237,1,0,0,0.40000000000000002,0.25,2.8893195660653107e-09,6,6.1200199578432674e-12,4079,4113,5205,no
237,2,0.029999999999999999,0,0.20000000000000001,1,2.995222840457886e-09,32,-7.3536709551362964e-12,4038,4154,6912,no
237,3,0.029999999999999999,0.01,0.050000000000000003,5,1.6825358723472429e-09,124,1.2117076064031666e-12,4100,4092,2218,yes
238,0,-0.02,0.01,0.050000000000000003,0.25,3.6876135329339256e-10,20,-4.7761601049667327e-14,4075,4117,1365,yes
238,1,0,0,0.40000000000000002,0.25,3.1388008647416764e-09,6,1.3262767485324285e-12,4078,4114,6912,no
238,2,0.029999999999999999,0,0.20000000000000001,1,3.1539279829686976e-09,32,-1.3699102751106198e-12,4059,4133,2218,yes
238,3,0.029999999999999999,0.01,0.050000000000000003,5,1.5271299499214576e-09,992,1.4597303443691049e-12,4099,4093,1621,no
239,0,-0.02,0.01,0.050000000000000003,0.25,3.6521860053455903e-10,20,-9.9735015855293101e-13,4018,4174,4437,yes
239,1,0,0,0.40000000000000002,0.25,3.0580889839378596e-09,6,-2.1604554632703899e-12,4116,4076,4607,yes
239,2,0.029999999999999999,0,0.20000000000000001,1,3.2299286295949232e-09,31,7.8352883527232724e-12,4137,4055,4181,no
239,3,0.029999999999999999,0.01,0.050000000000000003,5,1.6298320837381908e-09,123,-1.3423257060990097e-13,4091,4101,3498,no
240,0,-0.02,0.01,0.050000000000000003,0.25,3.7151904862500278e-10,40,-3.1061361709750992e-13,4143,4049,3925,yes
240,1,0,0,0.40000000000000002,0.25,3.1032037631722567e-09,6,-7.3270217585924293e-12,4041,4151,6399,no
240,2,0.029999999999999999,0,0.20000000000000001,1,2.9261639751326465e-09,63,-9.7023404503309995e-12,4014,4178,5888,no
240,3,0.029999999999999999,0.01,0.050000000000000003,5,1.7155298897794473e-09,187,2.469104285283117e-12,4120,4072,3199,no
241,0,-0.02,0.01,0.050000000000000003,0.25,3.8756241761972485e-10,40,-5.4637480938687735e-13,4071,4121,341,yes
241,1,0,0,0.40000000000000002,0.25,3.3147737710122136e-09,6,-9.3735246461778965e-12,3983,4209,4864,no
241,2,0.029999999999999999,0,0.20000000000000001,1,3.044064107645309e-09,126,1.9650588574672579e-13,4055,4137,4181,no
241,3,0.029999999999999999,0.01,0.050000000000000003,5,1.7229413486503347e-09,746,-2.2400816642493186e-12,4047,4145,4181,no
242,0,-0.02,0.01,0.050000000000000003,0.25,3.7957158666401364e-10,81,1.0196915953528e-12,4199,3993,4437,yes
242,1,0,0,0.40000000000000002,0.25,3.0468629416753636e-09,5,-3.74299641039198e-12,4087,4105,512,yes
242,2,0.029999999999999999,0,0.20000000000000001,1,3.2169059346282659e-09,501,-5.4594118316437623e-12,4051,4141,6912,no
242,3,0.029999999999999999,0.01,0.050000000000000003,5,1.6337361897292249e-09,186,1.886595193502865e-12,4152,4040,3114,no
243,0,-0.02,0.01,0.050000000000000003,0.25,3.5971671536501782e-10,1284,-2.217434766047067e-13,4104,4088,1365,yes
243,1,0,0,0.40000000000000002,0.25,3.2116151005346492e-09,6,4.6339541739669784e-12,4076,4116,2218,yes
243,2,0.029999999999999999,0,0.20000000000000001,1,3.2338421085568029e-09,125,-4.1177528528510187e-13,4086,4106,256,no
243,3,0.029999999999999999,0.01,0.050000000000000003,5,1.761039112616354e-09,102,-1.1748584227149782e-12,4066,4126,469,no
244,0,-0.02,0.01,0.050000000000000003,0.25,3.4962486503741833e-10,80,-6.3172098690940613e-13,4042,4150,2303,no
244,1,0,0,0.40000000000000002,0.25,3.2692217143423582e-09,6,3.5196449177424621e-12,4186,4006,2218,yes
244,2,0.029999999999999999,0,0.20000000000000001,1,3.2125977954716154e-09,62,-1.5116290907843027e-12,4078,4114,4864,no
244,3,0.029999999999999999,0.01,0.050000000000000003,5,1.7701101512482656e-09,102,-3.1842414240898538e-12,4074,4118,2218,yes
245,0,-0.02,0.01,0.050000000000000003,0.25,3.7858059967135285e-10,40,8.6781999936754154e-14,4078,4114,1621,no
245,1,0,0,0.40000000000000002,0.25,3.1570395077625833e-09,5,2.143485624688482e-12,4096,4096,3498,no
245,2,0.029999999999999999,0,0.20000000000000001,1,3.1086803311268405e-09,62,3.4220410112519991e-12,4137,4055,1621,no
245,3,0.029999999999999999,0.01,0.050000000000000003,5,1.6624431158842546e-09,60,-2.2112957738798002e-12,4062,4130,4437,yes
246,0,-0.02,0.01,0.050000000000000003,0.25,3.5285053049685266e-10,40,-3.7744009273485225e-13,4019,4173,5205,no
246,1,0,0,0.40000000000000002,0.25,2.8448089812515315e-09,6,-4.161171380718653e-13,4121,4071,4095,yes
246,2,0.029999999999999999,0,0.20000000000000001,1,2.9648622818855581e-09,31,-2.8026941851695251e-12,4021,4171,4095,yes
246,3,0.029999999999999999,0.01,0.050000000000000003,5,1.6794219133205652e-09,242,2.7417793934188606e-12,4080,4112,469,no
247,0,-0.02,0.01,0.050000000000000003,0.25,4.1068140985890403e-10,63,1.2443487907692236e-13,4123,4069,6399,no
247,1,0,0,0.40000000000000002,0.25,3.219938293755225e-09,6,3.2878536560735949e-12,4134,4058,4437,yes
247,2,0.029999999999999999,0,0.20000000000000001,1,2.8032219535687148e-09,31,1.7677293518629263e-12,4096,4096,2389,yes
247,3,0.029999999999999999,0.01,0.050000000000000003,5,1.6188242064116255e-09,241,8.2661371500641597e-13,4127,4065,4650,no
248,0,-0.02,0.01,0.050000000000000003,0.25,3.8064146507162226e-10,63,1.6679208085610233e-13,4114,4078,5461,yes
248,1,0,0,0.40000000000000002,0.25,3.1977272640349139e-09,5,-1.667581511647334e-12,4107,4085,256,no
248,2,0.029999999999999999,0,0.20000000000000001,1,3.2455773903292948e-09,16,-2.8881190715568077e-12,4065,4127,4864,no
248,3,0.029999999999999999,0.01,0.050000000000000003,5,1.697578163195939e-09,60,9.5219320191965417e-13,4075,4117,3114,no
249,0,-0.02,0.01,0.050000000000000003,0.25,3.6216062860864156e-10,125,6.664644321620528e-13,4089,4103,1365,yes
249,1,0,0,0.40000000000000002,0.25,3.0269059112600997e-09,5,-8.0286945432549035e-12,4065,4127,3413,yes
249,2,0.029999999999999999,0,0.20000000000000001,1,3.0616941662276161e-09,15,9.4787494447372126e-13,4071,4121,256,no
249,3,0.029999999999999999,0.01,0.050000000000000003,5,1.5685522263408182e-09,114,-4.2074830628598298e-12,4026,4166,3029,no
250,0,-0.02,0.01,0.050000000000000003,0.25,3.8455286536535464e-10,250,4.2527344895586841e-13,4063,4129,4437,yes
250,1,0,0,0.40000000000000002,0.25,3.1928382447497719e-09,5,3.4668858384069782e-12,4092,4100,4437,yes
250,2,0.029999999999999999,0,0.20000000000000001,1,2.9318291332438622e-09,15,-5.8547687209507611e-12,4072,4120,3413,yes
250,3,0.029999999999999999,0.01,0.050000000000000003,5,1.5853917890397148e-09,110,-1.0536418649310138e-12,4014,4178,3114,no
251,0,-0.02,0.01,0.050000000000000003,0.25,3.65810962541454e-10,498,-2.4080944439022084e-13,4061,4131,3072,yes
251,1,0,0,0.40000000000000002,0.25,3.0088264963442322e-09,6,1.4012427541210658e-12,4078,4114,1621,no
251,2,0.029999999999999999,0,0.20000000000000001,1,3.1697382223644679e-09,15,1.9688997866119085e-12,4071,4121,4437,yes
251,3,0.029999999999999999,0.01,0.050000000000000003,5,1.7480762176507266e-09,219,-1.5611556867947411e-12,4078,4114,4864,no
252,0,-0.02,0.01,0.050000000000000003,0.25,3.5066120838323105e-10,124,-1.5228784386703546e-13,4059,4133,6399,no
252,1,0,0,0.40000000000000002,0.25,3.26754020333887e-09,5,-1.392770829809175e-12,4096,4096,4437,yes
252,2,0.029999999999999999,0,0.20000000000000001,1,3.1749946129329501e-09,16,-5.4368266891671109e-13,4133,4059,2218,yes
252,3,0.029999999999999999,0.01,0.050000000000000003,5,1.6038052344196115e-09,1749,-2.6440954141437015e-12,4071,4121,7210,no
253,0,-0.02,0.01,0.050000000000000003,0.25,3.6144956689061735e-10,62,-7.1510514910776026e-13,4065,4127,3584,yes
253,1,0,0,0.40000000000000002,0.25,2.6419105559601645e-09,5,-4.8493837727468974e-12,4031,4161,6399,no
253,2,0.029999999999999999,0,0.20000000000000001,1,3.1867064470605737e-09,15,2.9104281175264072e-12,4160,4032,3413,yes
253,3,0.029999999999999999,0.01,0.050000000000000003,5,1.6073376802260413e-09,218,-2.6371342511096517e-12,4100,4092,6399,no
254,0,-0.02,0.01,0.050000000000000003,0.25,4.0872863838318495e-10,62,5.8891626732417549e-13,4155,4037,6399,no
254,1,0,0,0.40000000000000002,0.25,3.0307650486166252e-09,20,6.3209800519522832e-12,4087,4105,7679,yes
254,2,0.029999999999999999,0,0.20000000000000001,1,2.9049047201401766e-09,15,3.5638591314920732e-12,4051,4141,5461,yes
254,3,0.029999999999999999,0.01,0.050000000000000003,5,1.7130396798241602e-09,157,-1.6302450574947064e-13,4055,4137,469,no
255,0,-0.02,0.01,0.050000000000000003,0.25,3.7897231500706031e-10,83,-2.1057522282665683e-14,4091,4101,5461,yes
255,1,0,0,0.40000000000000002,0.25,3.2408473281459954e-09,5,-2.0002848008059344e-12,4078,4114,2218,yes
255,2,0.029999999999999999,0,0.20000000000000001,1,2.6665988190962456e-09,8,5.2569638206890817e-12,4101,4091,3840,no
255,3,0.029999999999999999,0.01,0.050000000000000003,5,1.6776213614280484e-09,1248,-7.3382091747162703e-13,4079,4113,469,no
256,0,-0.02,0.01,0.050000000000000003,0.25,3.9695823396887329e-10,82,-9.2501163180044329e-13,4014,4178,512,yes
256,1,0,0,0.40000000000000002,0.25,2.9134516799959734e-09,6,7.7940168047699197e-12,4108,4084,2218,yes
256,2,0.029999999999999999,0,0.20000000000000001,1,2.8993934089771084e-09,7,-1.0871108196379444e-11,4035,4157,5461,yes
256,3,0.029999999999999999,0.01,0.050000000000000003,5,1.5789424273127507e-09,156,-1.2953971623068586e-13,4123,4069,981,no
