payload_index,donor_index,source_region,region_offset,packet,half,lane,sobol_word,float_bits,hard_tail_index
0,8192,0,0,0,0,0,786432,0xc0640d3b,60
1,8193,0,1,0,0,1,2148270080,0x39f0a2f0,-1
2,8194,0,2,0,0,2,3222011904,0x3f2cd121,-1
3,8195,0,3,0,0,3,1074528256,0xbf2c859b,-1
4,8196,0,4,0,0,4,1611399168,0xbea2e569,-1
5,8197,0,5,0,0,5,3758882816,0x3f935bcf,-1
6,8198,0,6,0,0,6,2685140992,0x3ea363ff,-1
7,8199,0,7,0,0,7,537657344,0xbf932184,-1
8,8200,0,8,0,0,8,806092800,0xbf62ef78,-1
9,8201,0,9,0,0,9,2953576448,0x3efa84b4,-1
10,8202,0,10,0,0,10,4027318272,0x3fc48ee8,-1
11,8203,0,11,0,0,11,1879834624,0xbe209c3e,-1
12,8204,0,12,0,0,12,1342963712,0xbef9fd1e,-1
13,8205,0,13,0,0,13,3490447360,0x3f6348a2,-1
14,8206,0,14,0,0,14,2416705536,0x3e218fdf,-1
15,8207,0,15,0,0,15,269221888,0xbfc42d55,-1
16,8208,0,16,0,1,0,403439616,0xbfa890c2,-1
17,8209,0,17,0,1,1,2550923264,0x3e7360de,-1
18,8210,0,18,0,1,2,3624665088,0x3f81606a,-1
19,8211,0,19,0,1,3,1477181440,0xbecdb280,-1
20,8212,0,20,0,1,4,2014052352,0xbd9fa550,-1
21,8213,0,21,0,1,5,4161536000,0x3feec374,-1
22,8214,0,22,0,1,6,3087794176,0x3f146595,-1
23,8215,0,23,0,1,7,940310528,0xbf469aed,-1
24,8216,0,24,0,1,8,671875072,0xbf812e52,-1
25,8217,0,25,0,1,9,2819358720,0x3ece34f5,-1
26,8218,0,26,0,1,10,3893100544,0x3fa8d874,-1
27,8219,0,27,0,1,11,1745616896,0xbe72695e,-1
28,8220,0,28,0,1,12,1208745984,0xbf141e71,-1
29,8221,0,29,0,1,13,3356229632,0x3f46ec3f,-1
30,8222,0,30,0,1,14,2282487808,0x3da18812,-1
31,8223,0,31,0,1,15,135004160,0xbfee18f4,-1
32,8224,0,32,1,0,0,202113024,0xbfd64808,-1
33,8225,0,33,1,0,1,2349596672,0x3df223a6,-1
34,8226,0,34,1,0,2,3423338496,0x3f54c6d7,-1
35,8227,0,35,1,0,3,1275854848,0xbf086ade,-1
36,8228,0,36,1,0,4,1812725760,0xbe4959ab,-1
37,8229,0,37,1,0,5,3960209408,0x3fb5a381,-1
38,8230,0,38,1,0,6,2886467584,0x3ee4261f,-1
39,8231,0,39,1,0,7,738983936,0xbf723137,-1
40,8232,0,40,1,0,8,1007419392,0xbf3952ad,-1
41,8233,0,41,1,0,9,3154903040,0x3f206ca0,-1
42,8234,0,42,1,0,10,4228644864,0x400a25f5,-1
43,8235,0,43,1,0,11,2081161216,0xbd1e9577,-1
44,8236,0,44,1,0,12,1544290304,0xbeb822c3,-1
45,8237,0,45,1,0,13,3691773952,0x3f8a06eb,-1
46,8238,0,46,1,0,14,2618032128,0x3e8e6bf8,-1
47,8239,0,47,1,0,15,470548480,0xbf9d4bfe,-1
48,8240,0,48,1,1,0,336330752,0xbfb55153,-1
49,8241,0,49,1,1,1,2483814400,0x3e4a4f07,-1
50,8242,0,50,1,1,2,3557556224,0x3f728f65,-1
51,8243,0,51,1,1,3,1410072576,0xbee3a147,-1
52,8244,0,52,1,1,4,1946943488,0xbdf03f07,-1
53,8245,0,53,1,1,5,4094427136,0x3fd6c28c,-1
54,8246,0,54,1,1,6,3020685312,0x3f08b039,-1
55,8247,0,55,1,1,7,873201664,0xbf5471e8,-1
56,8248,0,56,1,1,8,604766208,0xbf89d12b,-1
57,8249,0,57,1,1,9,2752249856,0x3eb8a324,-1
58,8250,0,58,1,1,10,3825991680,0x3f9d8c12,-1
59,8251,0,59,1,1,11,1678508032,0xbe8deeec,-1
60,8252,0,60,1,1,12,1141637120,0xbf202370,-1
61,8253,0,61,1,1,13,3289120768,0x3f39a0e4,-1
62,8254,0,62,1,1,14,2215378944,0x3d2258c0,-1
63,8255,0,63,1,1,15,67895296,0xc0098cfa,-1
64,8256,0,64,2,0,0,101449728,0xbffdf803,-1
65,8257,0,65,2,0,1,2248933376,0x3d72a87d,-1
66,8258,0,66,2,0,2,3322675200,0x3f4035fb,-1
67,8259,0,67,2,0,3,1175191552,0xbf1a1612,-1
68,8260,0,68,2,0,4,1712062464,0xbe838ae7,-1
69,8261,0,69,2,0,5,3859546112,0x3fa3099e,-1
70,8262,0,70,2,0,6,2785804288,0x3ec360f3,-1
71,8263,0,71,2,0,7,638320640,0xbf856c4e,-1
72,8264,0,72,2,0,8,906756096,0xbf4d7333,-1
73,8265,0,73,2,0,9,3054239744,0x3f0e815d,-1
74,8266,0,74,2,0,10,4127981568,0x3fe1c589,-1
75,8267,0,75,2,0,11,1980497920,0xbdc7e843,-1
76,8268,0,76,2,0,12,1443627008,0xbed89d2b,-1
77,8269,0,77,2,0,13,3591110656,0x3f7a8808,-1
78,8270,0,78,2,0,14,2517368832,0x3e5ecc7a,-1
79,8271,0,79,2,0,15,369885184,0xbfaeb98e,-1
80,8272,0,80,2,1,0,504102912,0xbf98180e,-1
81,8273,0,81,2,1,1,2651586560,0x3e98dfc7,-1
82,8274,0,82,2,1,2,3725328384,0x3f8e991c,-1
83,8275,0,83,2,1,3,1577844736,0xbead7a88,-1
84,8276,0,84,2,1,4,2114715648,0xbc9cac7f,-1
85,8277,0,85,2,1,5,4262199296,0x401b4680,-1
86,8278,0,86,2,1,6,3188457472,0x3f269262,-1
87,8279,0,87,2,1,7,1040973824,0xbf32ddd4,-1
88,8280,0,88,2,1,8,772538368,0xbf6a75b1,-1
89,8281,0,89,2,1,9,2920022016,0x3eef46cc,-1
90,8282,0,90,2,1,10,3993763840,0x3fbcc72a,-1
91,8283,0,91,2,1,11,1846280192,0xbe34f1ca,-1
92,8284,0,92,2,1,12,1309409280,0xbf02ac63,-1
93,8285,0,93,2,1,13,3456892928,0x3f5bf122,-1
94,8286,0,94,2,1,14,2383151104,0x3e0d49c7,-1
95,8287,0,95,2,1,15,235667456,0xbfccb7be,-1
96,8288,0,96,3,0,0,168558592,0xbfe13791,-1
97,8289,0,97,3,0,1,2316042240,0x3dc9cbdb,-1
98,8290,0,98,3,0,2,3389784064,0x3f4dc642,-1
99,8291,0,99,3,0,3,1242300416,0xbf0e3b24,-1
100,8292,0,100,3,0,4,1779171328,0xbe5dd61a,-1
101,8293,0,101,3,0,5,3926654976,0x3faf060a,-1
102,8294,0,102,3,0,6,2852913152,0x3ed920c7,-1
103,8295,0,103,3,0,7,705429504,0xbf7a26fe,-1
104,8296,0,104,3,0,8,973864960,0xbf3fe645,-1
105,8297,0,105,3,0,9,3121348608,0x3f1a5e33,-1
106,8298,0,106,3,0,10,4195090432,0x3ffed0c6,-1
107,8299,0,107,3,0,11,2047606784,0xbd6ee447,-1
108,8300,0,108,3,0,12,1510735872,0xbec2df92,-1
109,8301,0,109,3,0,13,3658219520,0x3f85a023,-1
110,8302,0,110,3,0,14,2584477696,0x3e840746,-1
111,8303,0,111,3,0,15,436994048,0xbfa2c602,-1
112,8304,0,112,3,1,0,302776320,0xbfbc6e19,-1
113,8305,0,113,3,1,1,2450259968,0x3e35e63b,-1
114,8306,0,114,3,1,2,3524001792,0x3f6ad141,-1
115,8307,0,115,3,1,3,1376518144,0xbeeec0a0,-1
116,8308,0,116,3,1,4,1913389056,0xbe0c56db,-1
117,8309,0,117,3,1,5,4060872704,0x3fcd241b,-1
118,8310,0,118,3,1,6,2987130880,0x3f02f0ef,-1
119,8311,0,119,3,1,7,839647232,0xbf5b9a2b,-1
120,8312,0,120,3,1,8,571211776,0xbf8e6137,-1
121,8313,0,121,3,1,9,2718695424,0x3eadf9fb,-1
122,8314,0,122,3,1,10,3792437248,0x3f98550e,-1
123,8315,0,123,3,1,11,1644953600,0xbe9861fe,-1
124,8316,0,124,3,1,12,1108082688,0xbf264812,-1
125,8317,0,125,3,1,13,3255566336,0x3f332aa6,-1
126,8318,0,126,3,1,14,2181824512,0x3ca431f5,-1
127,8319,0,127,3,1,15,34340864,0xc01a2ef5,-1
128,8320,0,128,4,0,0,51118080,0xc010a879,-1
129,8321,0,129,4,0,1,2198601728,0x3cf46eba,-1
130,8322,0,130,4,0,2,3272343552,0x3f36620d,-1
131,8323,0,131,4,0,3,1124859904,0xbf2332bf,-1
132,8324,0,132,4,0,4,1661730816,0xbe93267f,-1
133,8325,0,133,4,0,5,3809214464,0x3f9ae856,-1
134,8326,0,134,4,0,6,2735472640,0x3eb34c13,-1
135,8327,0,135,4,0,7,587988992,0xbf8c137f,-1
136,8328,0,136,4,0,8,856424448,0xbf5800a2,-1
137,8329,0,137,4,0,9,3003908096,0x3f05ce6b,-1
138,8330,0,138,4,0,10,4077649920,0x3fd1cd6c,-1
139,8331,0,139,4,0,11,1930166272,0xbe023990,-1
140,8332,0,140,4,0,12,1393295360,0xbee92d6e,-1
141,8333,0,141,4,0,13,3540779008,0x3f6ea956,-1
142,8334,0,142,4,0,14,2467037184,0x3e401830,-1
143,8335,0,143,4,0,15,319553536,0xbfb8cd74,-1
144,8336,0,144,4,1,0,453771264,0xbf9fffa0,-1
145,8337,0,145,4,1,1,2601254912,0x3e8937d0,-1
146,8338,0,146,4,1,2,3674996736,0x3f87ce63,-1
147,8339,0,147,4,1,3,1527513088,0xbebd7e80,-1
148,8340,0,148,4,1,4,2064384000,0xbd46ba6d,-1
149,8341,0,149,4,1,5,4211867648,0x40045051,-1
150,8342,0,150,4,1,6,3138125824,0x3f1d6298,-1
151,8343,0,151,4,1,7,990642176,0xbf3c987d,-1
152,8344,0,152,4,1,8,722206720,0xbf76247d,-1
153,8345,0,153,4,1,9,2869690368,0x3edea026,-1
154,8346,0,154,4,1,10,3943432192,0x3fb24589,-1
155,8347,0,155,4,1,11,1795948544,0xbe53952d,-1
156,8348,0,156,4,1,12,1259077632,0xbf0b50b4,-1
157,8349,0,157,4,1,13,3406561280,0x3f51418a,-1
158,8350,0,158,4,1,14,2332819456,0x3dddf4ff,-1
159,8351,0,159,4,1,15,185335808,0xbfdb8c8b,-1
160,8352,0,160,5,0,0,252444672,0xbfc85600,-1
161,8353,0,161,5,0,1,2399928320,0x3e176aed,-1
162,8354,0,162,5,0,2,3473670144,0x3f5f9700,-1
163,8355,0,163,5,0,3,1326186496,0xbeffa6eb,-1
164,8356,0,164,5,0,4,1863057408,0xbe2ac4dc,-1
165,8357,0,165,5,0,5,4010541056,0x3fc09445,-1
166,8358,0,166,5,0,6,2936799232,0x3ef4e1f9,-1
167,8359,0,167,5,0,7,789315584,0xbf66ac34,-1
168,8360,0,168,5,0,8,1057751040,0xbf2fae43,-1
169,8361,0,169,5,0,9,3205234688,0x3f29ae87,-1
170,8362,0,170,5,0,10,4278976512,0x402b46cf,0
171,8363,0,171,5,0,11,2131492864,0xbc18e813,-1
172,8364,0,172,5,0,12,1594621952,0xbea82dac,-1
173,8365,0,173,5,0,13,3742105600,0x3f90f40b,-1
174,8366,0,174,5,0,14,2668363776,0x3e9e1fc0,-1
175,8367,0,175,5,0,15,520880128,0xbf959597,-1
176,8368,0,176,5,1,0,386662400,0xbfab9871,-1
177,8369,0,177,5,1,1,2534146048,0x3e6913a9,-1
178,8370,0,178,5,1,2,3607887872,0x3f7e9c07,-1
179,8371,0,179,5,1,3,1460404224,0xbed324c3,-1
180,8372,0,180,5,1,4,1997275136,0xbdb3c491,-1
181,8373,0,181,5,1,5,4144758784,0x3fe7f815,-1
182,8374,0,182,5,1,6,3071016960,0x3f117102,-1
183,8375,0,183,5,1,7,923533312,0xbf4a0271,-1
184,8376,0,184,5,1,8,655097856,0xbf8348b3,-1
185,8377,0,185,5,1,9,2802581504,0x3ec8c814,-1
186,8378,0,186,5,1,10,3876323328,0x3fa5e61b,-1
187,8379,0,187,5,1,11,1728839680,0xbe7cbc4a,-1
188,8380,0,188,5,1,12,1191968768,0xbf1717a0,-1
189,8381,0,189,5,1,13,3339452416,0x3f438cd0,-1
190,8382,0,190,5,1,14,2265710592,0x3d8d6c6a,-1
191,8383,0,191,5,1,15,118226944,0xbff58fd7,-1
192,8384,0,192,6,0,0,84672512,0xc003d1df,-1
193,8385,0,193,6,0,1,2232156160,0x3d4a7e21,-1
194,8386,0,194,6,0,2,3305897984,0x3f3ce770,-1
195,8387,0,195,6,0,3,1158414336,0xbf1d19f2,-1
196,8388,0,196,6,0,4,1695285248,0xbe88bb1c,-1
197,8389,0,197,6,0,5,3842768896,0x3fa04168,-1
198,8390,0,198,6,0,6,2769027072,0x3ebdff5f,-1
199,8391,0,199,6,0,7,621543424,0xbf87999f,-1
200,8392,0,200,6,0,8,889978880,0xbf50ed90,-1
201,8393,0,201,6,0,9,3037462528,0x3f0b967c,-1
202,8394,0,202,6,0,10,4111204352,0x3fdc0ff2,-1
203,8395,0,203,6,0,11,1963720704,0xbddc10ea,-1
204,8396,0,204,6,0,12,1426849792,0xbede1bee,-1
205,8397,0,205,6,0,13,3574333440,0x3f768411,-1
206,8398,0,206,6,0,14,2500591616,0x3e548b07,-1
207,8399,0,207,6,0,15,353107968,0xbfb1f655,-1
208,8400,0,208,6,1,0,487325696,0xbf9aa9d8,-1
209,8401,0,209,6,1,1,2634809344,0x3e93a3e7,-1
210,8402,0,210,6,1,2,3708551168,0x3f8c4a4a,-1
211,8403,0,211,6,1,3,1561067520,0xbeb2cc2b,-1
212,8404,0,212,6,1,4,2097938432,0xbcece8ce,-1
213,8405,0,213,6,1,5,4245422080,0x40116c94,-1
214,8406,0,214,6,1,6,3171680256,0x3f237c7d,-1
215,8407,0,215,6,1,7,1024196608,0xbf36148c,-1
216,8408,0,216,6,1,8,755761152,0xbf6e4c7f,-1
217,8409,0,217,6,1,9,2903244800,0x3ee9b2ed,-1
218,8410,0,218,6,1,10,3976986624,0x3fb922e8,-1
219,8411,0,219,6,1,11,1829502976,0xbe3f234d,-1
220,8412,0,220,6,1,12,1292632064,0xbf058979,-1
221,8413,0,221,6,1,13,3440115712,0x3f585690,-1
222,8414,0,222,6,1,14,2366373888,0x3e032c2a,-1
223,8415,0,223,6,1,15,218890240,0xbfd15a80,-1
224,8416,0,224,7,0,0,151781376,0xbfe75d59,-1
225,8417,0,225,7,0,1,2299265024,0x3db5a7b7,-1
226,8418,0,226,7,0,2,3373006848,0x3f4a549d,-1
227,8419,0,227,7,0,3,1225523200,0xbf112a55,-1
228,8420,0,228,7,0,4,1762394112,0xbe681cbc,-1
229,8421,0,229,7,0,5,3909877760,0x3fabe26f,-1
230,8422,0,230,7,0,6,2836135936,0x3ed3a7c9,-1
231,8423,0,231,7,0,7,688652288,0xbf7e3973,-1
232,8424,0,232,7,0,8,957087744,0xbf433c4f,-1
233,8425,0,233,7,0,9,3104571392,0x3f175f41,-1
234,8426,0,234,7,0,10,4178313216,0x3ff64e57,-1
235,8427,0,235,7,0,11,2030829568,0xbd8b8a02,-1
236,8428,0,236,7,0,12,1493958656,0xbec8462c,-1
237,8429,0,237,7,0,13,3641442304,0x3f837ba3,-1
238,8430,0,238,7,0,14,2567700480,0x3e7db466,-1
239,8431,0,239,7,0,15,420216832,0xbfa5a088,-1
240,8432,0,240,7,1,0,285999104,0xbfc0372f,-1
241,8433,0,241,7,1,1,2433482752,0x3e2bb8e3,-1
242,8434,0,242,7,1,2,3507224576,0x3f67068b,-1
243,8435,0,243,7,1,3,1359740928,0xbef45b1b,-1
244,8436,0,244,7,1,4,1896611840,0xbe1677a9,-1
245,8437,0,245,7,1,5,4044095488,0x3fc8bca1,-1
246,8438,0,246,7,1,6,2970353664,0x3f0017a0,-1
247,8439,0,247,7,1,7,822870016,0xbf5f3ef5,-1
248,8440,0,248,7,1,8,554434560,0xbf90bafc,-1
249,8441,0,249,7,1,9,2701918208,0x3ea8acae,-1
250,8442,0,250,7,1,10,3775660032,0x3f95d132,-1
251,8443,0,251,7,1,11,1628176384,0xbe9da193,-1
252,8444,0,252,7,1,12,1091305472,0xbf29639e,-1
253,8445,0,253,7,1,13,3238789120,0x3f2ffa6d,-1
254,8446,0,254,7,1,14,2165047296,0x3c27f271,-1
255,8447,0,255,7,1,15,17563648,0xc0294128,-1
256,8448,0,256,8,0,0,25952256,0xc0209e2b,-1
257,8449,0,257,8,0,1,2173435904,0x3c782a6b,-1
258,8450,0,258,8,0,2,3247177728,0x3f3191a8,-1
259,8451,0,259,8,0,3,1099694080,0xbf27d50d,-1
260,8452,0,260,8,0,4,1636564992,0xbe9b0143,-1
261,8453,0,261,8,0,5,3784048640,0x3f971142,-1
262,8454,0,262,8,0,6,2710306816,0x3eab52be,-1
263,8455,0,263,8,0,7,562823168,0xbf8f8c8d,-1
264,8456,0,264,8,0,8,831258624,0xbf5d6b21,-1
265,8457,0,265,8,0,9,2978742272,0x3f0183c4,-1
266,8458,0,266,8,0,10,4052484096,0x3fcae8ae,-1
267,8459,0,267,8,0,11,1905000448,0xbe1166ce,-1
268,8460,0,268,8,0,12,1368129536,0xbef18cf1,-1
269,8461,0,269,8,0,13,3515613184,0x3f68ea43,-1
270,8462,0,270,8,0,14,2441871360,0x3e30cf00,-1
271,8463,0,271,8,0,15,294387712,0xbfbe4d50,-1
272,8464,0,272,8,1,0,428605440,0xbfa430a8,-1
273,8465,0,273,8,1,1,2576089088,0x3e817050,-1
274,8466,0,274,8,1,2,3649830912,0x3f848cb3,-1
275,8467,0,275,8,1,3,1502347264,0xbec5922b,-1
276,8468,0,276,8,1,4,2039218176,0xbd817dac,-1
277,8469,0,277,8,1,5,4186701824,0x3ffa6c27,-1
278,8470,0,278,8,1,6,3112960000,0x3f18de0e,-1
279,8471,0,279,8,1,7,965476352,0xbf41903d,-1
280,8472,0,280,8,1,8,697040896,0xbf7c2e2e,-1
281,8473,0,281,8,1,9,2844524544,0x3ed6637f,-1
282,8474,0,282,8,1,10,3918266368,0x3fad70e6,-1
283,8475,0,283,8,1,11,1770782720,0xbe62f8b0,-1
284,8476,0,284,8,1,12,1233911808,0xbf0fb222,-1
285,8477,0,285,8,1,13,3381395456,0x3f4c0c41,-1
286,8478,0,286,8,1,14,2307653632,0x3dbfb931,-1
287,8479,0,287,8,1,15,160169984,0xbfe4399d,-1
288,8480,0,288,9,0,0,227278848,0xbfcf006f,-1
289,8481,0,289,9,0,1,2374762496,0x3e083a8c,-1
290,8482,0,290,9,0,2,3448504320,0x3f5a2277,-1
291,8483,0,291,9,0,3,1301020672,0xbf041a67,-1
292,8484,0,292,9,0,4,1837891584,0xbe3a09f4,-1
293,8485,0,293,9,0,5,3985375232,0x3fbaf031,-1
294,8486,0,294,9,0,6,2911633408,0x3eec7bf6,-1
295,8487,0,295,9,0,7,764149760,0xbf6c5f64,-1
296,8488,0,296,9,0,8,1032585216,0xbf347847,-1
297,8489,0,297,9,0,9,3180068864,0x3f2506ab,-1
298,8490,0,298,9,0,10,4253810688,0x4015e854,-1
299,8491,0,299,9,0,11,2106327040,0xbcc4ca0c,-1
300,8492,0,300,9,0,12,1569456128,0xbeb022be,-1
301,8493,0,301,9,0,13,3716939776,0x3f8d703a,-1
302,8494,0,302,9,0,14,2643197952,0x3e964156,-1
303,8495,0,303,9,0,15,495714304,0xbf995ef9,-1
304,8496,0,304,9,1,0,361496576,0xbfb05455,-1
305,8497,0,305,9,1,1,2508980224,0x3e59ab0e,-1
306,8498,0,306,9,1,2,3582722048,0x3f788417,-1
307,8499,0,307,9,1,3,1435238400,0xbedb5bbd,-1
308,8500,0,308,9,1,4,1972109312,0xbdd1fbf0,-1
309,8501,0,309,9,1,5,4119592960,0x3fdedc8e,-1
310,8502,0,310,9,1,6,3045851136,0x3f0d0b56,-1
311,8503,0,311,9,1,7,898367488,0xbf4f2f28,-1
312,8504,0,312,9,1,8,629932032,0xbf8681b8,-1
313,8505,0,313,9,1,9,2777415680,0x3ec0af7b,-1
314,8506,0,314,9,1,10,3851157504,0x3fa1a311,-1
315,8507,0,315,9,1,11,1703673856,0xbe862291,-1
316,8508,0,316,9,1,12,1166802944,0xbf1b9751,-1
317,8509,0,317,9,1,13,3314286592,0x3f3e8db1,-1
318,8510,0,318,9,1,14,2240544768,0x3d5e929f,-1
319,8511,0,319,9,1,15,93061120,0xc0014f55,-1
320,8512,0,320,10,0,0,126615552,0xbff1ba19,-1
321,8513,0,321,10,0,1,2274099200,0x3d9779c6,-1
322,8514,0,322,10,0,2,3347841024,0x3f453b6f,-1
323,8515,0,323,10,0,3,1200357376,0xbf159a63,-1
324,8516,0,324,10,0,4,1737228288,0xbe779206,-1
325,8517,0,325,10,0,5,3884711936,0x3fa75c71,-1
326,8518,0,326,10,0,6,2810970112,0x3ecb7dc9,-1
327,8519,0,327,10,0,7,663486464,0xbf823a63,-1
328,8520,0,328,10,0,8,931921920,0xbf484d8d,-1
329,8521,0,329,10,0,9,3079405568,0x3f12eaab,-1
330,8522,0,330,10,0,10,4153147392,0x3feb488f,-1
331,8523,0,331,10,0,11,2005663744,0xbda9b46a,-1
332,8524,0,332,10,0,12,1468792832,0xbed06ae0,-1
333,8525,0,333,10,0,13,3616276480,0x3f805623,-1
334,8526,0,334,10,0,14,2542534656,0x3e6e397e,-1
335,8527,0,335,10,0,15,395051008,0xbfaa118d,-1
336,8528,0,336,10,1,0,529268736,0xbf9459cf,-1
337,8529,0,337,10,1,1,2676752384,0x3ea0c154,-1
338,8530,0,338,10,1,2,3750494208,0x3f922647,-1
339,8531,0,339,10,1,3,1603010560,0xbea588fa,-1
340,8532,0,340,10,1,4,2139881472,0xbb916289,-1
341,8533,0,341,10,1,5,4287365120,0x403aa7a1,32
342,8534,0,342,10,1,6,3213623296,0x3f2b3f02,-1
343,8535,0,343,10,1,7,1066139648,0xbf2e1916,-1
344,8536,0,344,10,1,8,797704192,0xbf64cc46,-1
345,8537,0,345,10,1,9,2945187840,0x3ef7b260,-1
346,8538,0,346,10,1,10,4018929664,0x3fc28b92,-1
347,8539,0,347,10,1,11,1871446016,0xbe25b007,-1
348,8540,0,348,10,1,12,1334575104,0xbefcd107,-1
349,8541,0,349,10,1,13,3482058752,0x3f616e50,-1
350,8542,0,350,10,1,14,2408316928,0x3e1c7ce8,-1
351,8543,0,351,10,1,15,260833280,0xbfc63af8,-1
352,8544,0,352,11,0,0,193724416,0xbfd8de89,-1
353,8545,0,353,11,0,1,2341208064,0x3de80b9a,-1
354,8546,0,354,11,0,2,3414949888,0x3f5302e9,-1
355,8547,0,355,11,0,3,1267466240,0xbf09dd38,-1
356,8548,0,356,11,0,4,1804337152,0xbe4e76c3,-1
357,8549,0,357,11,0,5,3951820800,0x3fb3f089,-1
358,8550,0,358,11,0,6,2878078976,0x3ee1624c,-1
359,8551,0,359,11,0,7,730595328,0xbf7428fe,-1
360,8552,0,360,11,0,8,999030784,0xbf3af49b,-1
361,8553,0,361,11,0,9,3146514432,0x3f1ee6e4,-1
362,8554,0,362,11,0,10,4220256256,0x4007173f,-1
363,8555,0,363,11,0,11,2072772608,0xbd32a766,-1
364,8556,0,364,11,0,12,1535901696,0xbebacffa,-1
365,8557,0,365,11,0,13,3683385344,0x3f88e955,-1
366,8558,0,366,11,0,14,2609643520,0x3e8bd16e,-1
367,8559,0,367,11,0,15,462159872,0xbf9ea38c,-1
368,8560,0,368,11,1,0,327942144,0xbfb70b0c,-1
369,8561,0,369,11,1,1,2475425792,0x3e4532fb,-1
370,8562,0,370,11,1,2,3549167616,0x3f709a95,-1
371,8563,0,371,11,1,3,1401683968,0xbee6667d,-1
372,8564,0,372,11,1,4,1938554880,0xbdfa584b,-1
373,8565,0,373,11,1,5,4086038528,0x3fd43dcc,-1
374,8566,0,374,11,1,6,3012296704,0x3f073ec6,-1
375,8567,0,375,11,1,7,864813056,0xbf5637f2,-1
376,8568,0,376,11,1,8,596377600,0xbf8af0f2,-1
377,8569,0,377,11,1,9,2743861248,0x3eb5f6f9,-1
378,8570,0,378,11,1,10,3817603072,0x3f9c3814,-1
379,8571,0,379,11,1,11,1670119424,0xbe908a3a,-1
380,8572,0,380,11,1,12,1133248512,0xbf21aa5b,-1
381,8573,0,381,11,1,13,3280732160,0x3f380086,-1
382,8574,0,382,11,1,14,2206990336,0x3d0e479f,-1
383,8575,0,383,11,1,15,59506688,0xc00ce338,-1
384,8576,0,384,12,0,0,42729472,0xc0150279,-1
385,8577,0,385,12,0,1,2190213120,0x3ccc4fb7,-1
386,8578,0,386,12,0,2,3263954944,0x3f34c570,-1
387,8579,0,387,12,0,3,1116471296,0xbf24bca5,-1
388,8580,0,388,12,0,4,1653342208,0xbe95c3be,-1
389,8581,0,389,12,0,5,3800825856,0x3f999cb5,-1
390,8582,0,390,12,0,6,2727084032,0x3eb0a26a,-1
391,8583,0,391,12,0,7,579600384,0xbf8d38e4,-1
392,8584,0,392,12,0,8,848035840,0xbf59cc06,-1
393,8585,0,393,12,0,9,2995519488,0x3f045f25,-1
394,8586,0,394,12,0,10,4069261312,0x3fcf6ff6,-1
395,8587,0,395,12,0,11,1921777664,0xbe0747c9,-1
396,8588,0,396,12,0,12,1384906752,0xbeebf622,-1
397,8589,0,397,12,0,13,3532390400,0x3f6cbb96,-1
398,8590,0,398,12,0,14,2458648576,0x3e3afe9e,-1
399,8591,0,399,12,0,15,311164928,0xbfba98fa,-1
400,8592,0,400,12,1,0,445382656,0xbfa16064,-1
401,8593,0,401,12,1,1,2592866304,0x3e869f1a,-1
402,8594,0,402,12,1,2,3666608128,0x3f86b603,-1
403,8595,0,403,12,1,3,1519124480,0xbec02e5b,-1
404,8596,0,404,12,1,4,2055995392,0xbd5aceae,-1
405,8597,0,405,12,1,5,4203479040,0x4001c3f7,-1
406,8598,0,406,12,1,6,3129737216,0x3f1bdfb4,-1
407,8599,0,407,12,1,7,982253568,0xbf3e3e5d,-1
408,8600,0,408,12,1,8,713818112,0xbf7823ca,-1
409,8601,0,409,12,1,9,2861301760,0x3edbdfa7,-1
410,8602,0,410,12,1,10,3935043584,0x3fb0a226,-1
411,8603,0,411,12,1,11,1787559936,0xbe58b4f2,-1
412,8604,0,412,12,1,12,1250689024,0xbf0cc557,-1
413,8605,0,413,12,1,13,3398172672,0x3f4f82ab,-1
414,8606,0,414,12,1,14,2324430848,0x3dd3dfc5,-1
415,8607,0,415,12,1,15,176947200,0xbfde541b,-1
416,8608,0,416,13,0,0,244056064,0xbfca7f47,-1
417,8609,0,417,13,0,1,2391539712,0x3e1259e5,-1
418,8610,0,418,13,0,2,3465281536,0x3f5dc2a0,-1
419,8611,0,419,13,0,3,1317797888,0xbf013f69,-1
420,8612,0,420,13,0,4,1854668800,0xbe2fdac5,-1
421,8613,0,421,13,0,5,4002152448,0x3fbea856,-1
422,8614,0,422,13,0,6,2928410624,0x3ef21374,-1
423,8615,0,423,13,0,7,780926976,0xbf688f51,-1
424,8616,0,424,13,0,8,1049362432,0xbf31452b,-1
425,8617,0,425,13,0,9,3196846080,0x3f281fa9,-1
426,8618,0,426,13,0,10,4270587904,0x402206a6,-1
427,8619,0,427,13,0,11,2123104256,0xbc691fd2,-1
428,8620,0,428,13,0,12,1586233344,0xbeaad384,-1
429,8621,0,429,13,0,13,3733716992,0x3f8fc505,-1
430,8622,0,430,13,0,14,2659975168,0x3e9b7f3e,-1
431,8623,0,431,13,0,15,512491520,0xbf96d4f7,-1
432,8624,0,432,13,1,0,378273792,0xbfad25b0,-1
433,8625,0,433,13,1,1,2525757440,0x3e63ef55,-1
434,8626,0,434,13,1,2,3599499264,0x3f7c8ffa,-1
435,8627,0,435,13,1,3,1452015616,0xbed5e02f,-1
436,8628,0,436,13,1,4,1988886528,0xbdbdd5d3,-1
437,8629,0,437,13,1,5,4136370176,0x3fe4cda6,-1
438,8630,0,438,13,1,6,3062628352,0x3f0ff894,-1
439,8631,0,439,13,1,7,915144704,0xbf4bb9a4,-1
440,8632,0,440,13,1,8,646709248,0xbf845952,-1
441,8633,0,441,13,1,9,2794192896,0x3ec613cf,-1
442,8634,0,442,13,1,10,3867934720,0x3fa4753b,-1
443,8635,0,443,13,1,11,1720451072,0xbe80f41a,-1
444,8636,0,444,13,1,12,1183580160,0xbf18962e,-1
445,8637,0,445,13,1,13,3331063808,0x3f41e057,-1
446,8638,0,446,13,1,14,2257321984,0x3d835fec,-1
447,8639,0,447,13,1,15,109838336,0xbff9a17b,-1
448,8640,0,448,14,0,0,76283904,0xc0068cef,-1
449,8641,0,449,14,0,1,2223767552,0x3d366ae1,-1
450,8642,0,450,14,0,2,3297509376,0x3f3b432f,-1
451,8643,0,451,14,0,3,1150025728,0xbf1e9dfa,-1
452,8644,0,452,14,0,4,1686896640,0xbe8b548e,-1
453,8645,0,453,14,0,5,3834380288,0x3f9ee477,-1
454,8646,0,454,14,0,6,2760638464,0x3ebb5099,-1
455,8647,0,455,14,0,7,613154816,0xbf88b415,-1
456,8648,0,456,14,0,8,881590272,0xbf52ae76,-1
457,8649,0,457,14,0,9,3029073920,0x3f0a22c9,-1
458,8650,0,458,14,0,10,4102815744,0x3fd95d50,-1
459,8651,0,459,14,0,11,1955332096,0xbde62741,-1
460,8652,0,460,14,0,12,1418461184,0xbee0ddc4,-1
461,8653,0,461,14,0,13,3565944832,0x3f7487dc,-1
462,8654,0,462,14,0,14,2492203008,0x3e4f6c5d,-1
463,8655,0,463,14,0,15,344719360,0xbfb39fe1,-1
464,8656,0,464,14,1,0,478937088,0xbf9bf8ce,-1
465,8657,0,465,14,1,1,2626420736,0x3e910774,-1
466,8658,0,466,14,1,2,3700162560,0x3f8b2736,-1
467,8659,0,467,14,1,3,1552678912,0xbeb576d5,-1
468,8660,0,468,14,1,4,2089549824,0xbd0a8482,-1
469,8661,0,469,14,1,5,4237033472,0x400d8ed4,-1
470,8662,0,470,14,1,6,3163291648,0x3f21f3d0,-1
471,8663,0,471,14,1,7,1015808000,0xbf37b2ab,-1
472,8664,0,472,14,1,8,747372544,0xbf703d14,-1
473,8665,0,473,14,1,9,2894856192,0x3ee6eba8,-1
474,8666,0,474,14,1,10,3968598016,0x3fb75ed3,-1
475,8667,0,475,14,1,11,1821114368,0xbe443ddc,-1
476,8668,0,476,14,1,12,1284243456,0xbf06f99f,-1
477,8669,0,477,14,1,13,3431727104,0x3f568d5f,-1
478,8670,0,478,14,1,14,2357985280,0x3dfc3d34,-1
479,8671,0,479,14,1,15,210501632,0xbfd3c739,-1
480,8672,0,480,15,0,0,143392768,0xbfeaa661,-1
481,8673,0,481,15,0,1,2290876416,0x3dab975d,-1
482,8674,0,482,15,0,2,3364618240,0x3f489f4b,-1
483,8675,0,483,15,0,3,1217134592,0xbf12a3c3,-1
484,8676,0,484,15,0,4,1754005504,0xbe6d4248,-1
485,8677,0,485,15,0,5,3901489152,0x3faa5a5f,-1
486,8678,0,486,15,0,6,2827747328,0x3ed0ed9d,-1
487,8679,0,487,15,0,7,680263680,0xbf802474,-1
488,8680,0,488,15,0,8,948699136,0xbf44ea87,-1
489,8681,0,489,15,0,9,3096182784,0x3f15e1c5,-1
490,8682,0,490,15,0,10,4169924608,0x3ff26df8,-1
491,8683,0,491,15,0,11,2022440960,0xbd959733,-1
492,8684,0,492,15,0,12,1485570048,0xbecafb9b,-1
493,8685,0,493,15,0,13,3633053696,0x3f826ce5,-1
494,8686,0,494,15,0,14,2559311872,0x3e7889d3,-1
495,8687,0,495,15,0,15,411828224,0xbfa715d4,-1
496,8688,0,496,15,1,0,277610496,0xbfc22c4e,-1
497,8689,0,497,15,1,1,2425094144,0x3e26a3db,-1
498,8690,0,498,15,1,2,3498835968,0x3f652605,-1
499,8691,0,499,15,1,3,1351352320,0xbef72b28,-1
500,8692,0,500,15,1,4,1888223232,0xbe1b8976,-1
501,8693,0,501,15,1,5,4035706880,0x3fc69efe,-1
502,8694,0,502,15,1,6,2961965056,0x3efd58fb,-1
503,8695,0,503,15,1,7,814481408,0xbf6115b7,-1
504,8696,0,504,15,1,8,546045952,0xbf91ec9c,-1
505,8697,0,505,15,1,9,2693529600,0x3ea607c6,-1
506,8698,0,506,15,1,10,3767271424,0x3f9494c0,-1
507,8699,0,507,15,1,11,1619787776,0xbea042f3,-1
508,8700,0,508,15,1,12,1082916864,0xbf2af3cb,-1
509,8701,0,509,15,1,13,3230400512,0x3f2e64ed,-1
510,8702,0,510,15,1,14,2156658688,0x3baf76ff,-1
511,8703,0,511,15,1,15,9175040,0xc036de32,28
512,8704,0,512,16,0,0,13369344,0xc02f1502,12
513,8705,0,513,16,0,1,2160852992,0x3bffadbe,-1
514,8706,0,514,16,0,2,3234594816,0x3f2f2f76,-1
515,8707,0,515,16,0,3,1087111168,0xbf2a2b80,-1
516,8708,0,516,16,0,4,1623982080,0xbe9ef221,-1
517,8709,0,517,16,0,5,3771465728,0x3f953287,-1
518,8710,0,518,16,0,6,2697723904,0x3ea75a15,-1
519,8711,0,519,16,0,7,550240256,0xbf915364,-1
520,8712,0,520,16,0,8,818675712,0xbf6029f7,-1
521,8713,0,521,16,0,9,2966159360,0x3efec3dd,-1
522,8714,0,522,16,0,10,4039901184,0x3fc7ac11,-1
523,8715,0,523,16,0,11,1892417536,0xbe190071,-1
524,8716,0,524,16,0,12,1355546624,0xbef5c2e5,-1
525,8717,0,525,16,0,13,3503030272,0x3f6615e3,-1
526,8718,0,526,16,0,14,2429288448,0x3e292e3c,-1
527,8719,0,527,16,0,15,281804800,0xbfc1304d,-1
528,8720,0,528,16,1,0,416022528,0xbfa65a7d,-1
529,8721,0,529,16,1,1,2563506176,0x3e7b1ee8,-1
530,8722,0,530,16,1,2,3637248000,0x3f82f3fb,-1
531,8723,0,531,16,1,3,1489764352,0xbec9a0b5,-1
532,8724,0,532,16,1,4,2026635264,0xbd90907e,-1
533,8725,0,533,16,1,5,4174118912,0x3ff456fb,-1
534,8726,0,534,16,1,6,3100377088,0x3f16a059,-1
535,8727,0,535,16,1,7,952893440,0xbf441326,-1
536,8728,0,536,16,1,8,684457984,0xbf7f40a6,-1
537,8729,0,537,16,1,9,2831941632,0x3ed24a82,-1
538,8730,0,538,16,1,10,3905683456,0x3fab1d9e,-1
539,8731,0,539,16,1,11,1758199808,0xbe6aaf52,-1
540,8732,0,540,16,1,12,1221328896,0xbf11e6e5,-1
541,8733,0,541,16,1,13,3368812544,0x3f4979ab,-1
542,8734,0,542,16,1,14,2295070720,0x3db09f67,-1
543,8735,0,543,16,1,15,147587072,0xbfe8fcf4,-1
544,8736,0,544,17,0,0,214695936,0xbfd28e71,-1
545,8737,0,545,17,0,1,2362179584,0x3e00a549,-1
546,8738,0,546,17,0,2,3435921408,0x3f5771a2,-1
547,8739,0,547,17,0,3,1288437760,0xbf06416a,-1
548,8740,0,548,17,0,4,1825308672,0xbe41b06d,-1
549,8741,0,549,17,0,5,3972792320,0x3fb83fbe,-1
550,8742,0,550,17,0,6,2899050496,0x3ee84f13,-1
551,8743,0,551,17,0,7,751566848,0xbf6f4459,-1
552,8744,0,552,17,0,8,1020002304,0xbf36e35f,-1
553,8745,0,553,17,0,9,3167485952,0x3f22b7f7,-1
554,8746,0,554,17,0,10,4241227776,0x400f6cf7,-1
555,8747,0,555,17,0,11,2093744128,0xbd007c5b,-1
556,8748,0,556,17,0,12,1556873216,0xbeb42158,-1
557,8749,0,557,17,0,13,3704356864,0x3f8bb866,-1
558,8750,0,558,17,0,14,2630615040,0x3e92558f,-1
559,8751,0,559,17,0,15,483131392,0xbf9b50ce,-1
560,8752,0,560,17,1,0,348913664,0xbfb2ca24,-1
561,8753,0,561,17,1,1,2496397312,0x3e51fb87,-1
562,8754,0,562,17,1,2,3570139136,0x3f75857e,-1
563,8755,0,563,17,1,3,1422655488,0xbedf7ca4,-1
564,8756,0,564,17,1,4,1959526400,0xbde11be9,-1
565,8757,0,565,17,1,5,4107010048,0x3fdab385,-1
566,8758,0,566,17,1,6,3033268224,0x3f0adc7e,-1
567,8759,0,567,17,1,7,885784576,0xbf51cdb2,-1
568,8760,0,568,17,1,8,617349120,0xbf882687,-1
569,8761,0,569,17,1,9,2764832768,0x3ebca7d1,-1
570,8762,0,570,17,1,10,3838574592,0x3f9f925b,-1
571,8763,0,571,17,1,11,1691090944,0xbe8a07b8,-1
572,8764,0,572,17,1,12,1154220032,0xbf1ddbc8,-1
573,8765,0,573,17,1,13,3301703680,0x3f3c1510,-1
574,8766,0,574,17,1,14,2227961856,0x3d40745b,-1
575,8767,0,575,17,1,15,80478208,0xc00527a6,-1
576,8768,0,576,18,0,0,114032640,0xbff790a8,-1
577,8769,0,577,18,0,1,2261516288,0x3d886610,-1
578,8770,0,578,18,0,2,3335258112,0x3f42b64f,-1
579,8771,0,579,18,0,3,1187774464,0xbf17d6bd,-1
580,8772,0,580,18,0,4,1724645376,0xbe7f520a,-1
581,8773,0,581,18,0,5,3872129024,0x3fa52cff,-1
582,8774,0,582,18,0,6,2798387200,0x3ec76dc4,-1
583,8775,0,583,18,0,7,650903552,0xbf83d0b8,-1
584,8776,0,584,18,0,8,919339008,0xbf4addc0,-1
585,8777,0,585,18,0,9,3066822656,0x3f10b4a4,-1
586,8778,0,586,18,0,10,4140564480,0x3fe65e5b,-1
587,8779,0,587,18,0,11,1993080832,0xbdb8cd0d,-1
588,8780,0,588,18,0,12,1456209920,0xbed48247,-1
589,8781,0,589,18,0,13,3603693568,0x3f7d957c,-1
590,8782,0,590,18,0,14,2529951744,0x3e668150,-1
591,8783,0,591,18,0,15,382468096,0xbfac5e41,-1
592,8784,0,592,18,1,0,516685824,0xbf9634d2,-1
593,8785,0,593,18,1,1,2664169472,0x3e9ccf5d,-1
594,8786,0,594,18,1,2,3737911296,0x3f905c23,-1
595,8787,0,595,18,1,3,1590427648,0xbea98073,-1
596,8788,0,596,18,1,4,2127298560,0xbc4103cc,-1
597,8789,0,597,18,1,5,4274782208,0x4026381c,-1
598,8790,0,598,18,1,6,3201040384,0x3f28e6e5,-1
599,8791,0,599,18,1,7,1053556736,0xbf30797f,-1
600,8792,0,600,18,1,8,785121280,0xbf679d5b,-1
601,8793,0,601,18,1,9,2932604928,0x3ef37a7a,-1
602,8794,0,602,18,1,10,4006346752,0x3fbf9cec,-1
603,8795,0,603,18,1,11,1858863104,0xbe2d4fad,-1
604,8796,0,604,18,1,12,1321992192,0xbf00894f,-1
605,8797,0,605,18,1,13,3469475840,0x3f5eac73,-1
606,8798,0,606,18,1,14,2395734016,0x3e14e24b,-1
607,8799,0,607,18,1,15,248250368,0xbfc968cd,-1
608,8800,0,608,19,0,0,181141504,0xbfdcecfd,-1
609,8801,0,609,19,0,1,2328625152,0x3dd8ea37,-1
610,8802,0,610,19,0,2,3402366976,0x3f5061cb,-1
611,8803,0,611,19,0,3,1254883328,0xbf0c0ae0,-1
612,8804,0,612,19,0,4,1791754240,0xbe5624e3,-1
613,8805,0,613,19,0,5,3939237888,0x3fb172ea,-1
614,8806,0,614,19,0,6,2865496064,0x3edd3fb2,-1
615,8807,0,615,19,0,7,718012416,0xbf7723a8,-1
616,8808,0,616,19,0,8,986447872,0xbf3d6b2d,-1
617,8809,0,617,19,0,9,3133931520,0x3f1ca0f9,-1
618,8810,0,618,19,0,10,4207673344,0x4003037f,-1
619,8811,0,619,19,0,11,2060189696,0xbd50c464,-1
620,8812,0,620,19,0,12,1523318784,0xbebed642,-1
621,8813,0,621,19,0,13,3670802432,0x3f8741e2,-1
622,8814,0,622,19,0,14,2597060608,0x3e87eb58,-1
623,8815,0,623,19,0,15,449576960,0xbfa0af6a,-1
624,8816,0,624,19,1,0,315359232,0xbfb9b20c,-1
625,8817,0,625,19,1,1,2462842880,0x3e3d8b40,-1
626,8818,0,626,19,1,2,3536584704,0x3f6db208,-1
627,8819,0,627,19,1,3,1389101056,0xbeea918f,-1
628,8820,0,628,19,1,4,1925971968,0xbe04c092,-1
629,8821,0,629,19,1,5,4073455616,0x3fd09c6a,-1
630,8822,0,630,19,1,6,2999713792,0x3f0516a6,-1
631,8823,0,631,19,1,7,852230144,0xbf58e5fd,-1
632,8824,0,632,19,1,8,583794688,0xbf8ca5d5,-1
633,8825,0,633,19,1,9,2731278336,0x3eb1f717,-1
634,8826,0,634,19,1,10,3805020160,0x3f9a4204,-1
635,8827,0,635,19,1,11,1657536512,0xbe9474ff,-1
636,8828,0,636,19,1,12,1120665600,0xbf23f781,-1
637,8829,0,637,19,1,13,3268149248,0x3f359384,-1
638,8830,0,638,19,1,14,2194407424,0x3ce05f0c,-1
639,8831,0,639,19,1,15,46923776,0xc012bfc7,-1
640,8832,0,640,20,0,0,63700992,0xc00b2bff,-1
641,8833,0,641,20,0,1,2211184640,0x3d185011,-1
642,8834,0,642,20,0,2,3284926464,0x3f38d078,-1
643,8835,0,643,20,0,3,1137442816,0xbf20e6b7,-1
644,8836,0,644,20,0,4,1674313728,0xbe8f3c75,-1
645,8837,0,645,20,0,5,3821797376,0x3f9ce189,-1
646,8838,0,646,20,0,6,2748055552,0x3eb74ce6,-1
647,8839,0,647,20,0,7,600571904,0xbf8a60b7,-1
648,8840,0,648,20,0,8,869007360,0xbf555499,-1
649,8841,0,649,20,0,9,3016491008,0x3f07f75c,-1
650,8842,0,650,20,0,10,4090232832,0x3fd57d87,-1
651,8843,0,651,20,0,11,1942749184,0xbdf54b78,-1
652,8844,0,652,20,0,12,1405878272,0xbee503ab,-1
653,8845,0,653,20,0,13,3553361920,0x3f719489,-1
654,8846,0,654,20,0,14,2479620096,0x3e47c0d8,-1
655,8847,0,655,20,0,15,332136448,0xbfb62d20,-1
656,8848,0,656,20,1,0,466354176,0xbf9df737,-1
657,8849,0,657,20,1,1,2613837824,0x3e8d1e95,-1
658,8850,0,658,20,1,2,3687579648,0x3f8977cb,-1
659,8851,0,659,20,1,3,1540096000,0xbeb97935,-1
660,8852,0,660,20,1,4,2076966912,0xbd289e4d,-1
661,8853,0,661,20,1,5,4224450560,0x400894a1,-1
662,8854,0,662,20,1,6,3150708736,0x3f1fa994,-1
663,8855,0,663,20,1,7,1003225088,0xbf3a2366,-1
664,8856,0,664,20,1,8,734789632,0xbf732ca5,-1
665,8857,0,665,20,1,9,2882273280,0x3ee2c3ff,-1
666,8858,0,666,20,1,10,3956015104,0x3fb4c900,-1
667,8859,0,667,20,1,11,1808531456,0xbe4be80e,-1
668,8860,0,668,20,1,12,1271660544,0xbf0923e7,-1
669,8861,0,669,20,1,13,3419144192,0x3f53e48e,-1
670,8862,0,670,20,1,14,2345402368,0x3ded1771,-1
671,8863,0,671,20,1,15,197918720,0xbfd79077,-1
672,8864,0,672,21,0,0,265027584,0xbfc53287,-1
673,8865,0,673,21,0,1,2412511232,0x3e1f0644,-1
674,8866,0,674,21,0,2,3486253056,0x3f625b18,-1
675,8867,0,675,21,0,3,1338769408,0xbefb66d4,-1
676,8868,0,676,21,0,4,1875640320,0xbe232602,-1
677,8869,0,677,21,0,5,4023123968,0x3fc38bb1,-1
678,8870,0,678,21,0,6,2949382144,0x3ef91b4c,-1
679,8871,0,679,21,0,7,801898496,0xbf63dd7c,-1
680,8872,0,680,21,0,8,1070333952,0xbf2d4f23,-1
681,8873,0,681,21,0,9,3217817600,0x3f2c07dc,-1
682,8874,0,682,21,0,10,4291559424,0x404a219c,48
683,8875,0,683,21,0,11,2144075776,0xbb025841,-1
684,8876,0,684,21,0,12,1607204864,0xbea4370e,-1
685,8877,0,685,21,0,13,3754688512,0x3f92c0a0,-1
686,8878,0,686,21,0,14,2680946688,0x3ea21286,-1
687,8879,0,687,21,0,15,533463040,0xbf93bd3c,-1
688,8880,0,688,21,1,0,399245312,0xbfa95069,-1
689,8881,0,689,21,1,1,2546728960,0x3e70ccfc,-1
690,8882,0,690,21,1,2,3620470784,0x3f80db01,-1
691,8883,0,691,21,1,3,1472987136,0xbecf0e80,-1
692,8884,0,692,21,1,4,2009858048,0xbda4acbd,-1
693,8885,0,693,21,1,5,4157341696,0x3fed0067,-1
694,8886,0,694,21,1,6,3083599872,0x3f13a7f8,-1
695,8887,0,695,21,1,7,936116224,0xbf4773f5,-1
696,8888,0,696,21,1,8,667680768,0xbf81b413,-1
697,8889,0,697,21,1,9,2815164416,0x3eccd930,-1
698,8890,0,698,21,1,10,3888906240,0x3fa819b9,-1
699,8891,0,699,21,1,11,1741422592,0xbe74fd7f,-1
700,8892,0,700,21,1,12,1204551680,0xbf14dc41,-1
701,8893,0,701,21,1,13,3352035328,0x3f461390,-1
702,8894,0,702,21,1,14,2278293504,0x3d9c80cd,-1
703,8895,0,703,21,1,15,130809856,0xbfefe35b,-1
704,8896,0,704,22,0,0,97255424,0xc0002042,-1
705,8897,0,705,22,0,1,2244739072,0x3d689d60,-1
706,8898,0,706,22,0,2,3318480896,0x3f3f6194,-1
707,8899,0,707,22,0,3,1170997248,0xbf1ad685,-1
708,8900,0,708,22,0,4,1707868160,0xbe84d6a0,-1
709,8901,0,709,22,0,5,3855351808,0x3fa255b8,-1
710,8902,0,710,22,0,6,2781609984,0x3ec2080b,-1
711,8903,0,711,22,0,7,634126336,0xbf85f6b5,-1
712,8904,0,712,22,0,8,902561792,0xbf4e50e0,-1
713,8905,0,713,22,0,9,3050045440,0x3f0dc634,-1
714,8906,0,714,22,0,10,4123787264,0x3fe04d56,-1
715,8907,0,715,22,0,11,1976303616,0xbdccf1f1,-1
716,8908,0,716,22,0,12,1439432704,0xbed9fc41,-1
717,8909,0,717,22,0,13,3586916352,0x3f798591,-1
718,8910,0,718,22,0,14,2513174528,0x3e5c3b97,-1
719,8911,0,719,22,0,15,365690880,0xbfaf8610,-1
720,8912,0,720,22,1,0,499908608,0xbf98bb07,-1
721,8913,0,721,22,1,1,2647392256,0x3e97906e,-1
722,8914,0,722,22,1,2,3721134080,0x3f8e044c,-1
723,8915,0,723,22,1,3,1573650432,0xbeaece7d,-1
724,8916,0,724,22,1,4,2110521344,0xbcb0bb23,-1
725,8917,0,725,22,1,5,4258004992,0x40187523,-1
726,8918,0,726,22,1,6,3184263168,0x3f25cc55,-1
727,8919,0,727,22,1,7,1036779520,0xbf33aad4,-1
728,8920,0,728,22,1,8,768344064,0xbf6b6a1f,-1
729,8921,0,729,22,1,9,2915827712,0x3eede127,-1
730,8922,0,730,22,1,10,3989569536,0x3fbbda70,-1
731,8923,0,731,22,1,11,1842085888,0xbe377dba,-1
732,8924,0,732,22,1,12,1305214976,0xbf036343,-1
733,8925,0,733,22,1,13,3452698624,0x3f5b0973,-1
734,8926,0,734,22,1,14,2378956800,0x3e0ac20e,-1
735,8927,0,735,22,1,15,231473152,0xbfcdd9fe,-1
736,8928,0,736,23,0,0,164364288,0xbfe2b496,-1
737,8929,0,737,23,0,1,2311847936,0x3dc4c25f,-1
738,8930,0,738,23,0,2,3385589760,0x3f4ce8f5,-1
739,8931,0,739,23,0,3,1238106112,0xbf0ef67d,-1
740,8932,0,740,23,0,4,1774977024,0xbe606737,-1
741,8933,0,741,23,0,5,3922460672,0x3fae3a9e,-1
742,8934,0,742,23,0,6,2848718848,0x3ed7c1f0,-1
743,8935,0,743,23,0,7,701235200,0xbf7b2a14,-1
744,8936,0,744,23,0,8,969670656,0xbf40bafe,-1
745,8937,0,745,23,0,9,3117154304,0x3f199df5,-1
746,8938,0,746,23,0,10,4190896128,0x3ffc94f2,-1
747,8939,0,747,23,0,11,2043412480,0xbd78ef9f,-1
748,8940,0,748,23,0,12,1506541568,0xbec438b2,-1
749,8941,0,749,23,0,13,3654025216,0x3f85161e,-1
750,8942,0,750,23,0,14,2580283392,0x3e82bbb0,-1
751,8943,0,751,23,0,15,432799744,0xbfa37ab1,-1
752,8944,0,752,23,1,0,298582016,0xbfbd5c69,-1
753,8945,0,753,23,1,1,2446065664,0x3e335a79,-1
754,8946,0,754,23,1,2,3519807488,0x3f69dd58,-1
755,8947,0,755,23,1,3,1372323840,0xbef0268e,-1
756,8948,0,756,23,1,4,1909194752,0xbe0edeb8,-1
757,8949,0,757,23,1,5,4056678400,0x3fcc0468,-1
758,8950,0,758,23,1,6,2982936576,0x3f023a38,-1
759,8951,0,759,23,1,7,835452928,0xbf5c824b,-1
760,8952,0,760,23,1,8,567017472,0xbf8ef681,-1
761,8953,0,761,23,1,9,2714501120,0x3eaca636,-1
762,8954,0,762,23,1,10,3788242944,0x3f97b2af,-1
763,8955,0,763,23,1,11,1640759296,0xbe99b17f,-1
764,8956,0,764,23,1,12,1103888384,0xbf270e5d,-1
765,8957,0,765,23,1,13,3251372032,0x3f325dee,-1
766,8958,0,766,23,1,14,2177630208,0x3c902379,-1
767,8959,0,767,23,1,15,30146560,0xc01d33d0,-1
768,8960,0,768,24,0,0,21757952,0xc0249022,-1
769,8961,0,769,24,0,1,2169241600,0x3c500e45,-1
770,8962,0,770,24,0,2,3242983424,0x3f30c5d2,-1
771,8963,0,771,24,0,3,1095499776,0xbf289c22,-1
772,8964,0,772,24,0,4,1632370688,0xbe9c5149,-1
773,8965,0,773,24,0,5,3779854336,0x3f9670c4,-1
774,8966,0,774,24,0,6,2706112512,0x3ea9ff91,-1
775,8967,0,775,24,0,7,558628864,0xbf902360,-1
776,8968,0,776,24,0,8,827064320,0xbf5e54ae,-1
777,8969,0,777,24,0,9,2974547968,0x3f00cd91,-1
778,8970,0,778,24,0,10,4048289792,0x3fc9d0cb,-1
779,8971,0,779,24,0,11,1900806144,0xbe13ef1e,-1
780,8972,0,780,24,0,12,1363935232,0xbef2f3ca,-1
781,8973,0,781,24,0,13,3511418880,0x3f67f7ff,-1
782,8974,0,782,24,0,14,2437677056,0x3e2e43ce,-1
783,8975,0,783,24,0,15,290193408,0xbfbf40e2,-1
784,8976,0,784,24,1,0,424411136,0xbfa4e7ee,-1
785,8977,0,785,24,1,1,2571894784,0x3e802527,-1
786,8978,0,786,24,1,2,3645636608,0x3f8403e0,-1
787,8979,0,787,24,1,3,1498152960,0xbec6ebfe,-1
788,8980,0,788,24,1,4,2035023872,0xbd8683bc,-1
789,8981,0,789,24,1,5,4182507520,0x3ff85507,-1
790,8982,0,790,24,1,6,3108765696,0x3f181e7d,-1
791,8983,0,791,24,1,7,961282048,0xbf426602,-1
792,8984,0,792,24,1,8,692846592,0xbf7d334c,-1
793,8985,0,793,24,1,9,2840330240,0x3ed50572,-1
794,8986,0,794,24,1,10,3914072064,0x3faca8d9,-1
795,8987,0,795,24,1,11,1766588416,0xbe658a87,-1
796,8988,0,796,24,1,12,1229717504,0xbf106e15,-1
797,8989,0,797,24,1,13,3377201152,0x3f4b3024,-1
798,8990,0,798,24,1,14,2303459328,0x3dbab04f,-1
799,8991,0,799,24,1,15,155975680,0xbfe5c70f,-1
800,8992,0,800,25,0,0,223084544,0xbfd02b38,-1
801,8993,0,801,25,0,1,2370568192,0x3e05b340,-1
802,8994,0,802,25,0,2,3444310016,0x3f593c2c,-1
803,8995,0,803,25,0,3,1296826368,0xbf04d1ce,-1
804,8996,0,804,25,0,4,1833697280,0xbe3c967a,-1
805,8997,0,805,25,0,5,3981180928,0x3fba085e,-1
806,8998,0,806,25,0,6,2907439104,0x3eeb1739,-1
807,8999,0,807,25,0,7,759955456,0xbf6d5584,-1
808,9000,0,808,25,0,8,1028390912,0xbf35462e,-1
809,9001,0,809,25,0,9,3175874560,0x3f244163,-1
810,9002,0,810,25,0,10,4249616384,0x4013934c,-1
811,9003,0,811,25,0,11,2102132736,0xbcd8d942,-1
812,9004,0,812,25,0,12,1565261824,0xbeb1774d,-1
813,9005,0,813,25,0,13,3712745472,0x3f8cdce5,-1
814,9006,0,814,25,0,14,2639003648,0x3e94f27f,-1
815,9007,0,815,25,0,15,491520000,0xbf9a03e8,-1
816,9008,0,816,25,1,0,357302272,0xbfb12469,-1
817,9009,0,817,25,1,1,2504785920,0x3e571ade,-1
818,9010,0,818,25,1,2,3578527744,0x3f778398,-1
819,9011,0,819,25,1,3,1431044096,0xbedcbba2,-1
820,9012,0,820,25,1,4,1967915008,0xbdd70642,-1
821,9013,0,821,25,1,5,4115398656,0x3fdd72dd,-1
822,9014,0,822,25,1,6,3041656832,0x3f0c50c4,-1
823,9015,0,823,25,1,7,894173184,0xbf500e0d,-1
824,9016,0,824,25,1,8,625737728,0xbf870d5b,-1
825,9017,0,825,25,1,9,2773221376,0x3ebf5741,-1
826,9018,0,826,25,1,10,3846963200,0x3fa0f1a3,-1
827,9019,0,827,25,1,11,1699479552,0xbe876eba,-1
828,9020,0,828,25,1,12,1162608640,0xbf1c5875,-1
829,9021,0,829,25,1,13,3310092288,0x3f3dba50,-1
830,9022,0,830,25,1,14,2236350464,0x3d548836,-1
831,9023,0,831,25,1,15,88866816,0xc0028a2e,-1
832,9024,0,832,26,0,0,122421248,0xbff39df9,-1
833,9025,0,833,26,0,1,2269904896,0x3d9272fb,-1
834,9026,0,834,26,0,2,3343646720,0x3f4463da,-1
835,9027,0,835,26,0,3,1196163072,0xbf1658d8,-1
836,9028,0,836,26,0,4,1733033984,0xbe7a26f4,-1
837,9029,0,837,26,0,5,3880517632,0x3fa6a094,-1
838,9030,0,838,26,0,6,2806775808,0x3eca22c0,-1
839,9031,0,839,26,0,7,659292160,0xbf82c142,-1
840,9032,0,840,26,0,8,927727616,0xbf4927b6,-1
841,9033,0,841,26,0,9,3075211264,0x3f122daf,-1
842,9034,0,842,26,0,10,4148953088,0x3fe99b4f,-1
843,9035,0,843,26,0,11,2001469440,0xbdaebc5b,-1
844,9036,0,844,26,0,12,1464598528,0xbed1c7a1,-1
845,9037,0,845,26,0,13,3612082176,0x3f7fa39e,-1
846,9038,0,846,26,0,14,2538340352,0x3e6ba663,-1
847,9039,0,847,26,0,15,390856704,0xbfaad438,-1
848,9040,0,848,26,1,0,525074432,0xbf94f741,-1
849,9041,0,849,26,1,1,2672558080,0x3e9f7068,-1
850,9042,0,850,26,1,2,3746299904,0x3f918cc1,-1
851,9043,0,851,26,1,3,1598816256,0xbea6db2f,-1
852,9044,0,852,26,1,4,2135687168,0xbbe1992b,-1
853,9045,0,853,26,1,5,4283170816,0x4031b3ba,16
854,9046,0,854,26,1,6,3209428992,0x3f2a7690,-1
855,9047,0,855,26,1,7,1061945344,0xbf2ee376,-1
856,9048,0,856,26,1,8,793509888,0xbf65bbd8,-1
857,9049,0,857,26,1,9,2940993536,0x3ef649ef,-1
858,9050,0,858,26,1,10,4014735360,0x3fc18e75,-1
859,9051,0,859,26,1,11,1867251712,0xbe283a50,-1
860,9052,0,860,26,1,12,1330380800,0xbefe3bb9,-1
861,9053,0,861,26,1,13,3477864448,0x3f608249,-1
862,9054,0,862,26,1,14,2404122624,0x3e19f3cc,-1
863,9055,0,863,26,1,15,256638976,0xbfc746c2,-1
864,9056,0,864,27,0,0,189530112,0xbfda327a,-1
865,9057,0,865,27,0,1,2337013760,0x3de3001f,-1
866,9058,0,866,27,0,2,3410755584,0x3f5221e9,-1
867,9059,0,867,27,0,3,1263271936,0xbf0a96d2,-1
868,9060,0,868,27,0,4,1800142848,0xbe5105cd,-1
869,9061,0,869,27,0,5,3947626496,0x3fb31a10,-1
870,9062,0,870,27,0,6,2873884672,0x3ee00104,-1
871,9063,0,871,27,0,7,726401024,0xbf752645,-1
872,9064,0,872,27,0,8,994836480,0xbf3bc64d,-1
873,9065,0,873,27,0,9,3142320128,0x3f1e2490,-1
874,9066,0,874,27,0,10,4216061952,0x4005abba,-1
875,9067,0,875,27,0,11,2068578304,0xbd3cb0c4,-1
876,9068,0,876,27,0,12,1531707392,0xbebc2712,-1
877,9069,0,877,27,0,13,3679191040,0x3f885b89,-1
878,9070,0,878,27,0,14,2605449216,0x3e8a8482,-1
879,9071,0,879,27,0,15,457965568,0xbf9f5103,-1
880,9072,0,880,27,1,0,323747840,0xbfb7eb23,-1
881,9073,0,881,27,1,1,2471231488,0x3e42a56e,-1
882,9074,0,882,27,1,2,3544973312,0x3f6fa185,-1
883,9075,0,883,27,1,3,1397489664,0xbee7c9bd,-1
884,9076,0,884,27,1,4,1934360576,0xbdff6582,-1
885,9077,0,885,27,1,5,4081844224,0x3fd30329,-1
886,9078,0,886,27,1,6,3008102400,0x3f068676,-1
887,9079,0,887,27,1,7,860618752,0xbf571bf5,-1
888,9080,0,888,27,1,8,592183296,0xbf8b81df,-1
889,9081,0,889,27,1,9,2739666944,0x3eb4a15e,-1
890,9082,0,890,27,1,10,3813408768,0x3f9b8faf,-1
891,9083,0,891,27,1,11,1665925120,0xbe91d83e,-1
892,9084,0,892,27,1,12,1129054208,0xbf226e5d,-1
893,9085,0,893,27,1,13,3276537856,0x3f37310e,-1
894,9086,0,894,27,1,14,2202796032,0x3d043f64,-1
895,9087,0,895,27,1,15,55312384,0xc00eb601,-1
896,9088,0,896,28,0,0,38535168,0xc0177913,-1
897,9089,0,897,28,0,1,2186018816,0x3cb840b2,-1
898,9090,0,898,28,0,2,3259760640,0x3f33f7d1,-1
899,9091,0,899,28,0,3,1112276992,0xbf25822a,-1
900,9092,0,900,28,0,4,1649147904,0xbe9712be,-1
901,9093,0,901,28,0,5,3796631552,0x3f98f864,-1
902,9094,0,902,28,0,6,2722889728,0x3eaf4e0c,-1
903,9095,0,903,28,0,7,575406080,0xbf8dccaf,-1
904,9096,0,904,28,0,8,843841536,0xbf5ab2c0,-1
905,9097,0,905,28,0,9,2991325184,0x3f03a7e9,-1
906,9098,0,906,28,0,10,4065067008,0x3fce47e8,-1
907,9099,0,907,28,0,11,1917583360,0xbe09cf37,-1
908,9100,0,908,28,0,12,1380712448,0xbeed5b27,-1
909,9101,0,909,28,0,13,3528196096,0x3f6bc600,-1
910,9102,0,910,28,0,14,2454454272,0x3e387247,-1
911,9103,0,911,28,0,15,306970624,0xbfbb824f,-1
912,9104,0,912,28,1,0,441188352,0xbfa21295,-1
913,9105,0,913,28,1,1,2588672000,0x3e855314,-1
914,9106,0,914,28,1,2,3662413824,0x3f862ac3,-1
915,9107,0,915,28,1,3,1514930176,0xbec186cb,-1
916,9108,0,916,28,1,4,2051801088,0xbd64d94d,-1
917,9109,0,917,28,1,5,4199284736,0x40009098,-1
918,9110,0,918,28,1,6,3125542912,0x3f1b1ec7,-1
919,9111,0,919,28,1,7,978059264,0xbf3f1210,-1
920,9112,0,920,28,1,8,709623808,0xbf7924e6,-1
921,9113,0,921,28,1,9,2857107456,0x3eda8003,-1
922,9114,0,922,28,1,10,3930849280,0x3fafd334,-1
923,9115,0,923,28,1,11,1783365632,0xbe5b4559,-1
924,9116,0,924,28,1,12,1246494720,0xbf0d8018,-1
925,9117,0,925,28,1,13,3393978368,0x3f4ea429,-1
926,9118,0,926,28,1,14,2320236544,0x3dced5a7,-1
927,9119,0,927,28,1,15,172752896,0xbfdfc231,-1
928,9120,0,928,29,0,0,239861760,0xbfcb998d,-1
929,9121,0,929,29,0,1,2387345408,0x3e0fd1b9,-1
930,9122,0,930,29,0,2,3461087232,0x3f5cd986,-1
931,9123,0,931,29,0,3,1313603584,0xbf01f5c5,-1
932,9124,0,932,29,0,4,1850474496,0xbe326623,-1
933,9125,0,933,29,0,5,3997958144,0x3fbdb671,-1
934,9126,0,934,29,0,6,2924216320,0x3ef0ace5,-1
935,9127,0,935,29,0,7,776732672,0xbf698218,-1
936,9128,0,936,29,0,8,1045168128,0xbf321147,-1
937,9129,0,937,29,0,9,3192651776,0x3f2758d4,-1
938,9130,0,938,29,0,10,4266393600,0x401e6e4a,-1
939,9131,0,939,29,0,11,2118909952,0xbc889e19,-1
940,9132,0,940,29,0,12,1582039040,0xbeac26e0,-1
941,9133,0,941,29,0,13,3729522688,0x3f8f2eae,-1
942,9134,0,942,29,0,14,2655780864,0x3e9a2f61,-1
943,9135,0,943,29,0,15,508297216,0xbf97760a,-1
944,9136,0,944,29,1,0,374079488,0xbfadeec6,-1
945,9137,0,945,29,1,1,2521563136,0x3e615db9,-1
946,9138,0,946,29,1,2,3595304960,0x3f7b8b7f,-1
947,9139,0,947,29,1,3,1447821312,0xbed73e7a,-1
948,9140,0,948,29,1,4,1984692224,0xbdc2dee5,-1
949,9141,0,949,29,1,5,4132175872,0x3fe34583,-1
950,9142,0,950,29,1,6,3058434048,0x3f0f3cd2,-1
951,9143,0,951,29,1,7,910950400,0xbf4c9620,-1
952,9144,0,952,29,1,8,642514944,0xbf84e284,-1
953,9145,0,953,29,1,9,2789998592,0x3ec4ba34,-1
954,9146,0,954,29,1,10,3863740416,0x3fa3bec7,-1
955,9147,0,955,29,1,11,1716256768,0xbe823f65,-1
956,9148,0,956,29,1,12,1179385856,0xbf1955f5,-1
957,9149,0,957,29,1,13,3326869504,0x3f410ae6,-1
958,9150,0,958,29,1,14,2253127680,0x3d7cb3f9,-1
959,9151,0,959,29,1,15,105644032,0xbffbc37e,-1
960,9152,0,960,30,0,0,72089600,0xc0080365,-1
961,9153,0,961,30,0,1,2219573248,0x3d2c61ae,-1
962,9154,0,962,30,0,2,3293315072,0x3f3a71cb,-1
963,9155,0,963,30,0,3,1145831424,0xbf1f6087,-1
964,9156,0,964,30,0,4,1682702336,0xbe8ca19f,-1
965,9157,0,965,30,0,5,3830185984,0x3f9e37b5,-1
966,9158,0,966,30,0,6,2756444160,0x3eb9f9b5,-1
967,9159,0,967,30,0,7,608960512,0xbf89424b,-1
968,9160,0,968,30,0,8,877395968,0xbf538fdd,-1
969,9161,0,969,30,0,9,3024879616,0x3f09695d,-1
970,9162,0,970,30,0,10,4098621440,0x3fd80d11,-1
971,9163,0,971,30,0,11,1951137792,0xbdeb32f5,-1
972,9164,0,972,30,0,12,1414266880,0xbee23f4f,-1
973,9165,0,973,30,0,13,3561750528,0x3f738b2a,-1
974,9166,0,974,30,0,14,2488008704,0x3e4cdd88,-1
975,9167,0,975,30,0,15,340525056,0xbfb47797,-1
976,9168,0,976,30,1,0,474742784,0xbf9ca1dd,-1
977,9169,0,977,30,1,1,2622226432,0x3e8fb998,-1
978,9170,0,978,30,1,2,3695968256,0x3f8a96b9,-1
979,9171,0,979,30,1,3,1548484608,0xbeb6cca3,-1
980,9172,0,980,30,1,4,2085355520,0xbd148cdf,-1
981,9173,0,981,30,1,5,4232839168,0x400bcdb4,-1
982,9174,0,982,30,1,6,3159097344,0x3f213009,-1
983,9175,0,983,30,1,7,1011613696,0xbf38826f,-1
984,9176,0,984,30,1,8,743178240,0xbf7136b3,-1
985,9177,0,985,30,1,9,2890661888,0x3ee588ad,-1
986,9178,0,986,30,1,10,3964403712,0x3fb68018,-1
987,9179,0,987,30,1,11,1816920064,0xbe46cb9b,-1
988,9180,0,988,30,1,12,1280049152,0xbf07b21b,-1
989,9181,0,989,30,1,13,3427532800,0x3f55a9c7,-1
990,9182,0,990,30,1,14,2353790976,0x3df7303c,-1
991,9183,0,991,30,1,15,206307328,0xbfd50505,-1
992,9184,0,992,31,0,0,139198464,0xbfec5a2e,-1
993,9185,0,993,31,0,1,2286682112,0x3da68f96,-1
994,9186,0,994,31,0,2,3360423936,0x3f47c57d,-1
995,9187,0,995,31,0,3,1212940288,0xbf1360f1,-1
996,9188,0,996,31,0,4,1749811200,0xbe6fd5a1,-1
997,9189,0,997,31,0,5,3897294848,0x3fa998a9,-1
998,9190,0,998,31,0,6,2823553024,0x3ecf9119,-1
999,9191,0,999,31,0,7,676069376,0xbf80a91e,-1
1000,9192,0,1000,31,0,8,944504832,0xbf45c273,-1
1001,9193,0,1001,31,0,9,3091988480,0x3f152384,-1
1002,9194,0,1002,31,0,10,4165730304,0x3ff09266,-1
1003,9195,0,1003,31,0,11,2018246656,0xbd9a9e23,-1
1004,9196,0,1004,31,0,12,1481375744,0xbecc56de,-1
1005,9197,0,1005,31,0,13,3628859392,0x3f81e660,-1
1006,9198,0,1006,31,0,14,2555117568,0x3e75f525,-1
1007,9199,0,1007,31,0,15,407633920,0xbfa7d293,-1
1008,9200,0,1008,31,1,0,273416192,0xbfc32b4a,-1
1009,9201,0,1009,31,1,1,2420899840,0x3e2419bc,-1
1010,9202,0,1010,31,1,2,3494641664,0x3f6436f1,-1
1011,9203,0,1011,31,1,3,1347158016,0xbef893e5,-1
1012,9204,0,1012,31,1,4,1884028928,0xbe1e12ba,-1
1013,9205,0,1013,31,1,5,4031512576,0x3fc5954f,-1
1014,9206,0,1014,31,1,6,2957770752,0x3efbee99,-1
1015,9207,0,1015,31,1,7,810287104,0xbf620237,-1
1016,9208,0,1016,31,1,8,541851648,0xbf9286a5,-1
1017,9209,0,1017,31,1,9,2689335296,0x3ea4b5be,-1
1018,9210,0,1018,31,1,10,3763077120,0x3f93f7d9,-1
1019,9211,0,1019,31,1,11,1615593472,0xbea1940b,-1
1020,9212,0,1020,31,1,12,1078722560,0xbf2bbc7e,-1
1021,9213,0,1021,31,1,13,3226206208,0x3f2d9ad1,-1
1022,9214,0,1022,31,1,14,2152464384,0x3b3e8109,-1
1023,9215,0,1023,31,1,15,4980736,0xc042f11e,44
1024,9216,0,1024,32,0,0,7077888,0xc03c13b1,36
1025,9217,0,1025,32,0,1,2154561536,0x3b875bbb,-1
1026,9218,0,1026,32,0,2,3228303360,0x3f2dffd2,-1
1027,9219,0,1027,32,0,3,1080819712,0xbf2b5817,-1
1028,9220,0,1028,32,0,4,1617690624,0xbea0eb77,-1
1029,9221,0,1029,32,0,5,3765174272,0x3f944630,-1
1030,9222,0,1030,32,0,6,2691432448,0x3ea55eb9,-1
1031,9223,0,1031,32,0,7,543948800,0xbf923986,-1
1032,9224,0,1032,32,0,8,812384256,0xbf618bdf,-1
1033,9225,0,1033,32,0,9,2959867904,0x3efca3ba,-1
1034,9226,0,1034,32,0,10,4033609728,0x3fc619bc,-1
1035,9227,0,1035,32,0,11,1886126080,0xbe1cce10,-1
1036,9228,0,1036,32,0,12,1349255168,0xbef7df77,-1
1037,9229,0,1037,32,0,13,3496738816,0x3f64ae62,-1
1038,9230,0,1038,32,0,14,2422996992,0x3e255ec3,-1
1039,9231,0,1039,32,0,15,275513344,0xbfc2ab6b,-1
1040,9232,0,1040,32,1,0,409731072,0xbfa77406,-1
1041,9233,0,1041,32,1,1,2557214720,0x3e773f6f,-1
1042,9234,0,1042,32,1,2,3630956544,0x3f822991,-1
1043,9235,0,1043,32,1,3,1483472896,0xbecba931,-1
1044,9236,0,1044,32,1,4,2020343808,0xbd981aa3,-1
1045,9237,0,1045,32,1,5,4167827456,0x3ff17e8e,-1
1046,9238,0,1046,32,1,6,3094085632,0x3f15829a,-1
1047,9239,0,1047,32,1,7,946601984,0xbf45566b,-1
1048,9240,0,1048,32,1,8,678166528,0xbf8066b7,-1
1049,9241,0,1049,32,1,9,2825650176,0x3ed03f4f,-1
1050,9242,0,1050,32,1,10,3899392000,0x3fa9f953,-1
1051,9243,0,1051,32,1,11,1751908352,0xbe6e8be8,-1
1052,9244,0,1052,32,1,12,1215037440,0xbf130250,-1
1053,9245,0,1053,32,1,13,3362521088,0x3f483252,-1
1054,9246,0,1054,32,1,14,2288779264,0x3da91371,-1
1055,9247,0,1055,32,1,15,141295616,0xbfeb7ef2,-1
1056,9248,0,1056,33,0,0,208404480,0xbfd4657b,-1
1057,9249,0,1057,33,0,1,2355888128,0x3df9b6ac,-1
1058,9250,0,1058,33,0,2,3429629952,0x3f561b7e,-1
1059,9251,0,1059,33,0,3,1282146304,0xbf0755d5,-1
1060,9252,0,1060,33,0,4,1819017216,0xbe4584b2,-1
1061,9253,0,1061,33,0,5,3966500864,0x3fb6ef30,-1
1062,9254,0,1062,33,0,6,2892759040,0x3ee63a1c,-1
1063,9255,0,1063,33,0,7,745275392,0xbf70b9c7,-1
1064,9256,0,1064,33,0,8,1013710848,0xbf381a7e,-1
1065,9257,0,1065,33,0,9,3161194496,0x3f2191e1,-1
1066,9258,0,1066,33,0,10,4234936320,0x400caae2,-1
1067,9259,0,1067,33,0,11,2087452672,0xbd0f88aa,-1
1068,9260,0,1068,33,0,12,1550581760,0xbeb621b2,-1
1069,9261,0,1069,33,0,13,3698065408,0x3f8adee1,-1
1070,9262,0,1070,33,0,14,2624323584,0x3e90607e,-1
1071,9263,0,1071,33,0,15,476839936,0xbf9c4d33,-1
1072,9264,0,1072,33,1,0,342622208,0xbfb40b7c,-1
1073,9265,0,1073,33,1,1,2490105856,0x3e4e24e8,-1
1074,9266,0,1074,33,1,2,3563847680,0x3f740966,-1
1075,9267,0,1075,33,1,3,1416364032,0xbee18e7c,-1
1076,9268,0,1076,33,1,4,1953234944,0xbde8ad10,-1
1077,9269,0,1077,33,1,5,4100718592,0x3fd8b476,-1
1078,9270,0,1078,33,1,6,3026976768,0x3f09c60a,-1
1079,9271,0,1079,33,1,7,879493120,0xbf531f15,-1
1080,9272,0,1080,33,1,8,611057664,0xbf88fb1b,-1
1081,9273,0,1081,33,1,9,2758541312,0x3ebaa51c,-1
1082,9274,0,1082,33,1,10,3832283136,0x3f9e8df2,-1
1083,9275,0,1083,33,1,11,1684799488,0xbe8bfb0f,-1
1084,9276,0,1084,33,1,12,1147928576,0xbf1eff35,-1
1085,9277,0,1085,33,1,13,3295412224,0x3f3ada6d,-1
1086,9278,0,1086,33,1,14,2221670400,0x3d31663f,-1
1087,9279,0,1087,33,1,15,74186752,0xc00745e7,-1
1088,9280,0,1088,34,0,0,107741184,0xbffab043,-1
1089,9281,0,1089,34,0,1,2255224832,0x3d80dcee,-1
1090,9282,0,1090,34,0,2,3328966656,0x3f41758e,-1
1091,9283,0,1091,34,0,3,1181483008,0xbf18f607,-1
1092,9284,0,1092,34,0,4,1718353920,0xbe8199b9,-1
1093,9285,0,1093,34,0,5,3865837568,0x3fa419d7,-1
1094,9286,0,1094,34,0,6,2792095744,0x3ec566f7,-1
1095,9287,0,1095,34,0,7,644612096,0xbf849dd8,-1
1096,9288,0,1096,34,0,8,913047552,0xbf4c27cf,-1
1097,9289,0,1097,34,0,9,3060531200,0x3f0f9aa9,-1
1098,9290,0,1098,34,0,10,4134273024,0x3fe40889,-1
1099,9291,0,1099,34,0,11,1986789376,0xbdc05a52,-1
1100,9292,0,1100,34,0,12,1449918464,0xbed68f48,-1
1101,9293,0,1101,34,0,13,3597402112,0x3f7c0d9c,-1
1102,9294,0,1102,34,0,14,2523660288,0x3e62a67c,-1
1103,9295,0,1103,34,0,15,376176640,0xbfad8a06,-1
1104,9296,0,1104,34,1,0,510394368,0xbf972563,-1
1105,9297,0,1105,34,1,1,2657878016,0x3e9ad747,-1
1106,9298,0,1106,34,1,2,3731619840,0x3f8f79c1,-1
1107,9299,0,1107,34,1,3,1584136192,0xbeab7d29,-1
1108,9300,0,1108,34,1,4,2121007104,0xbc7d2df5,-1
1109,9301,0,1109,34,1,5,4268490752,0x40202a4e,-1
1110,9302,0,1110,34,1,6,3194748928,0x3f27bc32,-1
1111,9303,0,1111,34,1,7,1047265280,0xbf31ab2a,-1
1112,9304,0,1112,34,1,8,778829824,0xbf69089a,-1
1113,9305,0,1113,34,1,9,2926313472,0x3ef1601e,-1
1114,9306,0,1114,34,1,10,4000055296,0x3fbe2f0f,-1
1115,9307,0,1115,34,1,11,1852571648,0xbe31206b,-1
1116,9308,0,1116,34,1,12,1315700736,0xbf019a8f,-1
1117,9309,0,1117,34,1,13,3463184384,0x3f5d4dfc,-1
1118,9310,0,1118,34,1,14,2389442560,0x3e1115c8,-1
1119,9311,0,1119,34,1,15,241958912,0xbfcb0bef,-1
1120,9312,0,1120,35,0,0,174850048,0xbfdf0a42,-1
1121,9313,0,1121,35,0,1,2322333696,0x3dd15aab,-1
1122,9314,0,1122,35,0,2,3396075520,0x3f4f1356,-1
1123,9315,0,1123,35,0,3,1248591872,0xbf0d22ae,-1
1124,9316,0,1124,35,0,4,1785462784,0xbe59fd1a,-1
1125,9317,0,1125,35,0,5,3932946432,0x3fb03a74,-1
1126,9318,0,1126,35,0,6,2859204608,0x3edb2fc8,-1
1127,9319,0,1127,35,0,7,711720960,0xbf78a439,-1
1128,9320,0,1128,35,0,8,980156416,0xbf3ea826,-1
1129,9321,0,1129,35,0,9,3127640064,0x3f1b7f33,-1
1130,9322,0,1130,35,0,10,4201381888,0x400128d3,-1
1131,9323,0,1131,35,0,11,2053898240,0xbd5fd3f2,-1
1132,9324,0,1132,35,0,12,1517027328,0xbec0da88,-1
1133,9325,0,1133,35,0,13,3664510976,0x3f86704f,-1
1134,9326,0,1134,35,0,14,2590769152,0x3e85f910,-1
1135,9327,0,1135,35,0,15,443285504,0xbfa1b955,-1
1136,9328,0,1136,35,1,0,309067776,0xbfbb0d57,-1
1137,9329,0,1137,35,1,1,2456551424,0x3e39b869,-1
1138,9330,0,1138,35,1,2,3530293248,0x3f6c40b0,-1
1139,9331,0,1139,35,1,3,1382809600,0xbeeca896,-1
1140,9332,0,1140,35,1,4,1919680512,0xbe088b79,-1
1141,9333,0,1141,35,1,5,4067164160,0x3fcedb65,-1
1142,9334,0,1142,35,1,6,2993422336,0x3f04037f,-1
1143,9335,0,1143,35,1,7,845938688,0xbf5a3f4d,-1
1144,9336,0,1144,35,1,8,577503232,0xbf8d82b2,-1
1145,9337,0,1145,35,1,9,2724986880,0x3eaff832,-1
1146,9338,0,1146,35,1,10,3798728704,0x3f994a6d,-1
1147,9339,0,1147,35,1,11,1651245056,0xbe966b36,-1
1148,9340,0,1148,35,1,12,1114374144,0xbf251f5b,-1
1149,9341,0,1149,35,1,13,3261857792,0x3f345e92,-1
1150,9342,0,1150,35,1,14,2188115968,0x3cc2482b,-1
1151,9343,0,1151,35,1,15,40632320,0xc01636a7,-1
1152,9344,0,1152,36,0,0,57409536,0xc00dc8ee,-1
1153,9345,0,1153,36,0,1,2204893184,0x3d09437a,-1
1154,9346,0,1154,36,0,2,3278635008,0x3f3798bb,-1
1155,9347,0,1155,36,0,3,1131151360,0xbf220c50,-1
1156,9348,0,1156,36,0,4,1668022272,0xbe913134,-1
1157,9349,0,1157,36,0,5,3815505920,0x3f9be3c0,-1
1158,9350,0,1158,36,0,6,2741764096,0x3eb54c21,-1
1159,9351,0,1159,36,0,7,594280448,0xbf8b3952,-1
1160,9352,0,1160,36,0,8,862715904,0xbf56a9de,-1
1161,9353,0,1161,36,0,9,3010199552,0x3f06e295,-1
1162,9354,0,1162,36,0,10,4083941376,0x3fd39fda,-1
1163,9355,0,1163,36,0,11,1936457728,0xbdfcdeda,-1
1164,9356,0,1164,36,0,12,1399586816,0xbee7180f,-1
1165,9357,0,1165,36,0,13,3547070464,0x3f701df0,-1
1166,9358,0,1166,36,0,14,2473328640,0x3e43ec2a,-1
1167,9359,0,1167,36,0,15,325844992,0xbfb77ad1,-1
1168,9360,0,1168,36,1,0,460062720,0xbf9efa23,-1
1169,9361,0,1169,36,1,1,2607546368,0x3e8b2af0,-1
1170,9362,0,1170,36,1,2,3681288192,0x3f88a25a,-1
1171,9363,0,1171,36,1,3,1533804544,0xbebb7b7b,-1
1172,9364,0,1172,36,1,4,2070675456,0xbd37ac0c,-1
1173,9365,0,1173,36,1,5,4218159104,0x40065f5f,-1
1174,9366,0,1174,36,1,6,3144417280,0x3f1e85af,-1
1175,9367,0,1175,36,1,7,996933632,0xbf3b5d64,-1
1176,9368,0,1176,36,1,8,728498176,0xbf74a783,-1
1177,9369,0,1177,36,1,9,2875981824,0x3ee0b19a,-1
1178,9370,0,1178,36,1,10,3949723648,0x3fb3850e,-1
1179,9371,0,1179,36,1,11,1802240000,0xbe4fbe3e,-1
1180,9372,0,1180,36,1,12,1265369088,0xbf0a39fc,-1
1181,9373,0,1181,36,1,13,3412852736,0x3f529255,-1
1182,9374,0,1182,36,1,14,2339110912,0x3de585d1,-1
1183,9375,0,1183,36,1,15,191627264,0xbfd987c2,-1
1184,9376,0,1184,37,0,0,258736128,0xbfc6c071,-1
1185,9377,0,1185,37,0,1,2406219776,0x3e1b3852,-1
1186,9378,0,1186,37,0,2,3479961600,0x3f60f835,-1
1187,9379,0,1187,37,0,3,1332477952,0xbefd8650,-1
1188,9380,0,1188,37,0,4,1869348864,0xbe26f523,-1
1189,9381,0,1189,37,0,5,4016832512,0x3fc20ca5,-1
1190,9382,0,1190,37,0,6,2943090688,0x3ef6fe19,-1
1191,9383,0,1191,37,0,7,795607040,0xbf6543f6,-1
1192,9384,0,1192,37,0,8,1064042496,0xbf2e7e38,-1
1193,9385,0,1193,37,0,9,3211526144,0x3f2adabc,-1
1194,9386,0,1194,37,0,10,4285267968,0x4035bc7c,24
1195,9387,0,1195,37,0,11,2137784320,0xbbb97dd1,-1
1196,9388,0,1196,37,0,12,1600913408,0xbea6320c,-1
1197,9389,0,1197,37,0,13,3748397056,0x3f91d969,-1
1198,9390,0,1198,37,0,14,2674655232,0x3ea018d5,-1
1199,9391,0,1199,37,0,15,527171584,0xbf94a86c,-1
1200,9392,0,1200,37,1,0,392953856,0xbfaa72b1,-1
1201,9393,0,1201,37,1,1,2540437504,0x3e6cefe4,-1
1202,9394,0,1202,37,1,2,3614179328,0x3f8013e8,-1
1203,9395,0,1203,37,1,3,1466695680,0xbed11934,-1
1204,9396,0,1204,37,1,4,2003566592,0xbdac385a,-1
1205,9397,0,1205,37,1,5,4151050240,0x3fea70a5,-1
1206,9398,0,1206,37,1,6,3077308416,0x3f128c23,-1
1207,9399,0,1207,37,1,7,929824768,0xbf48ba8f,-1
1208,9400,0,1208,37,1,8,661389312,0xbf827dc0,-1
1209,9401,0,1209,37,1,9,2808872960,0x3ecad039,-1
1210,9402,0,1210,37,1,10,3882614784,0x3fa6fe55,-1
1211,9403,0,1211,37,1,11,1735131136,0xbe78dc70,-1
1212,9404,0,1212,37,1,12,1198260224,0xbf15f993,-1
1213,9405,0,1213,37,1,13,3345743872,0x3f44cf93,-1
1214,9406,0,1214,37,1,14,2272002048,0x3d94f659,-1
1215,9407,0,1215,37,1,15,124518400,0xbff2aa57,-1
1216,9408,0,1216,38,0,0,90963968,0xc001eb38,-1
1217,9409,0,1217,38,0,1,2238447616,0x3d598d60,-1
1218,9410,0,1218,38,0,2,3312189440,0x3f3e23f0,-1
1219,9411,0,1219,38,0,3,1164705792,0xbf1bf7d8,-1
1220,9412,0,1220,38,0,4,1701576704,0xbe86c89e,-1
1221,9413,0,1221,38,0,5,3849060352,0x3fa14a34,-1
1222,9414,0,1222,38,0,6,2775318528,0x3ec00353,-1
1223,9415,0,1223,38,0,7,627834880,0xbf86c776,-1
1224,9416,0,1224,38,0,8,896270336,0xbf4f9e87,-1
1225,9417,0,1225,38,0,9,3043753984,0x3f0cae04,-1
1226,9418,0,1226,38,0,10,4117495808,0x3fde26d7,-1
1227,9419,0,1227,38,0,11,1970012160,0xbdd4810e,-1
1228,9420,0,1228,38,0,12,1433141248,0xbedc0ba3,-1
1229,9421,0,1229,38,0,13,3580624896,0x3f7803b9,-1
1230,9422,0,1230,38,0,14,2506883072,0x3e5862eb,-1
1231,9423,0,1231,38,0,15,359399424,0xbfb0bc25,-1
1232,9424,0,1232,38,1,0,493617152,0xbf99b150,-1
1233,9425,0,1233,38,1,1,2641100800,0x3e9599e3,-1
1234,9426,0,1234,38,1,2,3714842624,0x3f8d2678,-1
1235,9427,0,1235,38,1,3,1567358976,0xbeb0ccfc,-1
1236,9428,0,1236,38,1,4,2104229888,0xbcced19d,-1
1237,9429,0,1237,38,1,5,4251713536,0x4014b77e,-1
1238,9430,0,1238,38,1,6,3177971712,0x3f24a3fb,-1
1239,9431,0,1239,38,1,7,1030488064,0xbf34df2c,-1
1240,9432,0,1240,38,1,8,762052608,0xbf6cda59,-1
1241,9433,0,1241,38,1,9,2909536256,0x3eebc989,-1
1242,9434,0,1242,38,1,10,3983278080,0x3fba7bfb,-1
1243,9435,0,1243,38,1,11,1835794432,0xbe3b502e,-1
1244,9436,0,1244,38,1,12,1298923520,0xbf047612,-1
1245,9437,0,1245,38,1,13,3446407168,0x3f59af3b,-1
1246,9438,0,1246,38,1,14,2372665344,0x3e06f6df,-1
1247,9439,0,1247,38,1,15,225181696,0xbfcf9546,-1
1248,9440,0,1248,39,0,0,158072832,0xbfe4ff42,-1
1249,9441,0,1249,39,0,1,2305556480,0x3dbd34b7,-1
1250,9442,0,1250,39,0,2,3379298304,0x3f4b9e20,-1
1251,9443,0,1251,39,0,3,1231814656,0xbf101012,-1
1252,9444,0,1252,39,0,4,1768685568,0xbe644190,-1
1253,9445,0,1253,39,0,5,3916169216,0x3fad0cab,-1
1254,9446,0,1254,39,0,6,2842427392,0x3ed5b46c,-1
1255,9447,0,1255,39,0,7,694943744,0xbf7cb09c,-1
1256,9448,0,1256,39,0,8,963379200,0xbf41fb0f,-1
1257,9449,0,1257,39,0,9,3110862848,0x3f187e3b,-1
1258,9450,0,1258,39,0,10,4184604672,0x3ff95e77,-1
1259,9451,0,1259,39,0,11,2037121024,0xbd8400ae,-1
1260,9452,0,1260,39,0,12,1500250112,0xbec63f09,-1
1261,9453,0,1261,39,0,13,3647733760,0x3f844836,-1
1262,9454,0,1262,39,0,14,2573991936,0x3e80cab5,-1
1263,9455,0,1263,39,0,15,426508288,0xbfa48c21,-1
1264,9456,0,1264,39,1,0,292290560,0xbfbec6c3,-1
1265,9457,0,1265,39,1,1,2439774208,0x3e2f895e,-1
1266,9458,0,1266,39,1,2,3513516032,0x3f687107,-1
1267,9459,0,1267,39,1,3,1366032384,0xbef2404f,-1
1268,9460,0,1268,39,1,4,1902903296,0xbe12aaee,-1
1269,9461,0,1269,39,1,5,4050386944,0x3fca5c44,-1
1270,9462,0,1270,39,1,6,2976645120,0x3f0128a2,-1
1271,9463,0,1271,39,1,7,829161472,0xbf5ddfd0,-1
1272,9464,0,1272,39,1,8,560726016,0xbf8fd7de,-1
1273,9465,0,1273,39,1,9,2708209664,0x3eaaa91e,-1
1274,9466,0,1274,39,1,10,3781951488,0x3f96c0e6,-1
1275,9467,0,1275,39,1,11,1634467840,0xbe9ba93e,-1
1276,9468,0,1276,39,1,12,1097596928,0xbf28388b,-1
1277,9469,0,1277,39,1,13,3245080576,0x3f312baf,-1
1278,9470,0,1278,39,1,14,2171338752,0x3c641c4d,-1
1279,9471,0,1279,39,1,15,23855104,0xc0228367,-1
1280,9472,0,1280,40,0,0,32243712,0xc01ba64e,-1
1281,9473,0,1281,40,0,1,2179727360,0x3c9a2ab0,-1
1282,9474,0,1282,40,0,2,3253469184,0x3f32c43c,-1
1283,9475,0,1283,40,0,3,1105985536,0xbf26ab2b,-1
1284,9476,0,1284,40,0,4,1642856448,0xbe9909b6,-1
1285,9477,0,1285,40,0,5,3790340096,0x3f9803c0,-1
1286,9478,0,1286,40,0,6,2716598272,0x3ead500f,-1
1287,9479,0,1287,40,0,7,569114624,0xbf8eabc4,-1
1288,9480,0,1288,40,0,8,837550080,0xbf5c0e25,-1
1289,9481,0,1289,40,0,9,2985033728,0x3f02958b,-1
1290,9482,0,1290,40,0,10,4058775552,0x3fcc93c0,-1
1291,9483,0,1291,40,0,11,1911291904,0xbe0d9ac2,-1
1292,9484,0,1292,40,0,12,1374420992,0xbeef7388,-1
1293,9485,0,1293,40,0,13,3521904640,0x3f6a5732,-1
1294,9486,0,1294,40,0,14,2448162816,0x3e34a051,-1
1295,9487,0,1295,40,0,15,300679168,0xbfbce4ef,-1
1296,9488,0,1296,40,1,0,434896896,0xbfa32031,-1
1297,9489,0,1297,40,1,1,2582380544,0x3e836174,-1
1298,9490,0,1298,40,1,2,3656122368,0x3f855b0d,-1
1299,9491,0,1299,40,1,3,1508638720,0xbec38c17,-1
1300,9492,0,1300,40,1,4,2045509632,0xbd73e9e7,-1
1301,9493,0,1301,40,1,5,4192993280,0x3ffdb063,-1
1302,9494,0,1302,40,1,6,3119251456,0x3f19fe09,-1
1303,9495,0,1303,40,1,7,971767808,0xbf405091,-1
1304,9496,0,1304,40,1,8,703332352,0xbf7aa869,-1
1305,9497,0,1305,40,1,9,2850816000,0x3ed8714f,-1
1306,9498,0,1306,40,1,10,3924557824,0x3faea01d,-1
1307,9499,0,1307,40,1,11,1777074176,0xbe5f1e9d,-1
1308,9500,0,1308,40,1,12,1240203264,0xbf0e98c7,-1
1309,9501,0,1309,40,1,13,3387686912,0x3f4d5788,-1
1310,9502,0,1310,40,1,14,2313945088,0x3dc74713,-1
1311,9503,0,1311,40,1,15,166461440,0xbfe1f519,-1
1312,9504,0,1312,41,0,0,233570304,0xbfcd485a,-1
1313,9505,0,1313,41,0,1,2381053952,0x3e0c05e4,-1
1314,9506,0,1314,41,0,2,3454795776,0x3f5b7d34,-1
1315,9507,0,1315,41,0,3,1307312128,0xbf0307cb,-1
1316,9508,0,1316,41,0,4,1844183040,0xbe3637b9,-1
1317,9509,0,1317,41,0,5,3991666688,0x3fbc507c,-1
1318,9510,0,1318,41,0,6,2917924864,0x3eee93eb,-1
1319,9511,0,1319,41,0,7,770441216,0xbf6aefcd,-1
1320,9512,0,1320,41,0,8,1038876672,0xbf334445,-1
1321,9513,0,1321,41,0,9,3186360320,0x3f262f4f,-1
1322,9514,0,1322,41,0,10,4260102144,0x4019d447,-1
1323,9515,0,1323,41,0,11,2112618496,0xbca6b3c9,-1
1324,9516,0,1324,41,0,12,1575747584,0xbeae2479,-1
1325,9517,0,1325,41,0,13,3723231232,0x3f8e4e9c,-1
1326,9518,0,1326,41,0,14,2649489408,0x3e983812,-1
1327,9519,0,1327,41,0,15,502005760,0xbf98696b,-1
1328,9520,0,1328,41,1,0,367788032,0xbfaf1f97,-1
1329,9521,0,1329,41,1,1,2515271680,0x3e5d83fd,-1
1330,9522,0,1330,41,1,2,3589013504,0x3f7a06ad,-1
1331,9523,0,1331,41,1,3,1441529856,0xbed94ca9,-1
1332,9524,0,1332,41,1,4,1978400768,0xbdca6d10,-1
1333,9525,0,1333,41,1,5,4125884416,0x3fe1087c,-1
1334,9526,0,1334,41,1,6,3052142592,0x3f0e23bf,-1
1335,9527,0,1335,41,1,7,904658944,0xbf4de1f6,-1
1336,9528,0,1336,41,1,8,636223488,0xbf85b16e,-1
1337,9529,0,1337,41,1,9,2783707136,0x3ec2b474,-1
1338,9530,0,1338,41,1,10,3857448960,0x3fa2af83,-1
1339,9531,0,1339,41,1,11,1709965312,0xbe8430bd,-1
1340,9532,0,1340,41,1,12,1173094400,0xbf1a7641,-1
1341,9533,0,1341,41,1,13,3320578048,0x3f3fcbb7,-1
1342,9534,0,1342,41,1,14,2246836224,0x3d6da2e3,-1
1343,9535,0,1343,41,1,15,99352576,0xbfff19aa,-1
1344,9536,0,1344,42,0,0,132907008,0xbfeefca8,-1
1345,9537,0,1345,42,0,1,2280390656,0x3d9f0467,-1
1346,9538,0,1346,42,0,2,3354132480,0x3f467fd6,-1
1347,9539,0,1347,42,0,3,1206648832,0xbf147d4e,-1
1348,9540,0,1348,42,0,4,1743519744,0xbe73b361,-1
1349,9541,0,1349,42,0,5,3891003392,0x3fa878e8,-1
1350,9542,0,1350,42,0,6,2817261568,0x3ecd8706,-1
1351,9543,0,1351,42,0,7,669777920,0xbf817121,-1
1352,9544,0,1352,42,0,8,938213376,0xbf47075f,-1
1353,9545,0,1353,42,0,9,3085697024,0x3f1406bc,-1
1354,9546,0,1354,42,0,10,4159438848,0x3fede07c,-1
1355,9547,0,1355,42,0,11,2011955200,0xbda228ff,-1
1356,9548,0,1356,42,0,12,1475084288,0xbece6074,-1
1357,9549,0,1357,42,0,13,3622567936,0x3f811da4,-1
1358,9550,0,1358,42,0,14,2548826112,0x3e7216e1,-1
1359,9551,0,1359,42,0,15,401342464,0xbfa8f066,-1
1360,9552,0,1360,42,1,0,535560192,0xbf936f45,-1
1361,9553,0,1361,42,1,1,2683043840,0x3ea2bb3a,-1
1362,9554,0,1362,42,1,2,3756785664,0x3f930e1d,-1
1363,9555,0,1363,42,1,3,1609302016,0xbea38e33,-1
1364,9556,0,1364,42,1,4,2146172928,0xba4887bc,-1
1365,9557,0,1365,42,1,5,4293656576,0x405b5384,56
1366,9558,0,1366,42,1,6,3219914752,0x3f2c6c71,-1
1367,9559,0,1367,42,1,7,1072431104,0xbf2cea51,-1
1368,9560,0,1368,42,1,8,803995648,0xbf636661,-1
1369,9561,0,1369,42,1,9,2951479296,0x3ef9cff0,-1
1370,9562,0,1370,42,1,10,4025221120,0x3fc40ce8,-1
1371,9563,0,1371,42,1,11,1877737472,0xbe21e117,-1
1372,9564,0,1372,42,1,12,1340866560,0xbefab1ea,-1
1373,9565,0,1373,42,1,13,3488350208,0x3f62d1c5,-1
1374,9566,0,1374,42,1,14,2414608384,0x3e204b0a,-1
1375,9567,0,1375,42,1,15,267124736,0xbfc4af87,-1
1376,9568,0,1376,43,0,0,200015872,0xbfd6eb8e,-1
1377,9569,0,1377,43,0,1,2347499520,0x3def9d80,-1
1378,9570,0,1378,43,0,2,3421241344,0x3f54559d,-1
1379,9571,0,1379,43,0,3,1273757696,0xbf08c759,-1
1380,9572,0,1380,43,0,4,1810628608,0xbe4aa0d2,-1
1381,9573,0,1381,43,0,5,3958112256,0x3fb535fe,-1
1382,9574,0,1382,43,0,6,2884370432,0x3ee37502,-1
1383,9575,0,1383,43,0,7,736886784,0xbf72aed1,-1
1384,9576,0,1384,43,0,8,1005322240,0xbf39bafa,-1
1385,9577,0,1385,43,0,9,3152805888,0x3f200b0e,-1
1386,9578,0,1386,43,0,10,4226547712,0x40095aa8,-1
1387,9579,0,1387,43,0,11,2079064064,0xbd2399da,-1
1388,9580,0,1388,43,0,12,1542193152,0xbeb8cdf1,-1
1389,9581,0,1389,43,0,13,3689676800,0x3f89bf45,-1
1390,9582,0,1390,43,0,14,2615934976,0x3e8dc53f,-1
1391,9583,0,1391,43,0,15,468451328,0xbf9da177,-1
1392,9584,0,1392,43,1,0,334233600,0xbfb5bef6,-1
1393,9585,0,1393,43,1,1,2481717248,0x3e4907e5,-1
1394,9586,0,1394,43,1,2,3555459072,0x3f7211da,-1
1395,9587,0,1395,43,1,3,1407975424,0xbee4526b,-1
1396,9588,0,1396,43,1,4,1944846336,0xbdf2c534,-1
1397,9589,0,1397,43,1,5,4092329984,0x3fd61f5d,-1
1398,9590,0,1398,43,1,6,3018588160,0x3f0853c1,-1
1399,9591,0,1399,43,1,7,871104512,0xbf54e32c,-1
1400,9592,0,1400,43,1,8,602669056,0xbf8a18db,-1
1401,9593,0,1401,43,1,9,2750152704,0x3eb7f7fa,-1
1402,9594,0,1402,43,1,10,3823894528,0x3f9d36aa,-1
1403,9595,0,1403,43,1,11,1676410880,0xbe8e95a9,-1
1404,9596,0,1404,43,1,12,1139539968,0xbf208508,-1
1405,9597,0,1405,43,1,13,3287023616,0x3f39389f,-1
1406,9598,0,1406,43,1,14,2213281792,0x3d1d5461,-1
1407,9599,0,1407,43,1,15,65798144,0xc00a59a5,-1
1408,9600,0,1408,44,0,0,49020928,0xc011af26,-1
1409,9601,0,1409,44,0,1,2196504576,0x3cea66d8,-1
1410,9602,0,1410,44,0,2,3270246400,0x3f35faba,-1
1411,9603,0,1411,44,0,3,1122762752,0xbf239514,-1
1412,9604,0,1412,44,0,4,1659633664,0xbe93cdb7,-1
1413,9605,0,1413,44,0,5,3807117312,0x3f9a950c,-1
1414,9606,0,1414,44,0,6,2733375488,0x3eb2a18b,-1
1415,9607,0,1415,44,0,7,585891840,0xbf8c5c93,-1
1416,9608,0,1416,44,0,8,854327296,0xbf58733a,-1
1417,9609,0,1417,44,0,9,3001810944,0x3f057280,-1
1418,9610,0,1418,44,0,10,4075552768,0x3fd13456,-1
1419,9611,0,1419,44,0,11,1928069120,0xbe037d0a,-1
1420,9612,0,1420,44,0,12,1391198208,0xbee9df70,-1
1421,9613,0,1421,44,0,13,3538681856,0x3f6e2d93,-1
1422,9614,0,1422,44,0,14,2464940032,0x3e3ed1ae,-1
1423,9615,0,1423,44,0,15,317456384,0xbfb93f76,-1
1424,9616,0,1424,44,1,0,451674112,0xbfa0575f,-1
1425,9617,0,1425,44,1,1,2599157760,0x3e88918d,-1
1426,9618,0,1426,44,1,2,3672899584,0x3f87880e,-1
1427,9619,0,1427,44,1,3,1525415936,0xbebe2a56,-1
1428,9620,0,1428,44,1,4,2062286848,0xbd4bbf5f,-1
1429,9621,0,1429,44,1,5,4209770496,0x4003a82b,-1
1430,9622,0,1430,44,1,6,3136028672,0x3f1d01bd,-1
1431,9623,0,1431,44,1,7,988545024,0xbf3d01c5,-1
1432,9624,0,1432,44,1,8,720109568,0xbf76a3f4,-1
1433,9625,0,1433,44,1,9,2867593216,0x3eddefdf,-1
1434,9626,0,1434,44,1,10,3941335040,0x3fb1dbfd,-1
1435,9627,0,1435,44,1,11,1793851392,0xbe54dcfd,-1
1436,9628,0,1436,44,1,12,1256980480,0xbf0badc1,-1
1437,9629,0,1437,44,1,13,3404464128,0x3f50d196,-1
1438,9630,0,1438,44,1,14,2330722304,0x3ddb6f90,-1
1439,9631,0,1439,44,1,15,183238656,0xbfdc3bf3,-1
1440,9632,0,1440,45,0,0,250347520,0xbfc8def3,-1
1441,9633,0,1441,45,0,1,2397831168,0x3e162695,-1
1442,9634,0,1442,45,0,2,3471572992,0x3f5f21a2,-1
1443,9635,0,1443,45,0,3,1324089344,0xbf002e5a,-1
1444,9636,0,1444,45,0,4,1860960256,0xbe2c0a3c,-1
1445,9637,0,1445,45,0,5,4008443904,0x3fc0183f,-1
1446,9638,0,1446,45,0,6,2934702080,0x3ef42e2a,-1
1447,9639,0,1447,45,0,7,787218432,0xbf6724ae,-1
1448,9640,0,1448,45,0,8,1055653888,0xbf3013d3,-1
1449,9641,0,1449,45,0,9,3203137536,0x3f294aa9,-1
1450,9642,0,1450,45,0,10,4276879360,0x40289dd0,-1
1451,9643,0,1451,45,0,11,2129395712,0xbc2cf5e7,-1
1452,9644,0,1452,45,0,12,1592524800,0xbea8d706,-1
1453,9645,0,1453,45,0,13,3740008448,0x3f90a7fe,-1
1454,9646,0,1454,45,0,14,2666266624,0x3e9d7786,-1
1455,9647,0,1455,45,0,15,518782976,0xbf95e517,-1
1456,9648,0,1456,45,1,0,384565248,0xbfabfb26,-1
1457,9649,0,1457,45,1,1,2532048896,0x3e67ca70,-1
1458,9650,0,1458,45,1,2,3605790720,0x3f7e18a0,-1
1459,9651,0,1459,45,1,3,1458307072,0xbed3d379,-1
1460,9652,0,1460,45,1,4,1995177984,0xbdb648c6,-1
1461,9653,0,1461,45,1,5,4142661632,0x3fe72a10,-1
1462,9654,0,1462,45,1,6,3068919808,0x3f1112c9,-1
1463,9655,0,1463,45,1,7,921436160,0xbf4a7006,-1
1464,9656,0,1464,45,1,8,653000704,0xbf838ca3,-1
1465,9657,0,1465,45,1,9,2800484352,0x3ec81ae1,-1
1466,9658,0,1466,45,1,10,3874226176,0x3fa58962,-1
1467,9659,0,1467,45,1,11,1726742528,0xbe7e071d,-1
1468,9660,0,1468,45,1,12,1189871616,0xbf177724,-1
1469,9661,0,1469,45,1,13,3337355264,0x3f43217e,-1
1470,9662,0,1470,45,1,14,2263613440,0x3d8ae936,-1
1471,9663,0,1471,45,1,15,116129792,0xbff68e50,-1
1472,9664,0,1472,46,0,0,82575360,0xc0047aea,-1
1473,9665,0,1473,46,0,1,2230059008,0x3d457934,-1
1474,9666,0,1474,46,0,2,3303800832,0x3f3c7e30,-1
1475,9667,0,1475,46,0,3,1156317184,0xbf1d7ad2,-1
1476,9668,0,1476,46,0,4,1693188096,0xbe896163,-1
1477,9669,0,1477,46,0,5,3840671744,0x3f9fe9bc,-1
1478,9670,0,1478,46,0,6,2766929920,0x3ebd538d,-1
1479,9671,0,1479,46,0,7,619446272,0xbf87dfff,-1
1480,9672,0,1480,46,0,8,887881728,0xbf515d8d,-1
1481,9673,0,1481,46,0,9,3035365376,0x3f0b3974,-1
1482,9674,0,1482,46,0,10,4109107200,0x3fdb60f1,-1
1483,9675,0,1483,46,0,11,1961623552,0xbdde965e,-1
1484,9676,0,1484,46,0,12,1424752640,0xbedecc3c,-1
1485,9677,0,1485,46,0,13,3572236288,0x3f7604a9,-1
1486,9678,0,1486,46,0,14,2498494464,0x3e53433c,-1
1487,9679,0,1487,46,0,15,351010816,0xbfb25fff,-1
1488,9680,0,1488,46,1,0,485228544,0xbf9afd32,-1
1489,9681,0,1489,46,1,1,2632712192,0x3e92fcb3,-1
1490,9682,0,1490,46,1,2,3706454016,0x3f8c0141,-1
1491,9683,0,1491,46,1,3,1558970368,0xbeb376b8,-1
1492,9684,0,1492,46,1,4,2095841280,0xbcf6f0b6,-1
1493,9685,0,1493,46,1,5,4243324928,0x40106844,-1
1494,9686,0,1494,46,1,6,3169583104,0x3f231a2e,-1
1495,9687,0,1495,46,1,7,1022099456,0xbf367be7,-1
1496,9688,0,1496,46,1,8,753664000,0xbf6ec850,-1
1497,9689,0,1497,46,1,9,2901147648,0x3ee900f2,-1
1498,9690,0,1498,46,1,10,3974889472,0x3fb8b10a,-1
1499,9691,0,1499,46,1,11,1827405824,0xbe4069d3,-1
1500,9692,0,1500,46,1,12,1290534912,0xbf05e569,-1
1501,9693,0,1501,46,1,13,3438018560,0x3f57e403,-1
1502,9694,0,1502,46,1,14,2364276736,0x3e01e8b3,-1
1503,9695,0,1503,46,1,15,216793088,0xbfd1f3e1,-1
1504,9696,0,1504,47,0,0,149684224,0xbfe82bf4,-1
1505,9697,0,1505,47,0,1,2297167872,0x3db32386,-1
1506,9698,0,1506,47,0,2,3370909696,0x3f49e711,-1
1507,9699,0,1507,47,0,3,1223426048,0xbf118893,-1
1508,9700,0,1508,47,0,4,1760296960,0xbe6965fb,-1
1509,9701,0,1509,47,0,5,3907780608,0x3fab7fd4,-1
1510,9702,0,1510,47,0,6,2834038784,0x3ed2f919,-1
1511,9703,0,1511,47,0,7,686555136,0xbf7ebceb,-1
1512,9704,0,1512,47,0,8,954990592,0xbf43a7a9,-1
1513,9705,0,1513,47,0,9,3102474240,0x3f16ffc3,-1
1514,9706,0,1514,47,0,10,4176216064,0x3ff550cf,-1
1515,9707,0,1515,47,0,11,2028732416,0xbd8e0d39,-1
1516,9708,0,1516,47,0,12,1491861504,0xbec8f365,-1
1517,9709,0,1517,47,0,13,3639345152,0x3f8337bd,-1
1518,9710,0,1518,47,0,14,2565603328,0x3e7c6999,-1
1519,9711,0,1519,47,0,15,418119680,0xbfa5fd57,-1
1520,9712,0,1520,47,1,0,283901952,0xbfc0b363,-1
1521,9713,0,1521,47,1,1,2431385600,0x3e2a7387,-1
1522,9714,0,1522,47,1,2,3505127424,0x3f668e1d,-1
1523,9715,0,1523,47,1,3,1357643776,0xbef50ef1,-1
1524,9716,0,1524,47,1,4,1894514688,0xbe17bc06,-1
1525,9717,0,1525,47,1,5,4041998336,0x3fc833e7,-1
1526,9718,0,1526,47,1,6,2968256512,0x3eff797e,-1
1527,9719,0,1527,47,1,7,820772864,0xbf5fb45e,-1
1528,9720,0,1528,47,1,8,552337408,0xbf910717,-1
1529,9721,0,1529,47,1,9,2699821056,0x3ea80359,-1
1530,9722,0,1530,47,1,10,3773562880,0x3f9581c0,-1
1531,9723,0,1531,47,1,11,1626079232,0xbe9e49d1,-1
1532,9724,0,1532,47,1,12,1089208320,0xbf29c782,-1
1533,9725,0,1533,47,1,13,3236691968,0x3f2f94e4,-1
1534,9726,0,1534,47,1,14,2162950144,0x3c13e4a1,-1
1535,9727,0,1535,47,1,15,15466496,0xc02bfd8a,4
1536,9728,0,1536,48,0,0,11272192,0xc032a552,20
1537,9729,0,1537,48,0,1,2158755840,0x3bd79254,-1
1538,9730,0,1538,48,0,2,3232497664,0x3f2eca24,-1
1539,9731,0,1539,48,0,3,1085014016,0xbf2a8f98,-1
1540,9732,0,1540,48,0,4,1621884928,0xbe9f9a82,-1
1541,9733,0,1541,48,0,5,3769368576,0x3f94e387,-1
1542,9734,0,1542,48,0,6,2695626752,0x3ea6b0e4,-1
1543,9735,0,1543,48,0,7,548143104,0xbf919fe6,-1
1544,9736,0,1544,48,0,8,816578560,0xbf609fbf,-1
1545,9737,0,1545,48,0,9,2964062208,0x3efe0e5c,-1
1546,9738,0,1546,48,0,10,4037804032,0x3fc72519,-1
1547,9739,0,1547,48,0,11,1890320384,0xbe1a44ec,-1
1548,9740,0,1548,48,0,12,1353449472,0xbef676f7,-1
1549,9741,0,1549,48,0,13,3500933120,0x3f659ddb,-1
1550,9742,0,1550,48,0,14,2427191296,0x3e27e903,-1
1551,9743,0,1551,48,0,15,279707648,0xbfc1adf0,-1
1552,9744,0,1552,48,1,0,413925376,0xbfa6b7fc,-1
1553,9745,0,1553,48,1,1,2561409024,0x3e79d450,-1
1554,9746,0,1554,48,1,2,3635150848,0x3f82b05e,-1
1555,9747,0,1555,48,1,3,1487667200,0xbeca4e1c,-1
1556,9748,0,1556,48,1,4,2024538112,0xbd9313d1,-1
1557,9749,0,1557,48,1,5,4172021760,0x3ff360be,-1
1558,9750,0,1558,48,1,6,3098279936,0x3f164105,-1
1559,9751,0,1559,48,1,7,950796288,0xbf447ec5,-1
1560,9752,0,1560,48,1,8,682360832,0xbf7fc4a4,-1
1561,9753,0,1561,48,1,9,2829844480,0x3ed19c03,-1
1562,9754,0,1562,48,1,10,3903586304,0x3faabbcd,-1
1563,9755,0,1563,48,1,11,1756102656,0xbe6bf8c1,-1
1564,9756,0,1564,48,1,12,1219231744,0xbf12454a,-1
1565,9757,0,1565,48,1,13,3366715392,0x3f490c68,-1
1566,9758,0,1566,48,1,14,2292973568,0x3dae1b59,-1
1567,9759,0,1567,48,1,15,145489920,0xbfe9d068,-1
1568,9760,0,1568,49,0,0,212598784,0xbfd32a37,-1
1569,9761,0,1569,49,0,1,2360082432,0x3dfec3d6,-1
1570,9762,0,1570,49,0,2,3433824256,0x3f56ff6b,-1
1571,9763,0,1571,49,0,3,1286340608,0xbf069d7c,-1
1572,9764,0,1572,49,0,4,1823211520,0xbe42f71b,-1
1573,9765,0,1573,49,0,5,3970695168,0x3fb7cf01,-1
1574,9766,0,1574,49,0,6,2896953344,0x3ee79d4f,-1
1575,9767,0,1575,49,0,7,749469696,0xbf6fc09a,-1
1576,9768,0,1576,49,0,8,1017905152,0xbf374af6,-1
1577,9769,0,1577,49,0,9,3165388800,0x3f2255d8,-1
1578,9770,0,1578,49,0,10,4239130624,0x400e7a04,-1
1579,9771,0,1579,49,0,11,2091646976,0xbd058068,-1
1580,9772,0,1580,49,0,12,1554776064,0xbeb4cc0d,-1
1581,9773,0,1581,49,0,13,3702259712,0x3f8b6fb7,-1
1582,9774,0,1582,49,0,14,2628517888,0x3e91ae7a,-1
1583,9775,0,1583,49,0,15,481034240,0xbf9ba4ad,-1
1584,9776,0,1584,49,1,0,346816512,0xbfb334c4,-1
1585,9777,0,1585,49,1,1,2494300160,0x3e50b3e8,-1
1586,9778,0,1586,49,1,2,3568041984,0x3f75068f,-1
1587,9779,0,1587,49,1,3,1420558336,0xbee02d27,-1
1588,9780,0,1588,49,1,4,1957429248,0xbde3a18a,-1
1589,9781,0,1589,49,1,5,4104912896,0x3fda07a8,-1
1590,9782,0,1590,49,1,6,3031171072,0x3f0a7f9b,-1
1591,9783,0,1591,49,1,7,883687424,0xbf523e00,-1
1592,9784,0,1592,49,1,8,615251968,0xbf886d39,-1
1593,9785,0,1593,49,1,9,2762735616,0x3ebbfc2b,-1
1594,9786,0,1594,49,1,10,3836477440,0x3f9f3b44,-1
1595,9787,0,1595,49,1,11,1688993792,0xbe8aae1c,-1
1596,9788,0,1596,49,1,12,1152122880,0xbf1e3cd6,-1
1597,9789,0,1597,49,1,13,3299606528,0x3f3bac10,-1
1598,9790,0,1598,49,1,14,2225864704,0x3d3b6f95,-1
1599,9791,0,1599,49,1,15,78381056,0xc005d841,-1
1600,9792,0,1600,50,0,0,111935488,0xbff896ff,-1
1601,9793,0,1601,50,0,1,2259419136,0x3d85e2f8,-1
1602,9794,0,1602,50,0,2,3333160960,0x3f424b42,-1
1603,9795,0,1603,50,0,3,1185677312,0xbf18366b,-1
1604,9796,0,1604,50,0,4,1722548224,0xbe804e89,-1
1605,9797,0,1605,50,0,5,3870031872,0x3fa4d0f3,-1
1606,9798,0,1606,50,0,6,2796290048,0x3ec6c0be,-1
1607,9799,0,1607,50,0,7,648806400,0xbf8414f2,-1
1608,9800,0,1608,50,0,8,917241856,0xbf4b4b9f,-1
1609,9801,0,1609,50,0,9,3064725504,0x3f105692,-1
1610,9802,0,1610,50,0,10,4138467328,0x3fe594e7,-1
1611,9803,0,1611,50,0,11,1990983680,0xbdbb5167,-1
1612,9804,0,1612,50,0,12,1454112768,0xbed5312e,-1
1613,9805,0,1613,50,0,13,3601596416,0x3f7d129a,-1
1614,9806,0,1614,50,0,14,2527854592,0x3e653847,-1
1615,9807,0,1615,50,0,15,380370944,0xbfacc1c4,-1
1616,9808,0,1616,50,1,0,514588672,0xbf9684c7,-1
1617,9809,0,1617,50,1,1,2662072320,0x3e9c2745,-1
1618,9810,0,1618,50,1,2,3735814144,0x3f90107b,-1
1619,9811,0,1619,50,1,3,1588330496,0xbeaa29f2,-1
1620,9812,0,1620,50,1,4,2125201408,0xbc5511c4,-1
1621,9813,0,1621,50,1,5,4272685056,0x402408de,-1
1622,9814,0,1622,50,1,6,3198943232,0x3f28833a,-1
1623,9815,0,1623,50,1,7,1051459584,0xbf30df47,-1
1624,9816,0,1624,50,1,8,783024128,0xbf68163c,-1
1625,9817,0,1625,50,1,9,2930507776,0x3ef2c6e8,-1
1626,9818,0,1626,50,1,10,4004249600,0x3fbf224a,-1
1627,9819,0,1627,50,1,11,1856765952,0xbe2e9530,-1
1628,9820,0,1628,50,1,12,1319895040,0xbf00e454,-1
1629,9821,0,1629,50,1,13,3467378688,0x3f5e3772,-1
1630,9822,0,1630,50,1,14,2393636864,0x3e139e11,-1
1631,9823,0,1631,50,1,15,246153216,0xbfc9f393,-1
1632,9824,0,1632,51,0,0,179044352,0xbfdd9fb2,-1
1633,9825,0,1633,51,0,1,2326528000,0x3dd664f3,-1
1634,9826,0,1634,51,0,2,3400269824,0x3f4ff227,-1
1635,9827,0,1635,51,0,3,1252786176,0xbf0c6812,-1
1636,9828,0,1636,51,0,4,1789657088,0xbe576cdf,-1
1637,9829,0,1637,51,0,5,3937140736,0x3fb10a4d,-1
1638,9830,0,1638,51,0,6,2863398912,0x3edc8f9f,-1
1639,9831,0,1639,51,0,7,715915264,0xbf77a39a,-1
1640,9832,0,1640,51,0,8,984350720,0xbf3dd4b5,-1
1641,9833,0,1641,51,0,9,3131834368,0x3f1c404b,-1
1642,9834,0,1642,51,0,10,4205576192,0x40026225,-1
1643,9835,0,1643,51,0,11,2058092544,0xbd55c97f,-1
1644,9836,0,1644,51,0,12,1521221632,0xbebf8244,-1
1645,9837,0,1645,51,0,13,3668705280,0x3f86fbde,-1
1646,9838,0,1646,51,0,14,2594963456,0x3e874532,-1
1647,9839,0,1647,51,0,15,447479808,0xbfa107c0,-1
1648,9840,0,1648,51,1,0,313262080,0xbfba2537,-1
1649,9841,0,1649,51,1,1,2460745728,0x3e3c44e6,-1
1650,9842,0,1650,51,1,2,3534487552,0x3f6d36b4,-1
1651,9843,0,1651,51,1,3,1387003904,0xbeeb43ca,-1
1652,9844,0,1652,51,1,4,1923874816,0xbe060427,-1
1653,9845,0,1653,51,1,5,4071358464,0x3fd005a0,-1
1654,9846,0,1654,51,1,6,2997616640,0x3f04badd,-1
1655,9847,0,1655,51,1,7,850132992,0xbf5958ec,-1
1656,9848,0,1656,51,1,8,581697536,0xbf8cef46,-1
1657,9849,0,1657,51,1,9,2729181184,0x3eb14cb7,-1
1658,9850,0,1658,51,1,10,3802923008,0x3f99ef3c,-1
1659,9851,0,1659,51,1,11,1655439360,0xbe951c56,-1
1660,9852,0,1660,51,1,12,1118568448,0xbf245a07,-1
1661,9853,0,1661,51,1,13,3266052096,0x3f352c6b,-1
1662,9854,0,1662,51,1,14,2192310272,0x3cd65757,-1
1663,9855,0,1663,51,1,15,44826624,0xc013db39,-1
1664,9856,0,1664,52,0,0,61603840,0xc00c0463,-1
1665,9857,0,1665,52,0,1,2209087488,0x3d134bd1,-1
1666,9858,0,1666,52,0,2,3282829312,0x3f386870,-1
1667,9859,0,1667,52,0,3,1135345664,0xbf21487d,-1
1668,9860,0,1668,52,0,4,1672216576,0xbe8fe350,-1
1669,9861,0,1669,52,0,5,3819700224,0x3f9c8cac,-1
1670,9862,0,1670,52,0,6,2745958400,0x3eb6a1e5,-1
1671,9863,0,1671,52,0,7,598474752,0xbf8aa8bf,-1
1672,9864,0,1672,52,0,8,866910208,0xbf55c631,-1
1673,9865,0,1673,52,0,9,3014393856,0x3f079b08,-1
1674,9866,0,1674,52,0,10,4088135680,0x3fd4dd03,-1
1675,9867,0,1675,52,0,11,1940652032,0xbdf7d1d6,-1
1676,9868,0,1676,52,0,12,1403781120,0xbee5b506,-1
1677,9869,0,1677,52,0,13,3551264768,0x3f711772,-1
1678,9870,0,1678,52,0,14,2477522944,0x3e4679df,-1
1679,9871,0,1679,52,0,15,330039296,0xbfb69bd1,-1
1680,9872,0,1680,52,1,0,464257024,0xbf9e4d3e,-1
1681,9873,0,1681,52,1,1,2611740672,0x3e8c77fa,-1
1682,9874,0,1682,52,1,2,3685482496,0x3f89307b,-1
1683,9875,0,1683,52,1,3,1537998848,0xbeba248d,-1
1684,9876,0,1684,52,1,4,2074869760,0xbd2da2d1,-1
1685,9877,0,1685,52,1,5,4222353408,0x4007d395,-1
1686,9878,0,1686,52,1,6,3148611584,0x3f1f4830,-1
1687,9879,0,1687,52,1,7,1001127936,0xbf3a8bf1,-1
1688,9880,0,1688,52,1,8,732692480,0xbf73aab4,-1
1689,9881,0,1689,52,1,9,2880176128,0x3ee21318,-1
1690,9882,0,1690,52,1,10,3953917952,0x3fb45c84,-1
1691,9883,0,1691,52,1,11,1806434304,0xbe4d2f5e,-1
1692,9884,0,1692,52,1,12,1269563392,0xbf098087,-1
1693,9885,0,1693,52,1,13,3417047040,0x3f5373a7,-1
1694,9886,0,1694,52,1,14,2343305216,0x3dea917a,-1
1695,9887,0,1695,52,1,15,195821568,0xbfd836c8,-1
1696,9888,0,1696,53,0,0,262930432,0xbfc5b656,-1
1697,9889,0,1697,53,0,1,2410414080,0x3e1dc18e,-1
1698,9890,0,1698,53,0,2,3484155904,0x3f61e49c,-1
1699,9891,0,1699,53,0,3,1336672256,0xbefc1bde,-1
1700,9892,0,1700,53,0,4,1873543168,0xbe246afc,-1
1701,9893,0,1701,53,0,5,4021026816,0x3fc30b40,-1
1702,9894,0,1702,53,0,6,2947284992,0x3ef866c7,-1
1703,9895,0,1703,53,0,7,799801344,0xbf6454c8,-1
1704,9896,0,1704,53,0,8,1068236800,0xbf2db40f,-1
1705,9897,0,1705,53,0,9,3215720448,0x3f2ba362,-1
1706,9898,0,1706,53,0,10,4289462272,0x404101fd,40
1707,9899,0,1707,53,0,11,2141978624,0xbb528e9f,-1
1708,9900,0,1708,53,0,12,1605107712,0xbea4dffb,-1
1709,9901,0,1709,53,0,13,3752591360,0x3f927359,-1
1710,9902,0,1710,53,0,14,2678849536,0x3ea169e5,-1
1711,9903,0,1711,53,0,15,531365888,0xbf940b6a,-1
1712,9904,0,1712,53,1,0,397148160,0xbfa9b0cb,-1
1713,9905,0,1713,53,1,1,2544631808,0x3e6f8331,-1
1714,9906,0,1714,53,1,2,3618373632,0x3f809881,-1
1715,9907,0,1715,53,1,3,1470889984,0xbecfbca4,-1
1716,9908,0,1716,53,1,4,2007760896,0xbda7308b,-1
1717,9909,0,1717,53,1,5,4155244544,0x3fec231e,-1
1718,9910,0,1718,53,1,6,3081502720,0x3f134947,-1
1719,9911,0,1719,53,1,7,934019072,0xbf47e0af,-1
1720,9912,0,1720,53,1,8,665583616,0xbf81f729,-1
1721,9913,0,1721,53,1,9,2813067264,0x3ecc2b71,-1
1722,9914,0,1722,53,1,10,3886809088,0x3fa7bae7,-1
1723,9915,0,1723,53,1,11,1739325440,0xbe7647b5,-1
1724,9916,0,1724,53,1,12,1202454528,0xbf153b48,-1
1725,9917,0,1725,53,1,13,3349938176,0x3f45a76e,-1
1726,9918,0,1726,53,1,14,2276196352,0x3d99fd42,-1
1727,9919,0,1727,53,1,15,128712704,0xbff0cd23,-1
1728,9920,0,1728,54,0,0,95158272,0xc000b663,-1
1729,9921,0,1729,54,0,1,2242641920,0x3d6397f5,-1
1730,9922,0,1730,54,0,2,3316383744,0x3f3ef792,-1
1731,9923,0,1731,54,0,3,1168900096,0xbf1b36e0,-1
1732,9924,0,1732,54,0,4,1705771008,0xbe857c91,-1
1733,9925,0,1733,54,0,5,3853254656,0x3fa1fc3d,-1
1734,9926,0,1734,54,0,6,2779512832,0x3ec15bb8,-1
1735,9927,0,1735,54,0,7,632029184,0xbf863c23,-1
1736,9928,0,1736,54,0,8,900464640,0xbf4ebff0,-1
1737,9929,0,1737,54,0,9,3047948288,0x3f0d68bc,-1
1738,9930,0,1738,54,0,10,4121690112,0x3fdf940a,-1
1739,9931,0,1739,54,0,11,1974206464,0xbdcf76e6,-1
1740,9932,0,1740,54,0,12,1437335552,0xbedaabf2,-1
1741,9933,0,1741,54,0,13,3584819200,0x3f7904b5,-1
1742,9934,0,1742,54,0,14,2511077376,0x3e5af347,-1
1743,9935,0,1743,54,0,15,363593728,0xbfafecf9,-1
1744,9936,0,1744,54,1,0,497811456,0xbf990ce0,-1
1745,9937,0,1745,54,1,1,2645295104,0x3e96e8da,-1
1746,9938,0,1746,54,1,2,3719036928,0x3f8dba2b,-1
1747,9939,0,1747,54,1,3,1571553280,0xbeaf7894,-1
1748,9940,0,1748,54,1,4,2108424192,0xbcbac28e,-1
1749,9941,0,1749,54,1,5,4255907840,0x4017270e,-1
1750,9942,0,1750,54,1,6,3182166016,0x3f256974,-1
1751,9943,0,1751,54,1,7,1034682368,0xbf34117f,-1
1752,9944,0,1752,54,1,8,766246912,0xbf6be4a7,-1
1753,9945,0,1753,54,1,9,2913730560,0x3eed2e80,-1
1754,9946,0,1754,54,1,10,3987472384,0x3fbb6502,-1
1755,9947,0,1755,54,1,11,1839988736,0xbe38c3ce,-1
1756,9948,0,1756,54,1,12,1303117824,0xbf03becc,-1
1757,9949,0,1757,54,1,13,3450601472,0x3f5a95df,-1
1758,9950,0,1758,54,1,14,2376859648,0x3e097e46,-1
1759,9951,0,1759,54,1,15,229376000,0xbfce6cae,-1
1760,9952,0,1760,55,0,0,162267136,0xbfe37613,-1
1761,9953,0,1761,55,0,1,2309750784,0x3dc23dbe,-1
1762,9954,0,1762,55,0,2,3383492608,0x3f4c7a88,-1
1763,9955,0,1763,55,0,3,1236008960,0xbf0f5446,-1
1764,9956,0,1764,55,0,4,1772879872,0xbe61afe8,-1
1765,9957,0,1765,55,0,5,3920363520,0x3fadd58c,-1
1766,9958,0,1766,55,0,6,2846621696,0x3ed712ab,-1
1767,9959,0,1767,55,0,7,699138048,0xbf7bac01,-1
1768,9960,0,1768,55,0,8,967573504,0xbf41258d,-1
1769,9961,0,1769,55,0,9,3115057152,0x3f193df7,-1
1770,9962,0,1770,55,0,10,4188798976,0x3ffb7e42,-1
1771,9963,0,1771,55,0,11,2041315328,0xbd7df56f,-1
1772,9964,0,1772,55,0,12,1504444416,0xbec4e563,-1
1773,9965,0,1773,55,0,13,3651928064,0x3f84d155,-1
1774,9966,0,1774,55,0,14,2578186240,0x3e8215f9,-1
1775,9967,0,1775,55,0,15,430702592,0xbfa3d583,-1
1776,9968,0,1776,55,1,0,296484864,0xbfbdd489,-1
1777,9969,0,1777,55,1,1,2443968512,0x3e3214b4,-1
1778,9970,0,1778,55,1,2,3517710336,0x3f6963b3,-1
1779,9971,0,1779,55,1,3,1370226688,0xbef0d9b0,-1
1780,9972,0,1780,55,1,4,1907097600,0xbe1022bc,-1
1781,9973,0,1781,55,1,5,4054581248,0x3fcb760e,-1
1782,9974,0,1782,55,1,6,2980839424,0x3f01def6,-1
1783,9975,0,1783,55,1,7,833355776,0xbf5cf69f,-1
1784,9976,0,1784,55,1,8,564920320,0xbf8f416e,-1
1785,9977,0,1785,55,1,9,2712403968,0x3eabfc71,-1
1786,9978,0,1786,55,1,10,3786145792,0x3f9761da,-1
1787,9979,0,1787,55,1,11,1638662144,0xbe9a5959,-1
1788,9980,0,1788,55,1,12,1101791232,0xbf2771a9,-1
1789,9981,0,1789,55,1,13,3249274880,0x3f31f7bd,-1
1790,9982,0,1790,55,1,14,2175533056,0x3c861c51,-1
1791,9983,0,1791,55,1,15,28049408,0xc01eda85,-1
1792,9984,0,1792,56,0,0,19660800,0xc026cbff,-1
1793,9985,0,1793,56,0,1,2167144448,0x3c3c0052,-1
1794,9986,0,1794,56,0,2,3240886272,0x3f306012,-1
1795,9987,0,1795,56,0,3,1093402624,0xbf28ffd3,-1
1796,9988,0,1796,56,0,4,1630273536,0xbe9cf966,-1
1797,9989,0,1797,56,0,5,3777757184,0x3f9620de,-1
1798,9990,0,1798,56,0,6,2704015360,0x3ea95616,-1
1799,9991,0,1799,56,0,7,556531712,0xbf906f15,-1
1800,9992,0,1800,56,0,8,824967168,0xbf5ec9ba,-1
1801,9993,0,1801,56,0,9,2972450816,0x3f007290,-1
1802,9994,0,1802,56,0,10,4046192640,0x3fc94641,-1
1803,9995,0,1803,56,0,11,1898708992,0xbe15335c,-1
1804,9996,0,1804,56,0,12,1361838080,0xbef3a764,-1
1805,9997,0,1805,56,0,13,3509321728,0x3f677f2b,-1
1806,9998,0,1806,56,0,14,2435579904,0x3e2cfe50,-1
1807,9999,0,1807,56,0,15,288096256,0xbfbfbbb0,-1
1808,10000,0,1808,56,1,0,422313984,0xbfa54410,-1
1809,10001,0,1809,56,1,1,2569797632,0x3e7eff4c,-1
1810,10002,0,1810,56,1,2,3643539456,0x3f83bfaf,-1
1811,10003,0,1811,56,1,3,1496055808,0xbec79909,-1
1812,10004,0,1812,56,1,4,2032926720,0xbd8906d8,-1
1813,10005,0,1813,56,1,5,4180410368,0x3ff74fb3,-1
1814,10006,0,1814,56,1,6,3106668544,0x3f17bed5,-1
1815,10007,0,1815,56,1,7,959184896,0xbf42d118,-1
1816,10008,0,1816,56,1,8,690749440,0xbf7db63e,-1
1817,10009,0,1817,56,1,9,2838233088,0x3ed45691,-1
1818,10010,0,1818,56,1,10,3911974912,0x3fac4571,-1
1819,10011,0,1819,56,1,11,1764491264,0xbe66d396,-1
1820,10012,0,1820,56,1,12,1227620352,0xbf10cc2b,-1
1821,10013,0,1821,56,1,13,3375104000,0x3f4ac24e,-1
1822,10014,0,1822,56,1,14,2301362176,0x3db82bfa,-1
1823,10015,0,1823,56,1,15,153878528,0xbfe69111,-1
1824,10016,0,1824,57,0,0,220987392,0xbfd0c249,-1
1825,10017,0,1825,57,0,1,2368471040,0x3e046faf,-1
1826,10018,0,1826,57,0,2,3442212864,0x3f58c948,-1
1827,10019,0,1827,57,0,3,1294729216,0xbf052d9b,-1
1828,10020,0,1828,57,0,4,1831600128,0xbe3ddcda,-1
1829,10021,0,1829,57,0,5,3979083776,0x3fb99559,-1
1830,10022,0,1830,57,0,6,2905341952,0x3eea6505,-1
1831,10023,0,1831,57,0,7,757858304,0xbf6dd0e6,-1
1832,10024,0,1832,57,0,8,1026293760,0xbf35ad4e,-1
1833,10025,0,1833,57,0,9,3173777408,0x3f23dee4,-1
1834,10026,0,1834,57,0,10,4247519232,0x40127aa4,-1
1835,10027,0,1835,57,0,11,2100035584,0xbce2e0fd,-1
1836,10028,0,1836,57,0,12,1563164672,0xbeb221b2,-1
1837,10029,0,1837,57,0,13,3710648320,0x3f8c9380,-1
1838,10030,0,1838,57,0,14,2636906496,0x3e944b2b,-1
1839,10031,0,1839,57,0,15,489422848,0xbf9a56c0,-1
1840,10032,0,1840,57,1,0,355205120,0xbfb18d23,-1
1841,10033,0,1841,57,1,1,2502688768,0x3e55d2e8,-1
1842,10034,0,1842,57,1,2,3576430592,0x3f7703b6,-1
1843,10035,0,1843,57,1,3,1428946944,0xbedd6bbb,-1
1844,10036,0,1844,57,1,4,1965817856,0xbdd98b8b,-1
1845,10037,0,1845,57,1,5,4113301504,0x3fdcc093,-1
1846,10038,0,1846,57,1,6,3039559680,0x3f0bf397,-1
1847,10039,0,1847,57,1,7,892076032,0xbf507dba,-1
1848,10040,0,1848,57,1,8,623640576,0xbf875369,-1
1849,10041,0,1849,57,1,9,2771124224,0x3ebeab45,-1
1850,10042,0,1850,57,1,10,3844866048,0x3fa09960,-1
1851,10043,0,1851,57,1,11,1697382400,0xbe8814e4,-1
1852,10044,0,1852,57,1,12,1160511488,0xbf1cb928,-1
1853,10045,0,1853,57,1,13,3307995136,0x3f3d50d0,-1
1854,10046,0,1854,57,1,14,2234253312,0x3d4f8321,-1
1855,10047,0,1855,57,1,15,86769664,0xc0032c58,-1
1856,10048,0,1856,58,0,0,120324096,0xbff49519,-1
1857,10049,0,1857,58,0,1,2267807744,0x3d8fefab,-1
1858,10050,0,1858,58,0,2,3341549568,0x3f43f844,-1
1859,10051,0,1859,58,0,3,1194065920,0xbf16b832,-1
1860,10052,0,1860,58,0,4,1730936832,0xbe7b7192,-1
1861,10053,0,1861,58,0,5,3878420480,0x3fa6432b,-1
1862,10054,0,1862,58,0,6,2804678656,0x3ec9755f,-1
1863,10055,0,1863,58,0,7,657195008,0xbf8304e8,-1
1864,10056,0,1864,58,0,8,925630464,0xbf499501,-1
1865,10057,0,1865,58,0,9,3073114112,0x3f11cf4e,-1
1866,10058,0,1866,58,0,10,4146855936,0x3fe8c87a,-1
1867,10059,0,1867,58,0,11,1999372288,0xbdb1406d,-1
1868,10060,0,1868,58,0,12,1462501376,0xbed27625,-1
1869,10061,0,1869,58,0,13,3609985024,0x3f7f1fb1,-1
1870,10062,0,1870,58,0,14,2536243200,0x3e6a5cfa,-1
1871,10063,0,1871,58,0,15,388759552,0xbfab3622,-1
1872,10064,0,1872,58,1,0,522977280,0xbf954650,-1
1873,10065,0,1873,58,1,1,2670460928,0x3e9ec80b,-1
1874,10066,0,1874,58,1,2,3744202752,0x3f91404c,-1
1875,10067,0,1875,58,1,3,1596719104,0xbea78464,-1
1876,10068,0,1876,58,1,4,2133590016,0xbc04da4e,-1
1877,10069,0,1877,58,1,5,4281073664,0x402e4532,8
1878,10070,0,1878,58,1,6,3207331840,0x3f2a127e,-1
1879,10071,0,1879,58,1,7,1059848192,0xbf2f48cf,-1
1880,10072,0,1880,58,1,8,791412736,0xbf6633ec,-1
1881,10073,0,1881,58,1,9,2938896384,0x3ef595e5,-1
1882,10074,0,1882,58,1,10,4012638208,0x3fc11101,-1
1883,10075,0,1883,58,1,11,1865154560,0xbe297f8d,-1
1884,10076,0,1884,58,1,12,1328283648,0xbefef142,-1
1885,10077,0,1885,58,1,13,3475767296,0x3f600c8d,-1
1886,10078,0,1886,58,1,14,2402025472,0x3e18af55,-1
1887,10079,0,1887,58,1,15,254541824,0xbfc7cdf1,-1
1888,10080,0,1888,59,0,0,187432960,0xbfdadeba,-1
1889,10081,0,1889,59,0,1,2334916608,0x3de07a84,-1
1890,10082,0,1890,59,0,2,3408658432,0x3f51b1a5,-1
1891,10083,0,1891,59,0,3,1261174784,0xbf0af3ba,-1
1892,10084,0,1892,59,0,4,1798045696,0xbe524d73,-1
1893,10085,0,1893,59,0,5,3945529344,0x3fb2af8f,-1
1894,10086,0,1894,59,0,6,2871787520,0x3edf5088,-1
1895,10087,0,1895,59,0,7,724303872,0xbf75a543,-1
1896,10088,0,1896,59,0,8,992739328,0xbf3c2f55,-1
1897,10089,0,1897,59,0,9,3140222976,0x3f1dc389,-1
1898,10090,0,1898,59,0,10,4213964800,0x4004fc1c,-1
1899,10091,0,1899,59,0,11,2066481152,0xbd41b58f,-1
1900,10092,0,1900,59,0,12,1529610240,0xbebcd2be,-1
1901,10093,0,1901,59,0,13,3677093888,0x3f8814e1,-1
1902,10094,0,1902,59,0,14,2603352064,0x3e89de21,-1
1903,10095,0,1903,59,0,15,455868416,0xbf9fa82d,-1
1904,10096,0,1904,59,1,0,321650688,0xbfb85c03,-1
1905,10097,0,1905,59,1,1,2469134336,0x3e415ec5,-1
1906,10098,0,1906,59,1,2,3542876160,0x3f6f2551,-1
1907,10099,0,1907,59,1,3,1395392512,0xbee87b88,-1
1908,10100,0,1908,59,1,4,1932263424,0xbe00f622,-1
1909,10101,0,1909,59,1,5,4079747072,0x3fd267b0,-1
1910,10102,0,1910,59,1,6,3006005248,0x3f062a68,-1
1911,10103,0,1911,59,1,7,858521600,0xbf578e36,-1
1912,10104,0,1912,59,1,8,590086144,0xbf8bca98,-1
1913,10105,0,1913,59,1,9,2737569792,0x3eb3f6ae,-1
1914,10106,0,1914,59,1,10,3811311616,0x3f9b3be1,-1
1915,10107,0,1915,59,1,11,1663827968,0xbe927f56,-1
1916,10108,0,1916,59,1,12,1126957056,0xbf22d082,-1
1917,10109,0,1917,59,1,13,3274440704,0x3f36c97e,-1
1918,10110,0,1918,59,1,14,2200698880,0x3cfe76b4,-1
1919,10111,0,1919,59,1,15,53215232,0xc00faafb,-1
1920,10112,0,1920,60,0,0,36438016,0xc018cb40,-1
1921,10113,0,1921,60,0,1,2183921664,0x3cae394b,-1
1922,10114,0,1922,60,0,2,3257663488,0x3f33912d,-1
1923,10115,0,1923,60,0,3,1110179840,0xbf25e512,-1
1924,10116,0,1924,60,0,4,1647050752,0xbe97ba56,-1
1925,10117,0,1925,60,0,5,3794534400,0x3f98a69a,-1
1926,10118,0,1926,60,0,6,2720792576,0x3eaea3fa,-1
1927,10119,0,1927,60,0,7,573308928,0xbf8e16db,-1
1928,10120,0,1928,60,0,8,841744384,0xbf5b265f,-1
1929,10121,0,1929,60,0,9,2989228032,0x3f034c63,-1
1930,10122,0,1930,60,0,10,4062969856,0x3fcdb57c,-1
1931,10123,0,1931,60,0,11,1915486208,0xbe0b1302,-1
1932,10124,0,1932,60,0,12,1378615296,0xbeee0dd5,-1
1933,10125,0,1933,60,0,13,3526098944,0x3f6b4b85,-1
1934,10126,0,1934,60,0,14,2452357120,0x3e372c38,-1
1935,10127,0,1935,60,0,15,304873472,0xbfbbf7e4,-1
1936,10128,0,1936,60,1,0,439091200,0xbfa26c23,-1
1937,10129,0,1937,60,1,1,2586574848,0x3e84ad26,-1
1938,10130,0,1938,60,1,2,3660316672,0x3f85e55f,-1
1939,10131,0,1939,60,1,3,1512833024,0xbec23323,-1
1940,10132,0,1940,60,1,4,2049703936,0xbd69debf,-1
1941,10133,0,1941,60,1,5,4197187584,0x3ffff64e,-1
1942,10134,0,1942,60,1,6,3123445760,0x3f1abe72,-1
1943,10135,0,1943,60,1,7,975962112,0xbf3f7c1a,-1
1944,10136,0,1944,60,1,8,707526656,0xbf79a5d2,-1
1945,10137,0,1945,60,1,9,2855010304,0x3ed9d058,-1
1946,10138,0,1946,60,1,10,3928752128,0x3faf6c67,-1
1947,10139,0,1947,60,1,11,1781268480,0xbe5c8dae,-1
1948,10140,0,1948,60,1,12,1244397568,0xbf0ddd95,-1
1949,10141,0,1949,60,1,13,3391881216,0x3f4e3522,-1
1950,10142,0,1950,60,1,14,2318139392,0x3dcc50b7,-1
1951,10143,0,1951,60,1,15,170655744,0xbfe07bf2,-1
1952,10144,0,1952,61,0,0,237764608,0xbfcc2826,-1
1953,10145,0,1953,61,0,1,2385248256,0x3e0e8db9,-1
1954,10146,0,1954,61,0,2,3458990080,0x3f5c653d,-1
1955,10147,0,1955,61,0,3,1311506432,0xbf02510c,-1
1956,10148,0,1956,61,0,4,1848377344,0xbe33abee,-1
1957,10149,0,1957,61,0,5,3995860992,0x3fbd3e7b,-1
1958,10150,0,1958,61,0,6,2922119168,0x3eeff9ca,-1
1959,10151,0,1959,61,0,7,774635520,0xbf69fbca,-1
1960,10152,0,1960,61,0,8,1043070976,0xbf32777f,-1
1961,10153,0,1961,61,0,9,3190554624,0x3f26f58e,-1
1962,10154,0,1962,61,0,10,4264296448,0x401cce34,-1
1963,10155,0,1963,61,0,11,2116812800,0xbc92a545,-1
1964,10156,0,1964,61,0,12,1579941888,0xbeacd0ab,-1
1965,10157,0,1965,61,0,13,3727425536,0x3f8ee3cd,-1
1966,10158,0,1966,61,0,14,2653683712,0x3e99878c,-1
1967,10159,0,1967,61,0,15,506200064,0xbf97c6ed,-1
1968,10160,0,1968,61,1,0,371982336,0xbfae53f3,-1
1969,10161,0,1969,61,1,1,2519465984,0x3e60150e,-1
1970,10162,0,1970,61,1,2,3593207808,0x3f7b09a4,-1
1971,10163,0,1971,61,1,3,1445724160,0xbed7edc6,-1
1972,10164,0,1972,61,1,4,1982595072,0xbdc5638a,-1
1973,10165,0,1973,61,1,5,4130078720,0x3fe28487,-1
1974,10166,0,1974,61,1,6,3056336896,0x3f0edf0e,-1
1975,10167,0,1975,61,1,7,908853248,0xbf4d0496,-1
1976,10168,0,1976,61,1,8,640417792,0xbf852756,-1
1977,10169,0,1977,61,1,9,2787901440,0x3ec40d89,-1
1978,10170,0,1978,61,1,10,3861643264,0x3fa36409,-1
1979,10171,0,1979,61,1,11,1714159616,0xbe82e51f,-1
1980,10172,0,1980,61,1,12,1177288704,0xbf19b5f8,-1
1981,10173,0,1981,61,1,13,3324772352,0x3f40a060,-1
1982,10174,0,1982,61,1,14,2251030528,0x3d77ae2f,-1
1983,10175,0,1983,61,1,15,103546880,0xbffcdb5a,-1
1984,10176,0,1984,62,0,0,69992448,0xc008c5a9,-1
1985,10177,0,1985,62,0,1,2217476096,0x3d275d2f,-1
1986,10178,0,1986,62,0,2,3291217920,0x3f3a0948,-1
1987,10179,0,1987,62,0,3,1143734272,0xbf1fc1f0,-1
1988,10180,0,1988,62,0,4,1680605184,0xbe8d483e,-1
1989,10181,0,1989,62,0,5,3828088832,0x3f9de1c0,-1
1990,10182,0,1990,62,0,6,2754347008,0x3eb94e62,-1
1991,10183,0,1991,62,0,7,606863360,0xbf8989a5,-1
1992,10184,0,1992,62,0,8,875298816,0xbf5400ce,-1
1993,10185,0,1993,62,0,9,3022782464,0x3f090cc2,-1
1994,10186,0,1994,62,0,10,4096524288,0x3fd7671b,-1
1995,10187,0,1995,62,0,11,1949040640,0xbdedb8f2,-1
1996,10188,0,1996,62,0,12,1412169728,0xbee2f03d,-1
1997,10189,0,1997,62,0,13,3559653376,0x3f730d2a,-1
1998,10190,0,1998,62,0,14,2485911552,0x3e4b963d,-1
1999,10191,0,1999,62,0,15,338427904,0xbfb4e433,-1
2000,10192,0,2000,62,1,0,472645632,0xbf9cf6cb,-1
2001,10193,0,2001,62,1,1,2620129280,0x3e8f12c0,-1
2002,10194,0,2002,62,1,2,3693871104,0x3f8a4ebc,-1
2003,10195,0,2003,62,1,3,1546387456,0xbeb777a9,-1
2004,10196,0,2004,62,1,4,2083258368,0xbd199124,-1
2005,10197,0,2005,62,1,5,4230742016,0x400af6db,-1
2006,10198,0,2006,62,1,6,3157000192,0x3f20ce49,-1
2007,10199,0,2007,62,1,7,1009516544,0xbf38ea7f,-1
2008,10200,0,2008,62,1,8,741081088,0xbf71b3d8,-1
2009,10201,0,2009,62,1,9,2888564736,0x3ee4d758,-1
2010,10202,0,2010,62,1,10,3962306560,0x3fb61189,-1
2011,10203,0,2011,62,1,11,1814822912,0xbe481299,-1
2012,10204,0,2012,62,1,12,1277952000,0xbf080e73,-1
2013,10205,0,2013,62,1,13,3425435648,0x3f55383a,-1
2014,10206,0,2014,62,1,14,2351693824,0x3df4a9e5,-1
2015,10207,0,2015,62,1,15,204210176,0xbfd5a5dc,-1
2016,10208,0,2016,63,0,0,137101312,0xbfed3828,-1
2017,10209,0,2017,63,0,1,2284584960,0x3da40bcc,-1
2018,10210,0,2018,63,0,2,3358326784,0x3f4758cc,-1
2019,10211,0,2019,63,0,3,1210843136,0xbf13bfa7,-1
2020,10212,0,2020,63,0,4,1747714048,0xbe711f73,-1
2021,10213,0,2021,63,0,5,3895197696,0x3fa9385f,-1
2022,10214,0,2022,63,0,6,2821455872,0x3ecee2fb,-1
2023,10215,0,2023,63,0,7,673972224,0xbf80eba6,-1
2024,10216,0,2024,63,0,8,942407680,0xbf462e9e,-1
2025,10217,0,2025,63,0,9,3089891328,0x3f14c482,-1
2026,10218,0,2026,63,0,10,4163633152,0x3fefa965,-1
2027,10219,0,2027,63,0,11,2016149504,0xbd9d21b2,-1
2028,10220,0,2028,63,0,12,1479278592,0xbecd04a3,-1
2029,10221,0,2029,63,0,13,3626762240,0x3f81a353,-1
2030,10222,0,2030,63,0,14,2553020416,0x3e74aaf5,-1
2031,10223,0,2031,63,0,15,405536768,0xbfa8317c,-1
2032,10224,0,2032,63,1,0,271319040,0xbfc3abec,-1
2033,10225,0,2033,63,1,1,2418802688,0x3e22d4c5,-1
2034,10226,0,2034,63,1,2,3492544512,0x3f63bfb1,-1
2035,10227,0,2035,63,1,3,1345060864,0xbef94872,-1
2036,10228,0,2036,63,1,4,1881931776,0xbe1f5774,-1
2037,10229,0,2037,63,1,5,4029415424,0x3fc511b4,-1
2038,10230,0,2038,63,1,6,2955673600,0x3efb3996,-1
2039,10231,0,2039,63,1,7,808189952,0xbf6278bf,-1
2040,10232,0,2040,63,1,8,539754496,0xbf92d3fa,-1
2041,10233,0,2041,63,1,9,2687238144,0x3ea40cd6,-1
2042,10234,0,2042,63,1,10,3760979968,0x3f93a9b9,-1
2043,10235,0,2043,63,1,11,1613496320,0xbea23cb2,-1
2044,10236,0,2044,63,1,12,1076625408,0xbf2c20ff,-1
2045,10237,0,2045,63,1,13,3224109056,0x3f2d35ec,-1
2046,10238,0,2046,63,1,14,2150367232,0x3adc955c,-1
2047,10239,0,2047,63,1,15,2883584,0xc04d3a35,52
2048,10240,0,2048,64,0,0,3932160,0xc0477243,49
2049,10241,0,2049,64,0,1,2151415808,0x3b1665d9,-1
2050,10242,0,2050,64,0,2,3225157632,0x3f2d685b,-1
2051,10243,0,2051,64,0,3,1077673984,0xbf2beebb,-1
2052,10244,0,2052,64,0,4,1614544896,0xbea1e85c,-1
2053,10245,0,2053,64,0,5,3762028544,0x3f93d0c2,-1
2054,10246,0,2054,64,0,6,2688286720,0x3ea46148,-1
2055,10247,0,2055,64,0,7,540803072,0xbf92ad49,-1
2056,10248,0,2056,64,0,8,809238528,0xbf623d75,-1
2057,10249,0,2057,64,0,9,2956722176,0x3efb9414,-1
2058,10250,0,2058,64,0,10,4030464000,0x3fc55367,-1
2059,10251,0,2059,64,0,11,1882980352,0xbe1eb515,-1
2060,10252,0,2060,64,0,12,1346109440,0xbef8ee28,-1
2061,10253,0,2061,64,0,13,3493593088,0x3f63fb4a,-1
2062,10254,0,2062,64,0,14,2419851264,0x3e23773f,-1
2063,10255,0,2063,64,0,15,272367616,0xbfc36b82,-1
2064,10256,0,2064,64,1,0,406585344,0xbfa801fc,-1
2065,10257,0,2065,64,1,1,2554068992,0x3e75500a,-1
2066,10258,0,2066,64,1,2,3627810816,0x3f81c4d5,-1
2067,10259,0,2067,64,1,3,1480327168,0xbeccadbe,-1
2068,10260,0,2068,64,1,4,2017198080,0xbd9bdfe9,-1
2069,10261,0,2069,64,1,5,4164681728,0x3ff01d82,-1
2070,10262,0,2070,64,1,6,3090939904,0x3f14f401,-1
2071,10263,0,2071,64,1,7,943456256,0xbf45f884,-1
2072,10264,0,2072,64,1,8,675020800,0xbf80ca5e,-1
2073,10265,0,2073,64,1,9,2822504448,0x3ecf3a07,-1
2074,10266,0,2074,64,1,10,3896246272,0x3fa96878,-1
2075,10267,0,2075,64,1,11,1748762624,0xbe707a87,-1
2076,10268,0,2076,64,1,12,1211891712,0xbf13904a,-1
2077,10269,0,2077,64,1,13,3359375360,0x3f478f20,-1
2078,10270,0,2078,64,1,14,2285633536,0x3da54daf,-1
2079,10271,0,2079,64,1,15,138149888,0xbfecc8d2,-1
2080,10272,0,2080,65,0,0,205258752,0xbfd55547,-1
2081,10273,0,2081,65,0,1,2352742400,0x3df5ed0d,-1
2082,10274,0,2082,65,0,2,3426484224,0x3f5570fb,-1
2083,10275,0,2083,65,0,3,1279000576,0xbf07e045,-1
2084,10276,0,2084,65,0,4,1815871488,0xbe476f18,-1
2085,10277,0,2085,65,0,5,3963355136,0x3fb648c0,-1
2086,10278,0,2086,65,0,6,2889613312,0x3ee52fff,-1
2087,10279,0,2087,65,0,7,742129664,0xbf71753e,-1
2088,10280,0,2088,65,0,8,1010565120,0xbf38b673,-1
2089,10281,0,2089,65,0,9,3158048768,0x3f20ff26,-1
2090,10282,0,2090,65,0,10,4231790592,0x400b6183,-1
2091,10283,0,2091,65,0,11,2084306944,0xbd170f00,-1
2092,10284,0,2092,65,0,12,1547436032,0xbeb72224,-1
2093,10285,0,2093,65,0,13,3694919680,0x3f8a72b5,-1
2094,10286,0,2094,65,0,14,2621177856,0x3e8f662a,-1
2095,10287,0,2095,65,0,15,473694208,0xbf9ccc4b,-1
2096,10288,0,2096,65,1,0,339476480,0xbfb4add5,-1
2097,10289,0,2097,65,1,1,2486960128,0x3e4c39e0,-1
2098,10290,0,2098,65,1,2,3560701952,0x3f734c23,-1
2099,10291,0,2099,65,1,3,1413218304,0xbee297c3,-1
2100,10292,0,2100,65,1,4,1950089216,0xbdec75f1,-1
2101,10293,0,2101,65,1,5,4097572864,0x3fd7b9e9,-1
2102,10294,0,2102,65,1,6,3023831040,0x3f093b0d,-1
2103,10295,0,2103,65,1,7,876347392,0xbf53c850,-1
2104,10296,0,2104,65,1,8,607911936,0xbf8965f3,-1
2105,10297,0,2105,65,1,9,2755395584,0x3eb9a409,-1
2106,10298,0,2106,65,1,10,3829137408,0x3f9e0cb2,-1
2107,10299,0,2107,65,1,11,1681653760,0xbe8cf4ed,-1
2108,10300,0,2108,65,1,12,1144782848,0xbf1f9139,-1
2109,10301,0,2109,65,1,13,3292266496,0x3f3a3d86,-1
2110,10302,0,2110,65,1,14,2218524672,0x3d29df6d,-1
2111,10303,0,2111,65,1,15,71041024,0xc00863ea,-1
2112,10304,0,2112,66,0,0,104595456,0xbffc4ed6,-1
2113,10305,0,2113,66,0,1,2252079104,0x3d7a3111,-1
2114,10306,0,2114,66,0,2,3325820928,0x3f40d59f,-1
2115,10307,0,2115,66,0,3,1178337280,0xbf1985f4,-1
2116,10308,0,2116,66,0,4,1715208192,0xbe829241,-1
2117,10309,0,2117,66,0,5,3862691840,0x3fa3915e,-1
2118,10310,0,2118,66,0,6,2788950016,0x3ec463dc,-1
2119,10311,0,2119,66,0,7,641466368,0xbf8504e8,-1
2120,10312,0,2120,66,0,8,909901824,0xbf4ccd56,-1
2121,10313,0,2121,66,0,9,3057385472,0x3f0f0ded,-1
2122,10314,0,2122,66,0,10,4131127296,0x3fe2e4c5,-1
2123,10315,0,2123,66,0,11,1983643648,0xbdc42135,-1
2124,10316,0,2124,66,0,12,1446772736,0xbed7961d,-1
2125,10317,0,2125,66,0,13,3594256384,0x3f7b4a89,-1
2126,10318,0,2126,66,0,14,2520514560,0x3e60b961,-1
2127,10319,0,2127,66,0,15,373030912,0xbfae214f,-1
2128,10320,0,2128,66,1,0,507248640,0xbf979e74,-1
2129,10321,0,2129,66,1,1,2654732288,0x3e99db74,-1
2130,10322,0,2130,66,1,2,3728474112,0x3f8f0937,-1
2131,10323,0,2131,66,1,3,1580990464,0xbeac7bc3,-1
2132,10324,0,2132,66,1,4,2117861376,0xbc8da1ad,-1
2133,10325,0,2133,66,1,5,4265345024,0x401d9afe,-1
2134,10326,0,2134,66,1,6,3191603200,0x3f27272e,-1
2135,10327,0,2135,66,1,7,1044119552,0xbf32445f,-1
2136,10328,0,2136,66,1,8,775684096,0xbf69beea,-1
2137,10329,0,2137,66,1,9,2923167744,0x3ef05354,-1
2138,10330,0,2138,66,1,10,3996909568,0x3fbd7a61,-1
2139,10331,0,2139,66,1,11,1849425920,0xbe330906,-1
2140,10332,0,2140,66,1,12,1312555008,0xbf022366,-1
2141,10333,0,2141,66,1,13,3460038656,0x3f5c9f5c,-1
2142,10334,0,2142,66,1,14,2386296832,0x3e0f2fb7,-1
2143,10335,0,2143,66,1,15,238813184,0xbfcbe0ba,-1
2144,10336,0,2144,67,0,0,171704320,0xbfe01ed7,-1
2145,10337,0,2145,67,0,1,2319187968,0x3dcd932c,-1
2146,10338,0,2146,67,0,2,3392929792,0x3f4e6ca0,-1
2147,10339,0,2147,67,0,3,1245446144,0xbf0daed4,-1
2148,10340,0,2148,67,0,4,1782317056,0xbe5be981,-1
2149,10341,0,2149,67,0,5,3929800704,0x3faf9fbf,-1
2150,10342,0,2150,67,0,6,2856058880,0x3eda282b,-1
2151,10343,0,2151,67,0,7,708575232,0xbf796554,-1
2152,10344,0,2152,67,0,8,977010688,0xbf3f4711,-1
2153,10345,0,2153,67,0,9,3124494336,0x3f1aee9a,-1
2154,10346,0,2154,67,0,10,4198236160,0x40004588,-1
2155,10347,0,2155,67,0,11,2050752512,0xbd675c03,-1
2156,10348,0,2156,67,0,12,1513881600,0xbec1dcf4,-1
2157,10349,0,2157,67,0,13,3661365248,0x3f86080d,-1
2158,10350,0,2158,67,0,14,2587623424,0x3e85001b,-1
2159,10351,0,2159,67,0,15,440139776,0xbfa23f52,-1
2160,10352,0,2160,67,1,0,305922048,0xbfbbbd06,-1
2161,10353,0,2161,67,1,1,2453405696,0x3e37cf3d,-1
2162,10354,0,2162,67,1,2,3527147520,0x3f6b88bc,-1
2163,10355,0,2163,67,1,3,1379663872,0xbeedb47b,-1
2164,10356,0,2164,67,1,4,1916534784,0xbe0a711b,-1
2165,10357,0,2165,67,1,5,4064018432,0x3fcdfe90,-1
2166,10358,0,2166,67,1,6,2990276608,0x3f037a24,-1
2167,10359,0,2167,67,1,7,842792960,0xbf5aec8a,-1
2168,10360,0,2168,67,1,8,574357504,0xbf8df1bf,-1
2169,10361,0,2169,67,1,9,2721841152,0x3eaef900,-1
2170,10362,0,2170,67,1,10,3795582976,0x3f98cf77,-1
2171,10363,0,2171,67,1,11,1648099328,0xbe976688,-1
2172,10364,0,2172,67,1,12,1111228416,0xbf25b39b,-1
2173,10365,0,2173,67,1,13,3258712064,0x3f33c47c,-1
2174,10366,0,2174,67,1,14,2184970240,0x3cb33cfc,-1
2175,10367,0,2175,67,1,15,37486592,0xc0182016,-1
2176,10368,0,2176,68,0,0,54263808,0xc00f2f78,-1
2177,10369,0,2177,68,0,1,2201747456,0x3d01bd5d,-1
2178,10370,0,2178,68,0,2,3275489280,0x3f36fd42,-1
2179,10371,0,2179,68,0,3,1128005632,0xbf229f6d,-1
2180,10372,0,2180,68,0,4,1664876544,0xbe922bc8,-1
2181,10373,0,2181,68,0,5,3812360192,0x3f9b65c0,-1
2182,10374,0,2182,68,0,6,2738618368,0x3eb44c03,-1
2183,10375,0,2183,68,0,7,591134720,0xbf8ba636,-1
2184,10376,0,2184,68,0,8,859570176,0xbf575510,-1
2185,10377,0,2185,68,0,9,3007053824,0x3f06586d,-1
2186,10378,0,2186,68,0,10,4080795648,0x3fd2b546,-1
2187,10379,0,2187,68,0,11,1933312000,0xbe005470,-1
2188,10380,0,2188,68,0,12,1396441088,0xbee8229f,-1
2189,10381,0,2189,68,0,13,3543924736,0x3f6f6364,-1
2190,10382,0,2190,68,0,14,2470182912,0x3e420217,-1
2191,10383,0,2191,68,0,15,322699264,0xbfb82381,-1
2192,10384,0,2192,68,1,0,456916992,0xbf9f7c8f,-1
2193,10385,0,2193,68,1,1,2604400640,0x3e8a3150,-1
2194,10386,0,2194,68,1,2,3678142464,0x3f883830,-1
2195,10387,0,2195,68,1,3,1530658816,0xbebc7ce6,-1
2196,10388,0,2196,68,1,4,2067529728,0xbd3f3327,-1
2197,10389,0,2197,68,1,5,4215013376,0x4005536e,-1
2198,10390,0,2198,68,1,6,3141271552,0x3f1df40a,-1
2199,10391,0,2199,68,1,7,993787904,0xbf3bfacd,-1
2200,10392,0,2200,68,1,8,725352448,0xbf7565bc,-1
2201,10393,0,2201,68,1,9,2872836096,0x3edfa8c2,-1
2202,10394,0,2202,68,1,10,3946577920,0x3fb2e4c0,-1
2203,10395,0,2203,68,1,11,1799094272,0xbe51a99d,-1
2204,10396,0,2204,68,1,12,1262223360,0xbf0ac544,-1
2205,10397,0,2205,68,1,13,3409707008,0x3f51e9c2,-1
2206,10398,0,2206,68,1,14,2335965184,0x3de1bd4f,-1
2207,10399,0,2207,68,1,15,188481536,0xbfda8869,-1
2208,10400,0,2208,69,0,0,255590400,0xbfc78a3e,-1
2209,10401,0,2209,69,0,1,2403074048,0x3e19518e,-1
2210,10402,0,2210,69,0,2,3476815872,0x3f604765,-1
2211,10403,0,2211,69,0,3,1329332224,0xbefe967a,-1
2212,10404,0,2212,69,0,4,1866203136,0xbe28dcec,-1
2213,10405,0,2213,69,0,5,4013686784,0x3fc14fa4,-1
2214,10406,0,2214,69,0,6,2939944960,0x3ef5efe6,-1
2215,10407,0,2215,69,0,7,792461312,0xbf65f7dc,-1
2216,10408,0,2216,69,0,8,1060896768,0xbf2f161f,-1
2217,10409,0,2217,69,0,9,3208380416,0x3f2a4484,-1
2218,10410,0,2218,69,0,10,4282122240,0x402fec4a,13
2219,10411,0,2219,69,0,11,2134638592,0xbbf5a6e0,-1
2220,10412,0,2220,69,0,12,1597767680,0xbea72fc7,-1
2221,10413,0,2221,69,0,13,3745251328,0x3f916680,-1
2222,10414,0,2222,69,0,14,2671509504,0x3e9f1c37,-1
2223,10415,0,2223,69,0,15,524025856,0xbf951ec1,-1
2224,10416,0,2224,69,1,0,389808128,0xbfab0521,-1
2225,10417,0,2225,69,1,1,2537291776,0x3e6b01ab,-1
2226,10418,0,2226,69,1,2,3611033600,0x3f7f619f,-1
2227,10419,0,2227,69,1,3,1463549952,0xbed21ee0,-1
2228,10420,0,2228,69,1,4,2000420864,0xbdaffe62,-1
2229,10421,0,2229,69,1,5,4147904512,0x3fe93195,-1
2230,10422,0,2230,69,1,6,3074162688,0x3f11fe7c,-1
2231,10423,0,2231,69,1,7,926679040,0xbf495e57,-1
2232,10424,0,2232,69,1,8,658243584,0xbf82e310,-1
2233,10425,0,2233,69,1,9,2805727232,0x3ec9cc0d,-1
2234,10426,0,2234,69,1,10,3879469056,0x3fa671d4,-1
2235,10427,0,2235,69,1,11,1731985408,0xbe7acc3f,-1
2236,10428,0,2236,69,1,12,1195114496,0xbf168882,-1
2237,10429,0,2237,69,1,13,3342598144,0x3f442e0a,-1
2238,10430,0,2238,69,1,14,2268856320,0x3d913151,-1
2239,10431,0,2239,69,1,15,121372672,0xbff41917,-1
2240,10432,0,2240,70,0,0,87818240,0xc002dada,-1
2241,10433,0,2241,70,0,1,2235301888,0x3d5205a9,-1
2242,10434,0,2242,70,0,2,3309043712,0x3f3d858c,-1
2243,10435,0,2243,70,0,3,1161560064,0xbf1c88cb,-1
2244,10436,0,2244,70,0,4,1698430976,0xbe87c1cd,-1
2245,10437,0,2245,70,0,5,3845914624,0x3fa0c578,-1
2246,10438,0,2246,70,0,6,2772172800,0x3ebf0141,-1
2247,10439,0,2247,70,0,7,624689152,0xbf87305d,-1
2248,10440,0,2248,70,0,8,893124608,0xbf5045de,-1
2249,10441,0,2249,70,0,9,3040608256,0x3f0c222b,-1
2250,10442,0,2250,70,0,10,4114350080,0x3fdd1982,-1
2251,10443,0,2251,70,0,11,1966866432,0xbdd848e4,-1
2252,10444,0,2252,70,0,12,1429995520,0xbedd13ab,-1
2253,10445,0,2253,70,0,13,3577479168,0x3f77439f,-1
2254,10446,0,2254,70,0,14,2503737344,0x3e5676e0,-1
2255,10447,0,2255,70,0,15,356253696,0xbfb158b7,-1
2256,10448,0,2256,70,1,0,490471424,0xbf9a2d4c,-1
2257,10449,0,2257,70,1,1,2637955072,0x3e949ed3,-1
2258,10450,0,2258,70,1,2,3711696896,0x3f8cb82d,-1
2259,10451,0,2259,70,1,3,1564213248,0xbeb1cc7d,-1
2260,10452,0,2260,70,1,4,2101084160,0xbcdddd1d,-1
2261,10453,0,2261,70,1,5,4248567808,0x40130597,-1
2262,10454,0,2262,70,1,6,3174825984,0x3f241021,-1
2263,10455,0,2263,70,1,7,1027342336,0xbf3579bb,-1
2264,10456,0,2264,70,1,8,758906880,0xbf6d932e,-1
2265,10457,0,2265,70,1,9,2906390528,0x3eeabe1b,-1
2266,10458,0,2266,70,1,10,3980132352,0x3fb9cec9,-1
2267,10459,0,2267,70,1,11,1832648704,0xbe3d39a8,-1
2268,10460,0,2268,70,1,12,1295777792,0xbf04ffb2,-1
2269,10461,0,2269,70,1,13,3443261440,0x3f5902b4,-1
2270,10462,0,2270,70,1,14,2369519616,0x3e051176,-1
2271,10463,0,2271,70,1,15,222035968,0xbfd0769c,-1
2272,10464,0,2272,71,0,0,154927104,0xbfe62bc8,-1
2273,10465,0,2273,71,0,1,2302410752,0x3db96e22,-1
2274,10466,0,2274,71,0,2,3376152576,0x3f4af934,-1
2275,10467,0,2275,71,0,3,1228668928,0xbf109d1e,-1
2276,10468,0,2276,71,0,4,1765539840,0xbe662f0b,-1
2277,10469,0,2277,71,0,5,3913023488,0x3fac7718,-1
2278,10470,0,2278,71,0,6,2839281664,0x3ed4adff,-1
2279,10471,0,2279,71,0,7,691798016,0xbf7d74bd,-1
2280,10472,0,2280,71,0,8,960233472,0xbf429b89,-1
2281,10473,0,2281,71,0,9,3107717120,0x3f17eea6,-1
2282,10474,0,2282,71,0,10,4181458944,0x3ff7d1dc,-1
2283,10475,0,2283,71,0,11,2033975296,0xbd87c549,-1
2284,10476,0,2284,71,0,12,1497104384,0xbec74281,-1
2285,10477,0,2285,71,0,13,3644588032,0x3f83e1c3,-1
2286,10478,0,2286,71,0,14,2570846208,0x3e7fa4c9,-1
2287,10479,0,2287,71,0,15,423362560,0xbfa515f4,-1
2288,10480,0,2288,71,1,0,289144832,0xbfbf7e33,-1
2289,10481,0,2289,71,1,1,2436628480,0x3e2da10d,-1
2290,10482,0,2290,71,1,2,3510370304,0x3f67bb8f,-1
2291,10483,0,2291,71,1,3,1362886656,0xbef34d93,-1
2292,10484,0,2292,71,1,4,1899757568,0xbe14913b,-1
2293,10485,0,2293,71,1,5,4047241216,0x3fc98b69,-1
2294,10486,0,2294,71,1,6,2973499392,0x3f00a00f,-1
2295,10487,0,2295,71,1,7,826015744,0xbf5e8f2e,-1
2296,10488,0,2296,71,1,8,557580288,0xbf904934,-1
2297,10489,0,2297,71,1,9,2705063936,0x3ea9aad1,-1
2298,10490,0,2298,71,1,10,3778805760,0x3f9648ca,-1
2299,10491,0,2299,71,1,11,1631322112,0xbe9ca555,-1
2300,10492,0,2300,71,1,12,1094451200,0xbf28cdf8,-1
2301,10493,0,2301,71,1,13,3241934848,0x3f3092ef,-1
2302,10494,0,2302,71,1,14,2168193024,0x3c460749,-1
2303,10495,0,2303,71,1,15,20709376,0xc025a79c,-1
2304,10496,0,2304,72,0,0,29097984,0xc01e03cd,-1
2305,10497,0,2305,72,0,1,2176581632,0x3c8b1fe3,-1
2306,10498,0,2306,72,0,2,3250323456,0x3f322ad2,-1
2307,10499,0,2307,72,0,3,1102839808,0xbf274000,-1
2308,10500,0,2308,72,0,4,1639710720,0xbe9a056a,-1
2309,10501,0,2309,72,0,5,3787194368,0x3f978a3d,-1
2310,10502,0,2310,72,0,6,2713452544,0x3eac5151,-1
2311,10503,0,2311,72,0,7,565968896,0xbf8f1bf1,-1
2312,10504,0,2312,72,0,8,834404352,0xbf5cbc6f,-1
2313,10505,0,2313,72,0,9,2981888000,0x3f020c95,-1
2314,10506,0,2314,72,0,10,4055629824,0x3fcbbd1b,-1
2315,10507,0,2315,72,0,11,1908146176,0xbe0f80b8,-1
2316,10508,0,2316,72,0,12,1371275264,0xbef0801b,-1
2317,10509,0,2317,72,0,13,3518758912,0x3f69a07f,-1
2318,10510,0,2318,72,0,14,2445017088,0x3e32b794,-1
2319,10511,0,2319,72,0,15,297533440,0xbfbd9864,-1
2320,10512,0,2320,72,1,0,431751168,0xbfa3a810,-1
2321,10513,0,2321,72,1,1,2579234816,0x3e8268d3,-1
2322,10514,0,2322,72,1,2,3652976640,0x3f84f3b4,-1
2323,10515,0,2323,72,1,3,1505492992,0xbec48f07,-1
2324,10516,0,2324,72,1,4,2042363904,0xbd7b7284,-1
2325,10517,0,2325,72,1,5,4189847552,0x3ffc0905,-1
2326,10518,0,2326,72,1,6,3116105728,0x3f196df4,-1
2327,10519,0,2327,72,1,7,968622080,0xbf40f041,-1
2328,10520,0,2328,72,1,8,700186624,0xbf7b6b02,-1
2329,10521,0,2329,72,1,9,2847670272,0x3ed76a4b,-1
2330,10522,0,2330,72,1,10,3921412096,0x3fae0807,-1
2331,10523,0,2331,72,1,11,1773928448,0xbe610b8c,-1
2332,10524,0,2332,72,1,12,1237057536,0xbf0f255f,-1
2333,10525,0,2333,72,1,13,3384541184,0x3f4cb1ba,-1
2334,10526,0,2334,72,1,14,2310799360,0x3dc3800c,-1
2335,10527,0,2335,72,1,15,163315712,0xbfe31513,-1
2336,10528,0,2336,73,0,0,230424576,0xbfce2334,-1
2337,10529,0,2337,73,0,1,2377908224,0x3e0a2028,-1
2338,10530,0,2338,73,0,2,3451650048,0x3f5acfa3,-1
2339,10531,0,2339,73,0,3,1304166400,0xbf039106,-1
2340,10532,0,2340,73,0,4,1841037312,0xbe3820c2,-1
2341,10533,0,2341,73,0,5,3988520960,0x3fbb9fa5,-1
2342,10534,0,2342,73,0,6,2914779136,0x3eed87d0,-1
2343,10535,0,2343,73,0,7,767295488,0xbf6ba75c,-1
2344,10536,0,2344,73,0,8,1035730944,0xbf33de25,-1
2345,10537,0,2345,73,0,9,3183214592,0x3f259ae2,-1
2346,10538,0,2346,73,0,10,4256956416,0x4017cc13,-1
2347,10539,0,2347,73,0,11,2109472768,0xbcb5bed6,-1
2348,10540,0,2348,73,0,12,1572601856,0xbeaf2386,-1
2349,10541,0,2349,73,0,13,3720085504,0x3f8ddf36,-1
2350,10542,0,2350,73,0,14,2646343680,0x3e973ca2,-1
2351,10543,0,2351,73,0,15,498860032,0xbf98e3ec,-1
2352,10544,0,2352,73,1,0,364642304,0xbfafb976,-1
2353,10545,0,2353,73,1,1,2512125952,0x3e5b976c,-1
2354,10546,0,2354,73,1,2,3585867776,0x3f79451b,-1
2355,10547,0,2355,73,1,3,1438384128,0xbeda5416,-1
2356,10548,0,2356,73,1,4,1975255040,0xbdce3469,-1
2357,10549,0,2357,73,1,5,4122738688,0x3fdff075,-1
2358,10550,0,2358,73,1,6,3048996864,0x3f0d9775,-1
2359,10551,0,2359,73,1,7,901513216,0xbf4e8863,-1
2360,10552,0,2360,73,1,8,633077760,0xbf861967,-1
2361,10553,0,2361,73,1,9,2780561408,0x3ec1b1df,-1
2362,10554,0,2362,73,1,10,3854303232,0x3fa228f1,-1
2363,10555,0,2363,73,1,11,1706819584,0xbe852997,-1
2364,10556,0,2364,73,1,12,1169948672,0xbf1b06b0,-1
2365,10557,0,2365,73,1,13,3317432320,0x3f3f2c8f,-1
2366,10558,0,2366,73,1,14,2243690496,0x3d661aa8,-1
2367,10559,0,2367,73,1,15,96206848,0xc0006afa,-1
2368,10560,0,2368,74,0,0,129761280,0xbff057db,-1
2369,10561,0,2369,74,0,1,2277244928,0x3d9b3f05,-1
2370,10562,0,2370,74,0,2,3350986752,0x3f45dd7b,-1
2371,10563,0,2371,74,0,3,1203503104,0xbf150bc2,-1
2372,10564,0,2372,74,0,4,1740374016,0xbe75a297,-1
2373,10565,0,2373,74,0,5,3887857664,0x3fa7ea45,-1
2374,10566,0,2374,74,0,6,2814115840,0x3ecc824d,-1
2375,10567,0,2375,74,0,7,666632192,0xbf81d59a,-1
2376,10568,0,2376,74,0,8,935067648,0xbf47aa4d,-1
2377,10569,0,2377,74,0,9,3082551296,0x3f13789d,-1
2378,10570,0,2378,74,0,10,4156293120,0x3fec916a,-1
2379,10571,0,2379,74,0,11,2008809472,0xbda5eea2,-1
2380,10572,0,2380,74,0,12,1471938560,0xbecf658f,-1
2381,10573,0,2381,74,0,13,3619422208,0x3f80b9bc,-1
2382,10574,0,2382,74,0,14,2545680384,0x3e702813,-1
2383,10575,0,2383,74,0,15,398196736,0xbfa9808e,-1
2384,10576,0,2384,74,1,0,532414464,0xbf93e44c,-1
2385,10577,0,2385,74,1,1,2679898112,0x3ea1be33,-1
2386,10578,0,2386,74,1,2,3753639936,0x3f9299f5,-1
2387,10579,0,2387,74,1,3,1606156288,0xbea48b83,-1
2388,10580,0,2388,74,1,4,2143027200,0xbb2a736e,-1
2389,10581,0,2389,74,1,5,4290510848,0x40451280,45
2390,10582,0,2390,74,1,6,3216769024,0x3f2bd59c,-1
2391,10583,0,2391,74,1,7,1069285376,0xbf2d8195,-1
2392,10584,0,2392,74,1,8,800849920,0xbf64191c,-1
2393,10585,0,2393,74,1,9,2948333568,0x3ef8c106,-1
2394,10586,0,2394,74,1,10,4022075392,0x3fc34b60,-1
2395,10587,0,2395,74,1,11,1874591744,0xbe23c87d,-1
2396,10588,0,2396,74,1,12,1337720832,0xbefbc155,-1
2397,10589,0,2397,74,1,13,3485204480,0x3f621fd4,-1
2398,10590,0,2398,74,1,14,2411462656,0x3e1e63e7,-1
2399,10591,0,2399,74,1,15,263979008,0xbfc57454,-1
2400,10592,0,2400,75,0,0,196870144,0xbfd7e371,-1
2401,10593,0,2401,75,0,1,2344353792,0x3debd472,-1
2402,10594,0,2402,75,0,2,3418095616,0x3f53ac15,-1
2403,10595,0,2403,75,0,3,1270611968,0xbf095235,-1
2404,10596,0,2404,75,0,4,1807482880,0xbe4c8bb3,-1
2405,10597,0,2405,75,0,5,3954966528,0x3fb492b2,-1
2406,10598,0,2406,75,0,6,2881224704,0x3ee26b88,-1
2407,10599,0,2407,75,0,7,733741056,0xbf736ba5,-1
2408,10600,0,2408,75,0,8,1002176512,0xbf3a57a7,-1
2409,10601,0,2409,75,0,9,3149660160,0x3f1f78df,-1
2410,10602,0,2410,75,0,10,4223401984,0x40083380,-1
2411,10603,0,2411,75,0,11,2075918336,0xbd2b208d,-1
2412,10604,0,2412,75,0,12,1539047424,0xbeb9cede,-1
2413,10605,0,2413,75,0,13,3686531072,0x3f89541d,-1
2414,10606,0,2414,75,0,14,2612789248,0x3e8ccb46,-1
2415,10607,0,2415,75,0,15,465305600,0xbf9e2231,-1
2416,10608,0,2416,75,1,0,331087872,0xbfb66468,-1
2417,10609,0,2417,75,1,1,2478571520,0x3e471d59,-1
2418,10610,0,2418,75,1,2,3552313344,0x3f7155f6,-1
2419,10611,0,2419,75,1,3,1404829696,0xbee55c55,-1
2420,10612,0,2420,75,1,4,1941700608,0xbdf68ea4,-1
2421,10613,0,2421,75,1,5,4089184256,0x3fd52d1b,-1
2422,10614,0,2422,75,1,6,3015442432,0x3f07c930,-1
2423,10615,0,2423,75,1,7,867958784,0xbf558d60,-1
2424,10616,0,2424,75,1,8,599523328,0xbf8a84b5,-1
2425,10617,0,2425,75,1,9,2747006976,0x3eb6f763,-1
2426,10618,0,2426,75,1,10,3820748800,0x3f9cb712,-1
2427,10619,0,2427,75,1,11,1673265152,0xbe8f8fe0,-1
2428,10620,0,2428,75,1,12,1136394240,0xbf211797,-1
2429,10621,0,2429,75,1,13,3283877888,0x3f389c70,-1
2430,10622,0,2430,75,1,14,2210136064,0x3d15cdef,-1
2431,10623,0,2431,75,1,15,62652416,0xc00b9769,-1
2432,10624,0,2432,76,0,0,45875200,0xc0134c17,-1
2433,10625,0,2433,76,0,1,2193358848,0x3cdb5b2f,-1
2434,10626,0,2434,76,0,2,3267100672,0x3f355ff4,-1
2435,10627,0,2435,76,0,3,1119617024,0xbf2428c1,-1
2436,10628,0,2436,76,0,4,1656487936,0xbe94c8a9,-1
2437,10629,0,2437,76,0,5,3803971584,0x3f9a1898,-1
2438,10630,0,2438,76,0,6,2730229760,0x3eb1a1e5,-1
2439,10631,0,2439,76,0,7,582746112,0xbf8cca88,-1
2440,10632,0,2440,76,0,8,851181568,0xbf591f6f,-1
2441,10633,0,2441,76,0,9,2998665216,0x3f04e8c0,-1
2442,10634,0,2442,76,0,10,4072407040,0x3fd050e1,-1
2443,10635,0,2443,76,0,11,1924923392,0xbe05625b,-1
2444,10636,0,2444,76,0,12,1388052480,0xbeeaeaa9,-1
2445,10637,0,2445,76,0,13,3535536128,0x3f6d7457,-1
2446,10638,0,2446,76,0,14,2461794304,0x3e3ce811,-1
2447,10639,0,2447,76,0,15,314310656,0xbfb9eb8f,-1
2448,10640,0,2448,76,1,0,448528384,0xbfa0db8b,-1
2449,10641,0,2449,76,1,1,2596012032,0x3e879843,-1
2450,10642,0,2450,76,1,2,3669753856,0x3f871edb,-1
2451,10643,0,2451,76,1,3,1522270208,0xbebf2c40,-1
2452,10644,0,2452,76,1,4,2059141120,0xbd5346ef,-1
2453,10645,0,2453,76,1,5,4206624768,0x4002b26a,-1
2454,10646,0,2454,76,1,6,3132882944,0x3f1c709f,-1
2455,10647,0,2455,76,1,7,985399296,0xbf3d9fed,-1
2456,10648,0,2456,76,1,8,716963840,0xbf77639a,-1
2457,10649,0,2457,76,1,9,2864447488,0x3edce7a6,-1
2458,10650,0,2458,76,1,10,3938189312,0x3fb13e8c,-1
2459,10651,0,2459,76,1,11,1790705664,0xbe56c8df,-1
2460,10652,0,2460,76,1,12,1253834752,0xbf0c3977,-1
2461,10653,0,2461,76,1,13,3401318400,0x3f5029f4,-1
2462,10654,0,2462,76,1,14,2327576576,0x3dd7a792,-1
2463,10655,0,2463,76,1,15,180092928,0xbfdd4622,-1
2464,10656,0,2464,77,0,0,247201792,0xbfc9ae13,-1
2465,10657,0,2465,77,0,1,2394685440,0x3e14402c,-1
2466,10658,0,2466,77,0,2,3468427264,0x3f5e71ed,-1
2467,10659,0,2467,77,0,3,1320943616,0xbf00b6cf,-1
2468,10660,0,2468,77,0,4,1857814528,0xbe2df26d,-1
2469,10661,0,2469,77,0,5,4005298176,0x3fbf5f85,-1
2470,10662,0,2470,77,0,6,2931556352,0x3ef320ae,-1
2471,10663,0,2471,77,0,7,784072704,0xbf67d9c5,-1
2472,10664,0,2472,77,0,8,1052508160,0xbf30ac60,-1
2473,10665,0,2473,77,0,9,3199991808,0x3f28b50c,-1
2474,10666,0,2474,77,0,10,4273733632,0x40251a55,-1
2475,10667,0,2475,77,0,11,2126249984,0xbc4b0ac6,-1
2476,10668,0,2476,77,0,12,1589379072,0xbea9d530,-1
2477,10669,0,2477,77,0,13,3736862720,0x3f903649,-1
2478,10670,0,2478,77,0,14,2663120896,0x3e9c7b4f,-1
2479,10671,0,2479,77,0,15,515637248,0xbf965cc5,-1
2480,10672,0,2480,77,1,0,381419520,0xbfac8ff5,-1
2481,10673,0,2481,77,1,1,2528903168,0x3e65dcc8,-1
2482,10674,0,2482,77,1,2,3602644992,0x3f7d5403,-1
2483,10675,0,2483,77,1,3,1455161344,0xbed4d9b8,-1
2484,10676,0,2484,77,1,4,1992032256,0xbdba0f38,-1
2485,10677,0,2485,77,1,5,4139515904,0x3fe5f95a,-1
2486,10678,0,2486,77,1,6,3065774080,0x3f108599,-1
2487,10679,0,2487,77,1,7,918290432,0xbf4b14ab,-1
2488,10680,0,2488,77,1,8,649854976,0xbf83f2d0,-1
2489,10681,0,2489,77,1,9,2797338624,0x3ec7173e,-1
2490,10682,0,2490,77,1,10,3871080448,0x3fa4feee,-1
2491,10683,0,2491,77,1,11,1723596800,0xbe7ff78a,-1
2492,10684,0,2492,77,1,12,1186725888,0xbf180691,-1
2493,10685,0,2493,77,1,13,3334209536,0x3f4280c4,-1
2494,10686,0,2494,77,1,14,2260467712,0x3d872482,-1
2495,10687,0,2495,77,1,15,112984064,0xbff81351,-1
2496,10688,0,2496,78,0,0,79429632,0xc0057f74,-1
2497,10689,0,2497,78,0,1,2226913280,0x3d3df1f5,-1
2498,10690,0,2498,78,0,2,3300655104,0x3f3be08c,-1
2499,10691,0,2499,78,0,3,1153171456,0xbf1e0c4c,-1
2500,10692,0,2500,78,0,4,1690042368,0xbe8a5ae8,-1
2501,10693,0,2501,78,0,5,3837526016,0x3f9f66c6,-1
2502,10694,0,2502,78,0,6,2763784192,0x3ebc51fb,-1
2503,10695,0,2503,78,0,7,616300544,0xbf8849db,-1
2504,10696,0,2504,78,0,8,884736000,0xbf5205d4,-1
2505,10697,0,2505,78,0,9,3032219648,0x3f0aae0a,-1
2506,10698,0,2506,78,0,10,4105961472,0x3fda5d65,-1
2507,10699,0,2507,78,0,11,1958477824,0xbde25eb6,-1
2508,10700,0,2508,78,0,12,1421606912,0xbedfd4e2,-1
2509,10701,0,2509,78,0,13,3569090560,0x3f7545ff,-1
2510,10702,0,2510,78,0,14,2495348736,0x3e5157b5,-1
2511,10703,0,2511,78,0,15,347865088,0xbfb2ff64,-1
2512,10704,0,2512,78,1,0,482082816,0xbf9b7ab5,-1
2513,10705,0,2513,78,1,1,2629566464,0x3e920202,-1
2514,10706,0,2514,78,1,2,3703308288,0x3f8b9409,-1
2515,10707,0,2515,78,1,3,1555824640,0xbeb476b0,-1
2516,10708,0,2516,78,1,4,2092695552,0xbd02fe60,-1
2517,10709,0,2517,78,1,5,4240179200,0x400ef27c,-1
2518,10710,0,2518,78,1,6,3166437376,0x3f2286e4,-1
2519,10711,0,2519,78,1,7,1018953728,0xbf371727,-1
2520,10712,0,2520,78,1,8,750518272,0xbf6f8272,-1
2521,10713,0,2521,78,1,9,2898001920,0x3ee7f62d,-1
2522,10714,0,2522,78,1,10,3971743744,0x3fb8074e,-1
2523,10715,0,2523,78,1,11,1824260096,0xbe4253c2,-1
2524,10716,0,2524,78,1,12,1287389184,0xbf066f71,-1
2525,10717,0,2525,78,1,13,3434872832,0x3f573881,-1
2526,10718,0,2526,78,1,14,2361131008,0x3e000398,-1
2527,10719,0,2527,78,1,15,213647360,0xbfd2dc2d,-1
2528,10720,0,2528,79,0,0,146538496,0xbfe9665e,-1
2529,10721,0,2529,79,0,1,2294022144,0x3daf5d5e,-1
2530,10722,0,2530,79,0,2,3367763968,0x3f494305,-1
2531,10723,0,2531,79,0,3,1220280320,0xbf121615,-1
2532,10724,0,2532,79,0,4,1757151232,0xbe6b5406,-1
2533,10725,0,2533,79,0,5,3904634880,0x3faaeca9,-1
2534,10726,0,2534,79,0,6,2830893056,0x3ed1f340,-1
2535,10727,0,2535,79,0,7,683409408,0xbf7f829d,-1
2536,10728,0,2536,79,0,8,951844864,0xbf4448f1,-1
2537,10729,0,2537,79,0,9,3099328512,0x3f1670ad,-1
2538,10730,0,2538,79,0,10,4173070336,0x3ff3db6c,-1
2539,10731,0,2539,79,0,11,2025586688,0xbd91d226,-1
2540,10732,0,2540,79,0,12,1488715776,0xbec9f766,-1
2541,10733,0,2541,79,0,13,3636199424,0x3f82d228,-1
2542,10734,0,2542,79,0,14,2562457600,0x3e7a7999,-1
2543,10735,0,2543,79,0,15,414973952,0xbfa68931,-1
2544,10736,0,2544,79,1,0,280756224,0xbfc16f07,-1
2545,10737,0,2545,79,1,1,2428239872,0x3e288b9e,-1
2546,10738,0,2546,79,1,2,3501981696,0x3f65d9d8,-1
2547,10739,0,2547,79,1,3,1354498048,0xbef61cea,-1
2548,10740,0,2548,79,1,4,1891368960,0xbe19a2ad,-1
2549,10741,0,2549,79,1,5,4038852608,0x3fc76879,-1
2550,10742,0,2550,79,1,6,2965110784,0x3efe6919,-1
2551,10743,0,2551,79,1,7,817627136,0xbf6064d5,-1
2552,10744,0,2552,79,1,8,549191680,0xbf91799f,-1
2553,10745,0,2553,79,1,9,2696675328,0x3ea7057b,-1
2554,10746,0,2554,79,1,10,3770417152,0x3f950b00,-1
2555,10747,0,2555,79,1,11,1622933504,0xbe9f464f,-1
2556,10748,0,2556,79,1,12,1086062592,0xbf2a5d89,-1
2557,10749,0,2557,79,1,13,3233546240,0x3f2efcca,-1
2558,10750,0,2558,79,1,14,2159804416,0x3beba006,-1
2559,10751,0,2559,79,1,15,12320768,0xc030cba3,17
2560,10752,0,2560,80,0,0,16515072,0xc02a9560,1
2561,10753,0,2561,80,0,1,2163998720,0x3c1deb87,-1
2562,10754,0,2562,80,0,2,3237740544,0x3f2fc7a5,-1
2563,10755,0,2563,80,0,3,1090256896,0xbf29958d,-1
2564,10756,0,2564,80,0,4,1627127808,0xbe9df5b0,-1
2565,10757,0,2565,80,0,5,3774611456,0x3f95a971,-1
2566,10758,0,2566,80,0,6,2700869632,0x3ea85801,-1
2567,10759,0,2567,80,0,7,553385984,0xbf90e103,-1
2568,10760,0,2568,80,0,8,821821440,0xbf5f79a4,-1
2569,10761,0,2569,80,0,9,2969305088,0x3effd45a,-1
2570,10762,0,2570,80,0,10,4043046912,0x3fc87827,-1
2571,10763,0,2571,80,0,11,1895563264,0xbe1719d6,-1
2572,10764,0,2572,80,0,12,1358692352,0xbef4b502,-1
2573,10765,0,2573,80,0,13,3506176000,0x3f66ca4d,-1
2574,10766,0,2574,80,0,14,2432434176,0x3e2b1633,-1
2575,10767,0,2575,80,0,15,284950528,0xbfc07532,-1
2576,10768,0,2576,80,1,0,419168256,0xbfa5cee4,-1
2577,10769,0,2577,80,1,1,2566651904,0x3e7d0efc,-1
2578,10770,0,2578,80,1,2,3640393728,0x3f8359ac,-1
2579,10771,0,2579,80,1,3,1492910080,0xbec89cc5,-1
2580,10772,0,2580,80,1,4,2029780992,0xbd8ccb9b,-1
2581,10773,0,2581,80,1,5,4177264640,0x3ff5cf1a,-1
2582,10774,0,2582,80,1,6,3103522816,0x3f172f7f,-1
2583,10775,0,2583,80,1,7,956039168,0xbf4371f8,-1
2584,10776,0,2584,80,1,8,687603712,0xbf7e7b27,-1
2585,10777,0,2585,80,1,9,2835087360,0x3ed3506e,-1
2586,10778,0,2586,80,1,10,3908829184,0x3fabb115,-1
2587,10779,0,2587,80,1,11,1761345536,0xbe68c159,-1
2588,10780,0,2588,80,1,12,1224474624,0xbf115972,-1
2589,10781,0,2589,80,1,13,3371958272,0x3f4a1dd3,-1
2590,10782,0,2590,80,1,14,2298216448,0x3db4659c,-1
2591,10783,0,2591,80,1,15,150732800,0xbfe7c45b,-1
2592,10784,0,2592,81,0,0,217841664,0xbfd1a70b,-1
2593,10785,0,2593,81,0,1,2365325312,0x3e028a6d,-1
2594,10786,0,2594,81,0,2,3439067136,0x3f581d44,-1
2595,10787,0,2595,81,0,3,1291583488,0xbf05b76f,-1
2596,10788,0,2596,81,0,4,1828454400,0xbe3fc68e,-1
2597,10789,0,2597,81,0,5,3975938048,0x3fb8e9e7,-1
2598,10790,0,2598,81,0,6,2902196224,0x3ee959ec,-1
2599,10791,0,2599,81,0,7,754712576,0xbf6e8a60,-1
2600,10792,0,2600,81,0,8,1023148032,0xbf364835,-1
2601,10793,0,2601,81,0,9,3170631680,0x3f234b52,-1
2602,10794,0,2602,81,0,10,4244373504,0x4010e940,-1
2603,10795,0,2603,81,0,11,2096889856,0xbcf1ecbf,-1
2604,10796,0,2604,81,0,12,1560018944,0xbeb3216f,-1
2605,10797,0,2605,81,0,13,3707502592,0x3f8c25c0,-1
2606,10798,0,2606,81,0,14,2633760768,0x3e93504b,-1
2607,10799,0,2607,81,0,15,486277120,0xbf9ad37d,-1
2608,10800,0,2608,81,1,0,352059392,0xbfb22b1b,-1
2609,10801,0,2609,81,1,1,2499543040,0x3e53e71f,-1
2610,10802,0,2610,81,1,2,3573284864,0x3f764455,-1
2611,10803,0,2611,81,1,3,1425801216,0xbede7412,-1
2612,10804,0,2612,81,1,4,1962672128,0xbddd53a1,-1
2613,10805,0,2613,81,1,5,4110155776,0x3fdbb83e,-1
2614,10806,0,2614,81,1,6,3036413952,0x3f0b67f6,-1
2615,10807,0,2615,81,1,7,888930304,0xbf512589,-1
2616,10808,0,2616,81,1,8,620494848,0xbf87bcca,-1
2617,10809,0,2617,81,1,9,2767978496,0x3ebda973,-1
2618,10810,0,2618,81,1,10,3841720320,0x3fa01589,-1
2619,10811,0,2619,81,1,11,1694236672,0xbe890e3e,-1
2620,10812,0,2620,81,1,12,1157365760,0xbf1d4a5f,-1
2621,10813,0,2621,81,1,13,3304849408,0x3f3cb2cc,-1
2622,10814,0,2622,81,1,14,2231107584,0x3d47fba8,-1
2623,10815,0,2623,81,1,15,83623936,0xc00425f1,-1
2624,10816,0,2624,82,0,0,117178368,0xbff60e9a,-1
2625,10817,0,2625,82,0,1,2264662016,0x3d8c2ace,-1
2626,10818,0,2626,82,0,2,3338403840,0x3f435723,-1
2627,10819,0,2627,82,0,3,1190920192,0xbf174760,-1
2628,10820,0,2628,82,0,4,1727791104,0xbe7d61b0,-1
2629,10821,0,2629,82,0,5,3875274752,0x3fa5b7b4,-1
2630,10822,0,2630,82,0,6,2801532928,0x3ec87178,-1
2631,10823,0,2631,82,0,7,654049280,0xbf836aa6,-1
2632,10824,0,2632,82,0,8,922484736,0xbf4a3937,-1
2633,10825,0,2633,82,0,9,3069968384,0x3f1141e3,-1
2634,10826,0,2634,82,0,10,4143710208,0x3fe790c7,-1
2635,10827,0,2635,82,0,11,1996226560,0xbdb506a9,-1
2636,10828,0,2636,82,0,12,1459355648,0xbed37c1b,-1
2637,10829,0,2637,82,0,13,3606839296,0x3f7e5a4b,-1
2638,10830,0,2638,82,0,14,2533097472,0x3e686f0a,-1
2639,10831,0,2639,82,0,15,385613824,0xbfabc9bf,-1
2640,10832,0,2640,82,1,0,519831552,0xbf95bd50,-1
2641,10833,0,2641,82,1,1,2667315200,0x3e9dcba1,-1
2642,10834,0,2642,82,1,2,3741057024,0x3f90cdfe,-1
2643,10835,0,2643,82,1,3,1593573376,0xbea88257,-1
2644,10836,0,2644,82,1,4,2130444288,0xbc22eefb,-1
2645,10837,0,2645,82,1,5,4277927936,0x4029e8ec,-1
2646,10838,0,2646,82,1,6,3204186112,0x3f297c94,-1
2647,10839,0,2647,82,1,7,1056702464,0xbf2fe108,-1
2648,10840,0,2648,82,1,8,788267008,0xbf66e86a,-1
2649,10841,0,2649,82,1,9,2935750656,0x3ef4880e,-1
2650,10842,0,2650,82,1,10,4009492480,0x3fc0562b,-1
2651,10843,0,2651,82,1,11,1862008832,0xbe2b678a,-1
2652,10844,0,2652,82,1,12,1325137920,0xbf0000e6,-1
2653,10845,0,2653,82,1,13,3472621568,0x3f5f5c4b,-1
2654,10846,0,2654,82,1,14,2398879744,0x3e16c8bf,-1
2655,10847,0,2655,82,1,15,251396096,0xbfc89a5d,-1
2656,10848,0,2656,83,0,0,184287232,0xbfdbe40b,-1
2657,10849,0,2657,83,0,1,2331770880,0x3ddcb245,-1
2658,10850,0,2658,83,0,2,3405512704,0x3f51098b,-1
2659,10851,0,2659,83,0,3,1258029056,0xbf0b7f38,-1
2660,10852,0,2660,83,0,4,1794899968,0xbe543913,-1
2661,10853,0,2661,83,0,5,3942383616,0x3fb210b4,-1
2662,10854,0,2662,83,0,6,2868641792,0x3ede47ff,-1
2663,10855,0,2663,83,0,7,721158144,0xbf766431,-1
2664,10856,0,2664,83,0,8,989593600,0xbf3ccd1d,-1
2665,10857,0,2665,83,0,9,3137077248,0x3f1d3228,-1
2666,10858,0,2666,83,0,10,4210819072,0x4003fbcc,-1
2667,10859,0,2667,83,0,11,2063335424,0xbd493ce3,-1
2668,10860,0,2668,83,0,12,1526464512,0xbebdd468,-1
2669,10861,0,2669,83,0,13,3673948160,0x3f87ab33,-1
2670,10862,0,2670,83,0,14,2600206336,0x3e88e4ad,-1
2671,10863,0,2671,83,0,15,452722688,0xbfa02b76,-1
2672,10864,0,2672,83,1,0,318504960,0xbfb90663,-1
2673,10865,0,2673,83,1,1,2465988608,0x3e3f74ed,-1
2674,10866,0,2674,83,1,2,3539730432,0x3f6e6b6e,-1
2675,10867,0,2675,83,1,3,1392246784,0xbee9866c,-1
2676,10868,0,2676,83,1,4,1929117696,0xbe02db4b,-1
2677,10869,0,2677,83,1,5,4076601344,0x3fd180bc,-1
2678,10870,0,2678,83,1,6,3002859520,0x3f05a074,-1
2679,10871,0,2679,83,1,7,855375872,0xbf5839e9,-1
2680,10872,0,2680,83,1,8,586940416,0xbf8c3803,-1
2681,10873,0,2681,83,1,9,2734424064,0x3eb2f6cc,-1
2682,10874,0,2682,83,1,10,3808165888,0x3f9abea9,-1
2683,10875,0,2683,83,1,11,1660682240,0xbe937a19,-1
2684,10876,0,2684,83,1,12,1123811328,0xbf2363e7,-1
2685,10877,0,2685,83,1,13,3271294976,0x3f362e60,-1
2686,10878,0,2686,83,1,14,2197553152,0x3cef6ac6,-1
2687,10879,0,2687,83,1,15,50069504,0xc0112a9e,-1
2688,10880,0,2688,84,0,0,66846720,0xc009f29f,-1
2689,10881,0,2689,84,0,1,2214330368,0x3d1fd68e,-1
2690,10882,0,2690,84,0,2,3288072192,0x3f396cbd,-1
2691,10883,0,2691,84,0,3,1140588544,0xbf205439,-1
2692,10884,0,2692,84,0,4,1677459456,0xbe8e4248,-1
2693,10885,0,2693,84,0,5,3824943104,0x3f9d6156,-1
2694,10886,0,2694,84,0,6,2751201280,0x3eb84d8d,-1
2695,10887,0,2695,84,0,7,603717632,0xbf89f4fd,-1
2696,10888,0,2696,84,0,8,872153088,0xbf54aa85,-1
2697,10889,0,2697,84,0,9,3019636736,0x3f0881fb,-1
2698,10890,0,2698,84,0,10,4093378560,0x3fd670c9,-1
2699,10891,0,2699,84,0,11,1945894912,0xbdf1821a,-1
2700,10892,0,2700,84,0,12,1409024000,0xbee3f9d5,-1
2701,10893,0,2701,84,0,13,3556507648,0x3f725098,-1
2702,10894,0,2702,84,0,14,2482765824,0x3e49ab73,-1
2703,10895,0,2703,84,0,15,335282176,0xbfb58814,-1
2704,10896,0,2704,84,1,0,469499904,0xbf9d76b2,-1
2705,10897,0,2705,84,1,1,2616983552,0x3e8e189a,-1
2706,10898,0,2706,84,1,2,3690725376,0x3f89e313,-1
2707,10899,0,2707,84,1,3,1543241728,0xbeb87858,-1
2708,10900,0,2708,84,1,4,2080112640,0xbd2117a7,-1
2709,10901,0,2709,84,1,5,4227596288,0x4009bfa1,-1
2710,10902,0,2710,84,1,6,3153854464,0x3f203bd4,-1
2711,10903,0,2711,84,1,7,1006370816,0xbf3986d0,-1
2712,10904,0,2712,84,1,8,737935360,0xbf726ffd,-1
2713,10905,0,2713,84,1,9,2885419008,0x3ee3cd8d,-1
2714,10906,0,2714,84,1,10,3959160832,0x3fb56caf,-1
2715,10907,0,2715,84,1,11,1811677184,0xbe49fd3c,-1
2716,10908,0,2716,84,1,12,1274806272,0xbf089919,-1
2717,10909,0,2717,84,1,13,3422289920,0x3f548e35,-1
2718,10910,0,2718,84,1,14,2348548096,0x3df0e090,-1
2719,10911,0,2719,84,1,15,201064448,0xbfd6999f,-1
2720,10912,0,2720,85,0,0,268173312,0xbfc46e55,-1
2721,10913,0,2721,85,0,1,2415656960,0x3e20ed73,-1
2722,10914,0,2722,85,0,2,3489398784,0x3f630d2d,-1
2723,10915,0,2723,85,0,3,1341915136,0xbefa5780,-1
2724,10916,0,2724,85,0,4,1878786048,0xbe213ea8,-1
2725,10917,0,2725,85,0,5,4026269696,0x3fc44dce,-1
2726,10918,0,2726,85,0,6,2952527872,0x3efa2a4e,-1
2727,10919,0,2727,85,0,7,805044224,0xbf632ae6,-1
2728,10920,0,2728,85,0,8,1073479680,0xbf2cb7f3,-1
2729,10921,0,2729,85,0,9,3220963328,0x3f2c9ec6,-1
2730,10922,0,2730,85,0,10,4294705152,0x4075e233,61
2731,10923,0,2731,85,0,11,2147221504,0xb9206c85,-1
2732,10924,0,2732,85,0,12,1610350592,0xbea339cc,-1
2733,10925,0,2733,85,0,13,3757834240,0x3f9334ef,-1
2734,10926,0,2734,85,0,14,2684092416,0x3ea30f9a,-1
2735,10927,0,2735,85,0,15,536608768,0xbf93485e,-1
2736,10928,0,2736,85,1,0,402391040,0xbfa8c088,-1
2737,10929,0,2737,85,1,1,2549874688,0x3e72bbdc,-1
2738,10930,0,2738,85,1,2,3623616512,0x3f813f03,-1
2739,10931,0,2739,85,1,3,1476132864,0xbece0977,-1
2740,10932,0,2740,85,1,4,2013003776,0xbda0e725,-1
2741,10933,0,2741,85,1,5,4160487424,0x3fee519b,-1
2742,10934,0,2742,85,1,6,3086745600,0x3f143626,-1
2743,10935,0,2743,85,1,7,939261952,0xbf46d122,-1
2744,10936,0,2744,85,1,8,670826496,0xbf814fb5,-1
2745,10937,0,2745,85,1,9,2818310144,0x3ecdddfb,-1
2746,10938,0,2746,85,1,10,3892051968,0x3fa8a8a3,-1
2747,10939,0,2747,85,1,11,1744568320,0xbe730e5c,-1
2748,10940,0,2748,85,1,12,1207697408,0xbf144ddd,-1
2749,10941,0,2749,85,1,13,3355181056,0x3f46b606,-1
2750,10942,0,2750,85,1,14,2281439232,0x3da0463b,-1
2751,10943,0,2751,85,1,15,133955584,0xbfee8a70,-1
2752,10944,0,2752,86,0,0,100401152,0xbffe8834,-1
2753,10945,0,2753,86,0,1,2247884800,0x3d7025ad,-1
2754,10946,0,2754,86,0,2,3321626624,0x3f4000d5,-1
2755,10947,0,2755,86,0,3,1174142976,0xbf1a4626,-1
2756,10948,0,2756,86,0,4,1711013888,0xbe83ddd0,-1
2757,10949,0,2757,86,0,5,3858497536,0x3fa2dc86,-1
2758,10950,0,2758,86,0,6,2784755712,0x3ec30ab1,-1
2759,10951,0,2759,86,0,7,637272064,0xbf858ed9,-1
2760,10952,0,2760,86,0,8,905707520,0xbf4daa90,-1
2761,10953,0,2761,86,0,9,3053191168,0x3f0e528b,-1
2762,10954,0,2762,86,0,10,4126932992,0x3fe166c5,-1
2763,10955,0,2763,86,0,11,1979449344,0xbdc92aa7,-1
2764,10956,0,2764,86,0,12,1442578432,0xbed8f4e6,-1
2765,10957,0,2765,86,0,13,3590062080,0x3f7a4752,-1
2766,10958,0,2766,86,0,14,2516320256,0x3e5e2839,-1
2767,10959,0,2767,86,0,15,368836608,0xbfaeec85,-1
2768,10960,0,2768,86,1,0,503054336,0xbf9840b5,-1
2769,10961,0,2769,86,1,1,2650537984,0x3e988bea,-1
2770,10962,0,2770,86,1,2,3724279808,0x3f8e73d6,-1
2771,10963,0,2771,86,1,3,1576796160,0xbeadcf7e,-1
2772,10964,0,2772,86,1,4,2113667072,0xbca1b022,-1
2773,10965,0,2773,86,1,5,4261150720,0x401a8add,-1
2774,10966,0,2774,86,1,6,3187408896,0x3f2660d6,-1
2775,10967,0,2775,86,1,7,1039925248,0xbf331109,-1
2776,10968,0,2776,86,1,8,771489792,0xbf6ab2b8,-1
2777,10969,0,2777,86,1,9,2918973440,0x3eeeed58,-1
2778,10970,0,2778,86,1,10,3992715264,0x3fbc8bbf,-1
2779,10971,0,2779,86,1,11,1845231616,0xbe3594bf,-1
2780,10972,0,2780,86,1,12,1308360704,0xbf02da15,-1
2781,10973,0,2781,86,1,13,3455844352,0x3f5bb725,-1
2782,10974,0,2782,86,1,14,2382102528,0x3e0ca7d4,-1
2783,10975,0,2783,86,1,15,234618880,0xbfccffeb,-1
2784,10976,0,2784,87,0,0,167510016,0xbfe19618,-1
2785,10977,0,2785,87,0,1,2314993664,0x3dc88974,-1
2786,10978,0,2786,87,0,2,3388735488,0x3f4d8ee0,-1
2787,10979,0,2787,87,0,3,1241251840,0xbf0e69f3,-1
2788,10980,0,2788,87,0,4,1778122752,0xbe5e7a59,-1
2789,10981,0,2789,87,0,5,3925606400,0x3faed306,-1
2790,10982,0,2790,87,0,6,2851864576,0x3ed8c908,-1
2791,10983,0,2791,87,0,7,704380928,0xbf7a67ab,-1
2792,10984,0,2792,87,0,8,972816384,0xbf401b67,-1
2793,10985,0,2793,87,0,9,3120300032,0x3f1a2e1b,-1
2794,10986,0,2794,87,0,10,4194041856,0x3ffe3ff3,-1
2795,10987,0,2795,87,0,11,2046558208,0xbd716714,-1
2796,10988,0,2796,87,0,12,1509687296,0xbec335d1,-1
2797,10989,0,2797,87,0,13,3657170944,0x3f857d93,-1
2798,10990,0,2798,87,0,14,2583429120,0x3e83b45b,-1
2799,10991,0,2799,87,0,15,435945472,0xbfa2f30f,-1
2800,10992,0,2800,87,1,0,301727744,0xbfbca96f,-1
2801,10993,0,2801,87,1,1,2449211392,0x3e354344,-1
2802,10994,0,2802,87,1,2,3522953216,0x3f6a9433,-1
2803,10995,0,2803,87,1,3,1375469568,0xbeef1a11,-1
2804,10996,0,2804,87,1,4,1912340480,0xbe0cf8cd,-1
2805,10997,0,2805,87,1,5,4059824128,0x3fccdbcd,-1
2806,10998,0,2806,87,1,6,2986082304,0x3f02c33b,-1
2807,10999,0,2807,87,1,7,838598656,0xbf5bd422,-1
2808,11000,0,2808,87,1,8,570163200,0xbf8e8678,-1
2809,11001,0,2809,87,1,9,2717646848,0x3eada503,-1
2810,11002,0,2810,87,1,10,3791388672,0x3f982c5f,-1
2811,11003,0,2811,87,1,11,1643905024,0xbe98b5d8,-1
2812,11004,0,2812,87,1,12,1107034112,0xbf26799b,-1
2813,11005,0,2813,87,1,13,3254517760,0x3f32f76e,-1
2814,11006,0,2814,87,1,14,2180775936,0x3c9f2e50,-1
2815,11007,0,2815,87,1,15,33292288,0xc01ae808,-1
2816,11008,0,2816,88,0,0,24903680,0xc0218c40,-1
2817,11009,0,2817,88,0,1,2172387328,0x3c6e2359,-1
2818,11010,0,2818,88,0,2,3246129152,0x3f315ea8,-1
2819,11011,0,2819,88,0,3,1098645504,0xbf2806c9,-1
2820,11012,0,2820,88,0,4,1635516416,0xbe9b553e,-1
2821,11013,0,2821,88,0,5,3783000064,0x3f96e90c,-1
2822,11014,0,2822,88,0,6,2709258240,0x3eaafdec,-1
2823,11015,0,2823,88,0,7,561774592,0xbf8fb22f,-1
2824,11016,0,2824,88,0,8,830210048,0xbf5da573,-1
2825,11017,0,2825,88,0,9,2977693696,0x3f015631,-1
2826,11018,0,2826,88,0,10,4051435520,0x3fcaa25a,-1
2827,11019,0,2827,88,0,11,1903951872,0xbe1208dc,-1
2828,11020,0,2828,88,0,12,1367080960,0xbef1e69c,-1
2829,11021,0,2829,88,0,13,3514564608,0x3f68ad9f,-1
2830,11022,0,2830,88,0,14,2440822784,0x3e302c2d,-1
2831,11023,0,2831,88,0,15,293339136,0xbfbe89f4,-1
2832,11024,0,2832,88,1,0,427556864,0xbfa45e5a,-1
2833,11025,0,2833,88,1,1,2575040512,0x3e811d81,-1
2834,11026,0,2834,88,1,2,3648782336,0x3f846a70,-1
2835,11027,0,2835,88,1,3,1501298688,0xbec5e897,-1
2836,11028,0,2836,88,1,4,2038169600,0xbd82bf2c,-1
2837,11029,0,2837,88,1,5,4185653248,0x3ff9e4c4,-1
2838,11030,0,2838,88,1,6,3111911424,0x3f18ae22,-1
2839,11031,0,2839,88,1,7,964427776,0xbf41c5a1,-1
2840,11032,0,2840,88,1,8,695992320,0xbf7c6f5d,-1
2841,11033,0,2841,88,1,9,2843475968,0x3ed60bf3,-1
2842,11034,0,2842,88,1,10,3917217792,0x3fad3ebb,-1
2843,11035,0,2843,88,1,11,1769734144,0xbe639d1d,-1
2844,11036,0,2844,88,1,12,1232863232,0xbf0fe118,-1
2845,11037,0,2845,88,1,13,3380346880,0x3f4bd52c,-1
2846,11038,0,2846,88,1,14,2306605056,0x3dbe76f1,-1
2847,11039,0,2847,88,1,15,159121408,0xbfe49c2b,-1
2848,11040,0,2848,89,0,0,226230272,0xbfcf4ab7,-1
2849,11041,0,2849,89,0,1,2373713920,0x3e0798b4,-1
2850,11042,0,2850,89,0,2,3447455744,0x3f59e8d4,-1
2851,11043,0,2851,89,0,3,1299972096,0xbf04483a,-1
2852,11044,0,2852,89,0,4,1836843008,0xbe3aad0f,-1
2853,11045,0,2853,89,0,5,3984326656,0x3fbab603,-1
2854,11046,0,2854,89,0,6,2910584832,0x3eec22bc,-1
2855,11047,0,2855,89,0,7,763101184,0xbf6c9cd8,-1
2856,11048,0,2856,89,0,8,1031536640,0xbf34abb6,-1
2857,11049,0,2857,89,0,9,3179020288,0x3f24d550,-1
2858,11050,0,2858,89,0,10,4252762112,0x40154e42,-1
2859,11051,0,2859,89,0,11,2105278464,0xbcc9cdd2,-1
2860,11052,0,2860,89,0,12,1568407552,0xbeb077da,-1
2861,11053,0,2861,89,0,13,3715891200,0x3f8d4b54,-1
2862,11054,0,2862,89,0,14,2642149376,0x3e95ed9b,-1
2863,11055,0,2863,89,0,15,494665728,0xbf99881d,-1
2864,11056,0,2864,89,1,0,360448000,0xbfb0882f,-1
2865,11057,0,2865,89,1,1,2507931648,0x3e5906fa,-1
2866,11058,0,2866,89,1,2,3581673472,0x3f7843e0,-1
2867,11059,0,2867,89,1,3,1434189824,0xbedbb3ad,-1
2868,11060,0,2868,89,1,4,1971060736,0xbdd33e7c,-1
2869,11061,0,2869,89,1,5,4118544384,0x3fde817b,-1
2870,11062,0,2870,89,1,6,3044802560,0x3f0cdcab,-1
2871,11063,0,2871,89,1,7,897318912,0xbf4f66d2,-1
2872,11064,0,2872,89,1,8,628883456,0xbf86a492,-1
2873,11065,0,2873,89,1,9,2776367104,0x3ec05964,-1
2874,11066,0,2874,89,1,10,3850108928,0x3fa17699,-1
2875,11067,0,2875,89,1,11,1702625280,0xbe867596,-1
2876,11068,0,2876,89,1,12,1165754368,0xbf1bc791,-1
2877,11069,0,2877,89,1,13,3313238016,0x3f3e58cd,-1
2878,11070,0,2878,89,1,14,2239496192,0x3d5c0ffd,-1
2879,11071,0,2879,89,1,15,92012544,0xc0019ce7,-1
2880,11072,0,2880,90,0,0,125566976,0xbff231ce,-1
2881,11073,0,2881,90,0,1,2273050624,0x3d96380e,-1
2882,11074,0,2882,90,0,2,3346792448,0x3f45057d,-1
2883,11075,0,2883,90,0,3,1199308800,0xbf15c9f9,-1
2884,11076,0,2884,90,0,4,1736179712,0xbe783737,-1
2885,11077,0,2885,90,0,5,3883663360,0x3fa72d58,-1
2886,11078,0,2886,90,0,6,2809921536,0x3ecb26fe,-1
2887,11079,0,2887,90,0,7,662437888,0xbf825c0d,-1
2888,11080,0,2888,90,0,8,930873344,0xbf488409,-1
2889,11081,0,2889,90,0,9,3078356992,0x3f12bb64,-1
2890,11082,0,2890,90,0,10,4152098816,0x3feadc47,-1
2891,11083,0,2891,90,0,11,2004615168,0xbdaaf660,-1
2892,11084,0,2892,90,0,12,1467744256,0xbed0c207,-1
2893,11085,0,2893,90,0,13,3615227904,0x3f803501,-1
2894,11086,0,2894,90,0,14,2541486080,0x3e6d94ae,-1
2895,11087,0,2895,90,0,15,394002432,0xbfaa4213,-1
2896,11088,0,2896,90,1,0,528220160,0xbf948117,-1
2897,11089,0,2897,90,1,1,2675703808,0x3ea06d13,-1
2898,11090,0,2898,90,1,2,3749445632,0x3f91ffd1,-1
2899,11091,0,2899,90,1,3,1601961984,0xbea5dd81,-1
2900,11092,0,2900,90,1,4,2138832896,0xbba5702b,-1
2901,11093,0,2901,90,1,5,4286316544,0x40380f54,29
2902,11094,0,2902,90,1,6,3212574720,0x3f2b0cdb,-1
2903,11095,0,2903,90,1,7,1065091072,0xbf2e4ba4,-1
2904,11096,0,2904,90,1,8,796655616,0xbf650818,-1
2905,11097,0,2905,90,1,9,2944139264,0x3ef75839,-1
2906,11098,0,2906,90,1,10,4017881088,0x3fc24c04,-1
2907,11099,0,2907,90,1,11,1870397440,0xbe265293,-1
2908,11100,0,2908,90,1,12,1333526528,0xbefd2ba8,-1
2909,11101,0,2909,90,1,13,3481010176,0x3f61333d,-1
2910,11102,0,2910,90,1,14,2407268352,0x3e1bda9b,-1
2911,11103,0,2911,90,1,15,259784704,0xbfc67d99,-1
2912,11104,0,2912,91,0,0,192675840,0xbfd932f6,-1
2913,11105,0,2913,91,0,1,2340159488,0x3de6c8b3,-1
2914,11106,0,2914,91,0,2,3413901312,0x3f52ca9a,-1
2915,11107,0,2915,91,0,3,1266417664,0xbf0a0b98,-1
2916,11108,0,2916,91,0,4,1803288576,0xbe4f1a7e,-1
2917,11109,0,2917,91,0,5,3950772224,0x3fb3babb,-1
2918,11110,0,2918,91,0,6,2877030400,0x3ee109f0,-1
2919,11111,0,2919,91,0,7,729546752,0xbf746839,-1
2920,11112,0,2920,91,0,8,997982208,0xbf3b28fc,-1
2921,11113,0,2921,91,0,9,3145465856,0x3f1eb647,-1
2922,11114,0,2922,91,0,10,4219207680,0x4006bac4,-1
2923,11115,0,2923,91,0,11,2071724032,0xbd3529b6,-1
2924,11116,0,2924,91,0,12,1534853120,0xbebb25b8,-1
2925,11117,0,2925,91,0,13,3682336768,0x3f88c5d3,-1
2926,11118,0,2926,91,0,14,2608594944,0x3e8b7e2d,-1
2927,11119,0,2927,91,0,15,461111296,0xbf9ececf,-1
2928,11120,0,2928,91,1,0,326893568,0xbfb742dd,-1
2929,11121,0,2929,91,1,1,2474377216,0x3e448f90,-1
2930,11122,0,2930,91,1,2,3548119040,0x3f705c3b,-1
2931,11123,0,2931,91,1,3,1400635392,0xbee6bf42,-1
2932,11124,0,2932,91,1,4,1937506304,0xbdfb9b90,-1
2933,11125,0,2933,91,1,5,4084989952,0x3fd3eeab,-1
2934,11126,0,2934,91,1,6,3011248128,0x3f0710ab,-1
2935,11127,0,2935,91,1,7,863764480,0xbf5670e3,-1
2936,11128,0,2936,91,1,8,595329024,0xbf8b151d,-1
2937,11129,0,2937,91,1,9,2742812672,0x3eb5a18b,-1
2938,11130,0,2938,91,1,10,3816554496,0x3f9c0de1,-1
2939,11131,0,2939,91,1,11,1669070848,0xbe90ddb5,-1
2940,11132,0,2940,91,1,12,1132199936,0xbf21db52,-1
2941,11133,0,2941,91,1,13,3279683584,0x3f37cc9d,-1
2942,11134,0,2942,91,1,14,2205941760,0x3d0bc58b,-1
2943,11135,0,2943,91,1,15,58458112,0xc00d552f,-1
2944,11136,0,2944,92,0,0,41680896,0xc0159ade,-1
2945,11137,0,2945,92,0,1,2189164544,0x3cc74bee,-1
2946,11138,0,2946,92,0,2,3262906368,0x3f3491fd,-1
2947,11139,0,2947,92,0,3,1115422720,0xbf24edfd,-1
2948,11140,0,2948,92,0,4,1652293632,0xbe961778,-1
2949,11141,0,2949,92,0,5,3799777280,0x3f997389,-1
2950,11142,0,2950,92,0,6,2726035456,0x3eb04d4c,-1
2951,11143,0,2951,92,0,7,578551808,0xbf8d5dc5,-1
2952,11144,0,2952,92,0,8,846987264,0xbf5a05a4,-1
2953,11145,0,2953,92,0,9,2994470912,0x3f043150,-1
2954,11146,0,2954,92,0,10,4068212736,0x3fcf258a,-1
2955,11147,0,2955,92,0,11,1920729088,0xbe07e99f,-1
2956,11148,0,2956,92,0,12,1383858176,0xbeec4f58,-1
2957,11149,0,2957,92,0,13,3531341824,0x3f6c7e1c,-1
2958,11150,0,2958,92,0,14,2457600000,0x3e3a5b81,-1
2959,11151,0,2959,92,0,15,310116352,0xbfbad315,-1
2960,11152,0,2960,92,1,0,444334080,0xbfa18cd3,-1
2961,11153,0,2961,92,1,1,2591817728,0x3e864c13,-1
2962,11154,0,2962,92,1,2,3665559552,0x3f869324,-1
2963,11155,0,2963,92,1,3,1518075904,0xbec0846f,-1
2964,11156,0,2964,92,1,4,2054946816,0xbd5d514d,-1
2965,11157,0,2965,92,1,5,4202430464,0x40017606,-1
2966,11158,0,2966,92,1,6,3128688640,0x3f1baf70,-1
2967,11159,0,2967,92,1,7,981204992,0xbf3e733e,-1
2968,11160,0,2968,92,1,8,712769536,0xbf7863fa,-1
2969,11161,0,2969,92,1,9,2860253184,0x3edb87b4,-1
2970,11162,0,2970,92,1,10,3933995008,0x3fb06e3e,-1
2971,11163,0,2971,92,1,11,1786511360,0xbe595903,-1
2972,11164,0,2972,92,1,12,1249640448,0xbf0cf400,-1
2973,11165,0,2973,92,1,13,3397124096,0x3f4f4afc,-1
2974,11166,0,2974,92,1,14,2323382272,0x3dd29d35,-1
2975,11167,0,2975,92,1,15,175898624,0xbfdeaef6,-1
2976,11168,0,2976,93,0,0,243007488,0xbfcac57c,-1
2977,11169,0,2977,93,0,1,2390491136,0x3e11b7d5,-1
2978,11170,0,2978,93,0,2,3464232960,0x3f5d8848,-1
2979,11171,0,2979,93,0,3,1316749312,0xbf016cfa,-1
2980,11172,0,2980,93,0,4,1853620224,0xbe307d96,-1
2981,11173,0,2981,93,0,5,4001103872,0x3fbe6b9d,-1
2982,11174,0,2982,93,0,6,2927362048,0x3ef1b9c5,-1
2983,11175,0,2983,93,0,7,779878400,0xbf68cbef,-1
2984,11176,0,2984,93,0,8,1048313856,0xbf317827,-1
2985,11177,0,2985,93,0,9,3195797504,0x3f27edea,-1
2986,11178,0,2986,93,0,10,4269539328,0x4021141f,-1
2987,11179,0,2987,93,0,11,2122055680,0xbc7326e1,-1
2988,11180,0,2988,93,0,12,1585184768,0xbeab2854,-1
2989,11181,0,2989,93,0,13,3732668416,0x3f8f9f5d,-1
2990,11182,0,2990,93,0,14,2658926592,0x3e9b2b40,-1
2991,11183,0,2991,93,0,15,511442944,0xbf96fd25,-1
2992,11184,0,2992,93,1,0,377225216,0xbfad57cd,-1
2993,11185,0,2993,93,1,1,2524708864,0x3e634ae6,-1
2994,11186,0,2994,93,1,2,3598450688,0x3f7c4ec3,-1
2995,11187,0,2995,93,1,3,1450967040,0xbed637b8,-1
2996,11188,0,2996,93,1,4,1987837952,0xbdbf1811,-1
2997,11189,0,2997,93,1,5,4135321600,0x3fe46ad3,-1
2998,11190,0,2998,93,1,6,3061579776,0x3f0fc99c,-1
2999,11191,0,2999,93,1,7,914096128,0xbf4bf0b5,-1
3000,11192,0,3000,93,1,8,645660672,0xbf847b90,-1
3001,11193,0,3001,93,1,9,2793144320,0x3ec5bd60,-1
3002,11194,0,3002,93,1,10,3866886144,0x3fa4477f,-1
3003,11195,0,3003,93,1,11,1719402496,0xbe8146e8,-1
3004,11196,0,3004,93,1,12,1182531584,0xbf18c618,-1
3005,11197,0,3005,93,1,13,3330015232,0x3f41aaee,-1
3006,11198,0,3006,93,1,14,2256273408,0x3d821e6c,-1
3007,11199,0,3007,93,1,15,108789760,0xbffa2853,-1
3008,11200,0,3008,94,0,0,75235328,0xc006e8de,-1
3009,11201,0,3009,94,0,1,2222718976,0x3d33e88e,-1
3010,11202,0,3010,94,0,2,3296460800,0x3f3b0eca,-1
3011,11203,0,3011,94,0,3,1148977152,0xbf1ece95,-1
3012,11204,0,3012,94,0,4,1685848064,0xbe8ba7cd,-1
3013,11205,0,3013,94,0,5,3833331712,0x3f9eb92b,-1
3014,11206,0,3014,94,0,6,2759589888,0x3ebafad8,-1
3015,11207,0,3015,94,0,7,612106240,0xbf88d793,-1
3016,11208,0,3016,94,0,8,880541696,0xbf52e6c0,-1
3017,11209,0,3017,94,0,9,3028025344,0x3f09f467,-1
3018,11210,0,3018,94,0,10,4101767168,0x3fd908b3,-1
3019,11211,0,3019,94,0,11,1954283520,0xbde76a26,-1
3020,11212,0,3020,94,0,12,1417412608,0xbee1361d,-1
3021,11213,0,3021,94,0,13,3564896256,0x3f74489a,-1
3022,11214,0,3022,94,0,14,2491154432,0x3e4ec8a0,-1
3023,11215,0,3023,94,0,15,343670784,0xbfb3d59e,-1
3024,11216,0,3024,94,1,0,477888512,0xbf9c22f8,-1
3025,11217,0,3025,94,1,1,2625372160,0x3e90b3f7,-1
3026,11218,0,3026,94,1,2,3699113984,0x3f8b0306,-1
3027,11219,0,3027,94,1,3,1551630336,0xbeb5cc41,-1
3028,11220,0,3028,94,1,4,2088501248,0xbd0d0694,-1
3029,11221,0,3029,94,1,5,4235984896,0x400d1bfc,-1
3030,11222,0,3030,94,1,6,3162243072,0x3f21c2d6,-1
3031,11223,0,3031,94,1,7,1014759424,0xbf37e691,-1
3032,11224,0,3032,94,1,8,746323968,0xbf707b66,-1
3033,11225,0,3033,94,1,9,2893807616,0x3ee692df,-1
3034,11226,0,3034,94,1,10,3967549440,0x3fb726f0,-1
3035,11227,0,3035,94,1,11,1820065792,0xbe44e145,-1
3036,11228,0,3036,94,1,12,1283194880,0xbf0727b8,-1
3037,11229,0,3037,94,1,13,3430678528,0x3f565469,-1
3038,11230,0,3038,94,1,14,2356936704,0x3dfaf9ed,-1
3039,11231,0,3039,94,1,15,209453056,0xbfd41631,-1
3040,11232,0,3040,95,0,0,142344192,0xbfeb1256,-1
3041,11233,0,3041,95,0,1,2289827840,0x3daa5565,-1
3042,11234,0,3042,95,0,2,3363569664,0x3f4868ca,-1
3043,11235,0,3043,95,0,3,1216086016,0xbf12d307,-1
3044,11236,0,3044,95,0,4,1752956928,0xbe6de715,-1
3045,11237,0,3045,95,0,5,3900440576,0x3faa29cd,-1
3046,11238,0,3046,95,0,6,2826698752,0x3ed09673,-1
3047,11239,0,3047,95,0,7,679215104,0xbf804591,-1
3048,11240,0,3048,95,0,8,947650560,0xbf452075,-1
3049,11241,0,3049,95,0,9,3095134208,0x3f15b22d,-1
3050,11242,0,3050,95,0,10,4168876032,0x3ff1f5d9,-1
3051,11243,0,3051,95,0,11,2021392384,0xbd96d8e9,-1
3052,11244,0,3052,95,0,12,1484521472,0xbecb5263,-1
3053,11245,0,3053,95,0,13,3632005120,0x3f824b37,-1
3054,11246,0,3054,95,0,14,2558263296,0x3e77e49e,-1
3055,11247,0,3055,95,0,15,410779648,0xbfa744e2,-1
3056,11248,0,3056,95,1,0,276561920,0xbfc26bc5,-1
3057,11249,0,3057,95,1,1,2424045568,0x3e26014d,-1
3058,11250,0,3058,95,1,2,3497787392,0x3f64ea2d,-1
3059,11251,0,3059,95,1,3,1350303744,0xbef7854b,-1
3060,11252,0,3060,95,1,4,1887174656,0xbe1c2bc1,-1
3061,11253,0,3061,95,1,5,4034658304,0x3fc65c42,-1
3062,11254,0,3062,95,1,6,2960916480,0x3efcfe57,-1
3063,11255,0,3063,95,1,7,813432832,0xbf6150c5,-1
3064,11256,0,3064,95,1,8,544997376,0xbf92130a,-1
3065,11257,0,3065,95,1,9,2692481024,0x3ea5b33d,-1
3066,11258,0,3066,95,1,10,3766222848,0x3f946d71,-1
3067,11259,0,3067,95,1,11,1618739200,0xbea09733,-1
3068,11260,0,3068,95,1,12,1081868288,0xbf2b25ee,-1
3069,11261,0,3069,95,1,13,3229351936,0x3f2e325c,-1
3070,11262,0,3070,95,1,14,2155610112,0x3b9b695b,-1
3071,11263,0,3071,95,1,15,8126464,0xc03951bc,33
3072,11264,0,3072,96,0,0,6029312,0xc03f3c3f,41
3073,11265,0,3073,96,0,1,2153512960,0x3b669c3c,-1
3074,11266,0,3074,96,0,2,3227254784,0x3f2dcd4e,-1
3075,11267,0,3075,96,0,3,1079771136,0xbf2b8a47,-1
3076,11268,0,3076,96,0,4,1616642048,0xbea13fbf,-1
3077,11269,0,3077,96,0,5,3764125696,0x3f941efe,-1
3078,11270,0,3078,96,0,6,2690383872,0x3ea50a39,-1
3079,11271,0,3079,96,0,7,542900224,0xbf92600f,-1
3080,11272,0,3080,96,0,8,811335680,0xbf61c705,-1
3081,11273,0,3081,96,0,9,2958819328,0x3efc4925,-1
3082,11274,0,3082,96,0,10,4032561152,0x3fc5d76b,-1
3083,11275,0,3083,96,0,11,1885077504,0xbe1d7063,-1
3084,11276,0,3084,96,0,12,1348206592,0xbef839aa,-1
3085,11277,0,3085,96,0,13,3495690240,0x3f6472a3,-1
3086,11278,0,3086,96,0,14,2421948416,0x3e24bc3d,-1
3087,11279,0,3087,96,0,15,274464768,0xbfc2eb42,-1
3088,11280,0,3088,96,1,0,408682496,0xbfa7a341,-1
3089,11281,0,3089,96,1,1,2556166144,0x3e769a47,-1
3090,11282,0,3090,96,1,2,3629907968,0x3f8207f4,-1
3091,11283,0,3091,96,1,3,1482424320,0xbecc0005,-1
3092,11284,0,3092,96,1,4,2019295232,0xbd995c61,-1
3093,11285,0,3093,96,1,5,4166778880,0x3ff10813,-1
3094,11286,0,3094,96,1,6,3093037056,0x3f15530d,-1
3095,11287,0,3095,96,1,7,945553408,0xbf458c6b,-1
3096,11288,0,3096,96,1,8,677117952,0xbf8087e6,-1
3097,11289,0,3097,96,1,9,2824601600,0x3ecfe831,-1
3098,11290,0,3098,96,1,10,3898343424,0x3fa9c8f2,-1
3099,11291,0,3099,96,1,11,1750859776,0xbe6f30c2,-1
3100,11292,0,3100,96,1,12,1213988864,0xbf13319e,-1
3101,11293,0,3101,96,1,13,3361472512,0x3f47fbe3,-1
3102,11294,0,3102,96,1,14,2287730688,0x3da7d182,-1
3103,11295,0,3103,96,1,15,140247040,0xbfebec3a,-1
3104,11296,0,3104,97,0,0,207355904,0xbfd4b517,-1
3105,11297,0,3105,97,0,1,2354839552,0x3df87371,-1
3106,11298,0,3106,97,0,2,3428581376,0x3f55e29d,-1
3107,11299,0,3107,97,0,3,1281097728,0xbf0783f6,-1
3108,11300,0,3108,97,0,4,1817968640,0xbe462824,-1
3109,11301,0,3109,97,0,5,3965452288,0x3fb6b793,-1
3110,11302,0,3110,97,0,6,2891710464,0x3ee5e161,-1
3111,11303,0,3111,97,0,7,744226816,0xbf70f835,-1
3112,11304,0,3112,97,0,8,1012662272,0xbf384e73,-1
3113,11305,0,3113,97,0,9,3160145920,0x3f2160f2,-1
3114,11306,0,3114,97,0,10,4233887744,0x400c3b7a,-1
3115,11307,0,3115,97,0,11,2086404096,0xbd120ac3,-1
3116,11308,0,3116,97,0,12,1549533184,0xbeb67728,-1
3117,11309,0,3117,97,0,13,3697016832,0x3f8abac7,-1
3118,11310,0,3118,97,0,14,2623275008,0x3e900d09,-1
3119,11311,0,3119,97,0,15,475791360,0xbf9c777f,-1
3120,11312,0,3120,97,1,0,341573632,0xbfb44179,-1
3121,11313,0,3121,97,1,1,2489057280,0x3e4d8136,-1
3122,11314,0,3122,97,1,2,3562799104,0x3f73ca41,-1
3123,11315,0,3123,97,1,3,1415315456,0xbee1e6e3,-1
3124,11316,0,3124,97,1,4,1952186368,0xbde9f000,-1
3125,11317,0,3125,97,1,5,4099670016,0x3fd86095,-1
3126,11318,0,3126,97,1,6,3025928192,0x3f0997b1,-1
3127,11319,0,3127,97,1,7,878444544,0xbf535774,-1
3128,11320,0,3128,97,1,8,610009088,0xbf891ead,-1
3129,11321,0,3129,97,1,9,2757492736,0x3eba4f66,-1
3130,11322,0,3130,97,1,10,3831234560,0x3f9e62ca,-1
3131,11323,0,3131,97,1,11,1683750912,0xbe8c4e55,-1
3132,11324,0,3132,97,1,12,1146880000,0xbf1f2fdb,-1
3133,11325,0,3133,97,1,13,3294363648,0x3f3aa618,-1
3134,11326,0,3134,97,1,14,2220621824,0x3d2ee3f4,-1
3135,11327,0,3135,97,1,15,73138176,0xc007a411,-1
3136,11328,0,3136,98,0,0,106692608,0xbffb394f,-1
3137,11329,0,3137,98,0,1,2254176256,0x3d7f36e7,-1
3138,11330,0,3138,98,0,2,3327918080,0x3f414036,-1
3139,11331,0,3139,98,0,3,1180434432,0xbf1925fb,-1
3140,11332,0,3140,98,0,4,1717305344,0xbe81ec8d,-1
3141,11333,0,3141,98,0,5,3864788992,0x3fa3ec45,-1
3142,11334,0,3142,98,0,6,2791047168,0x3ec51093,-1
3143,11335,0,3143,98,0,7,643563520,0xbf84c029,-1
3144,11336,0,3144,98,0,8,911998976,0xbf4c5ef3,-1
3145,11337,0,3145,98,0,9,3059482624,0x3f0f6bbb,-1
3146,11338,0,3146,98,0,10,4133224448,0x3fe3a6c4,-1
3147,11339,0,3147,98,0,11,1985740800,0xbdc19c99,-1
3148,11340,0,3148,98,0,12,1448869888,0xbed6e6de,-1
3149,11341,0,3149,98,0,13,3596353536,0x3f7bcc86,-1
3150,11342,0,3150,98,0,14,2522611712,0x3e620218,-1
3151,11343,0,3151,98,0,15,375128064,0xbfadbc59,-1
3152,11344,0,3152,98,1,0,509345792,0xbf974daf,-1
3153,11345,0,3153,98,1,1,2656829440,0x3e9a8352,-1
3154,11346,0,3154,98,1,2,3730571264,0x3f8f5431,-1
3155,11347,0,3155,98,1,3,1583087616,0xbeabd202,-1
3156,11348,0,3156,98,1,4,2119958528,0xbc839a88,-1
3157,11349,0,3157,98,1,5,4267442176,0x401f488e,-1
3158,11350,0,3158,98,1,6,3193700352,0x3f278a7f,-1
3159,11351,0,3159,98,1,7,1046216704,0xbf31de35,-1
3160,11352,0,3160,98,1,8,777781248,0xbf694552,-1
3161,11353,0,3161,98,1,9,2925264896,0x3ef1067e,-1
3162,11354,0,3162,98,1,10,3999006720,0x3fbdf2ab,-1
3163,11355,0,3163,98,1,11,1851523072,0xbe31c345,-1
3164,11356,0,3164,98,1,12,1314652160,0xbf01c828,-1
3165,11357,0,3165,98,1,13,3462135808,0x3f5d13bb,-1
3166,11358,0,3166,98,1,14,2388393984,0x3e1073bf,-1
3167,11359,0,3167,98,1,15,240910336,0xbfcb529f,-1
3168,11360,0,3168,99,0,0,173801472,0xbfdf6600,-1
3169,11361,0,3169,99,0,1,2321285120,0x3dd01826,-1
3170,11362,0,3170,99,0,2,3395026944,0x3f4edbbb,-1
3171,11363,0,3171,99,0,3,1247543296,0xbf0d5161,-1
3172,11364,0,3172,99,0,4,1784414208,0xbe5aa137,-1
3173,11365,0,3173,99,0,5,3931897856,0x3fb006c6,-1
3174,11366,0,3174,99,0,6,2858156032,0x3edad7e3,-1
3175,11367,0,3175,99,0,7,710672384,0xbf78e488,-1
3176,11368,0,3176,99,0,8,979107840,0xbf3edd17,-1
3177,11369,0,3177,99,0,9,3126591488,0x3f1b4efa,-1
3178,11370,0,3178,99,0,10,4200333312,0x4000dc5a,-1
3179,11371,0,3179,99,0,11,2052849664,0xbd62569d,-1
3180,11372,0,3180,99,0,12,1515978752,0xbec130a6,-1
3181,11373,0,3181,99,0,13,3663462400,0x3f864d84,-1
3182,11374,0,3182,99,0,14,2589720576,0x3e85a610,-1
3183,11375,0,3183,99,0,15,442236928,0xbfa1e5eb,-1
3184,11376,0,3184,99,1,0,308019200,0xbfbb47bf,-1
3185,11377,0,3185,99,1,1,2455502848,0x3e391556,-1
3186,11378,0,3186,99,1,2,3529244672,0x3f6c0351,-1
3187,11379,0,3187,99,1,3,1381761024,0xbeed01db,-1
3188,11380,0,3188,99,1,4,1918631936,0xbe092d56,-1
3189,11381,0,3189,99,1,5,4066115584,0x3fce9184,-1
3190,11382,0,3190,99,1,6,2992373760,0x3f03d5b1,-1
3191,11383,0,3191,99,1,7,844890112,0xbf5a7901,-1
3192,11384,0,3192,99,1,8,576454656,0xbf8da7ab,-1
3193,11385,0,3193,99,1,9,2723938304,0x3eafa31c,-1
3194,11386,0,3194,99,1,10,3797680128,0x3f992161,-1
3195,11387,0,3195,99,1,11,1650196480,0xbe96bef8,-1
3196,11388,0,3196,99,1,12,1113325568,0xbf2550bf,-1
3197,11389,0,3197,99,1,13,3260809216,0x3f342b2e,-1
3198,11390,0,3198,99,1,14,2187067392,0x3cbd446c,-1
3199,11391,0,3199,99,1,15,39583744,0xc016d5ff,-1
3200,11392,0,3200,100,0,0,56360960,0xc00e3e83,-1
3201,11393,0,3201,100,0,1,2203844608,0x3d06c16d,-1
3202,11394,0,3202,100,0,2,3277586432,0x3f3764e1,-1
3203,11395,0,3203,100,0,3,1130102784,0xbf223d54,-1
3204,11396,0,3204,100,0,4,1666973696,0xbe9184b7,-1
3205,11397,0,3205,100,0,5,3814457344,0x3f9bb9af,-1
3206,11398,0,3206,100,0,6,2740715520,0x3eb4f6bd,-1
3207,11399,0,3207,100,0,7,593231872,0xbf8b5d93,-1
3208,11400,0,3208,100,0,8,861667328,0xbf56e2e4,-1
3209,11401,0,3209,100,0,9,3009150976,0x3f06b483,-1
3210,11402,0,3210,100,0,10,4082892800,0x3fd3515a,-1
3211,11403,0,3211,100,0,11,1935409152,0xbdfe222b,-1
3212,11404,0,3212,100,0,12,1398538240,0xbee770e3,-1
3213,11405,0,3213,100,0,13,3546021888,0x3f6fdfb3,-1
3214,11406,0,3214,100,0,14,2472280064,0x3e4348c9,-1
3215,11407,0,3215,100,0,15,324796416,0xbfb7b2e8,-1
3216,11408,0,3216,100,1,0,459014144,0xbf9f258a,-1
3217,11409,0,3217,100,1,1,2606497792,0x3e8ad7b7,-1
3218,11410,0,3218,100,1,2,3680239616,0x3f887eec,-1
3219,11411,0,3219,100,1,3,1532755968,0xbebbd144,-1
3220,11412,0,3220,100,1,4,2069626880,0xbd3a2e66,-1
3221,11413,0,3221,100,1,5,4217110528,0x40060509,-1
3222,11414,0,3222,100,1,6,3143368704,0x3f1e551d,-1
3223,11415,0,3223,100,1,7,995885056,0xbf3b91d5,-1
3224,11416,0,3224,100,1,8,727449600,0xbf74e6dd,-1
3225,11417,0,3225,100,1,9,2874933248,0x3ee0594c,-1
3226,11418,0,3226,100,1,10,3948675072,0x3fb34f7f,-1
3227,11419,0,3227,100,1,11,1801191424,0xbe506203,-1
3228,11420,0,3228,100,1,12,1264320512,0xbf0a6865,-1
3229,11421,0,3229,100,1,13,3411804160,0x3f525a1a,-1
3230,11422,0,3230,100,1,14,2338062336,0x3de442f6,-1
3231,11423,0,3231,100,1,15,190578688,0xbfd9dcee,-1
3232,11424,0,3232,101,0,0,257687552,0xbfc7037e,-1
3233,11425,0,3233,101,0,1,2405171200,0x3e1a960d,-1
3234,11426,0,3234,101,0,2,3478913024,0x3f60bd39,-1
3235,11427,0,3235,101,0,3,1331429376,0xbefde101,-1
3236,11428,0,3236,101,0,4,1868300288,0xbe2797b7,-1
3237,11429,0,3237,101,0,5,4015783936,0x3fc1cd76,-1
3238,11430,0,3238,101,0,6,2942042112,0x3ef6a400,-1
3239,11431,0,3239,101,0,7,794558464,0xbf657fe1,-1
3240,11432,0,3240,101,0,8,1062993920,0xbf2eb0d4,-1
3241,11433,0,3241,101,0,9,3210477568,0x3f2aa8a3,-1
3242,11434,0,3242,101,0,10,4284219392,0x4033a14a,21
3243,11435,0,3243,101,0,11,2136735744,0xbbcd8b7c,-1
3244,11436,0,3244,101,0,12,1599864832,0xbea6869b,-1
3245,11437,0,3245,101,0,13,3747348480,0x3f91b30f,-1
3246,11438,0,3246,101,0,14,2673606656,0x3e9fc49c,-1
3247,11439,0,3247,101,0,15,526123008,0xbf94cfd0,-1
3248,11440,0,3248,101,1,0,391905280,0xbfaaa368,-1
3249,11441,0,3249,101,1,1,2539388928,0x3e6c4b20,-1
3250,11442,0,3250,101,1,2,3613130752,0x3f7fe5af,-1
3251,11443,0,3251,101,1,3,1465647104,0xbed17067,-1
3252,11444,0,3252,101,1,4,2002518016,0xbdad7a58,-1
3253,11445,0,3253,101,1,5,4150001664,0x3fea05a9,-1
3254,11446,0,3254,101,1,6,3076259840,0x3f125ce6,-1
3255,11447,0,3255,101,1,7,928776192,0xbf48f11e,-1
3256,11448,0,3256,101,1,8,660340736,0xbf829f7c,-1
3257,11449,0,3257,101,1,9,2807824384,0x3eca797a,-1
3258,11450,0,3258,101,1,10,3881566208,0x3fa6cf69,-1
3259,11451,0,3259,101,1,11,1734082560,0xbe7981ae,-1
3260,11452,0,3260,101,1,12,1197211648,0xbf162933,-1
3261,11453,0,3261,101,1,13,3344695296,0x3f4499b2,-1
3262,11454,0,3262,101,1,14,2270953472,0x3d93b4a8,-1
3263,11455,0,3263,101,1,15,123469824,0xbff323ba,-1
3264,11456,0,3264,102,0,0,89915392,0xc0023a4f,-1
3265,11457,0,3265,102,0,1,2237399040,0x3d570ac8,-1
3266,11458,0,3266,102,0,2,3311140864,0x3f3def1c,-1
3267,11459,0,3267,102,0,3,1163657216,0xbf1c2823,-1
3268,11460,0,3268,102,0,4,1700528128,0xbe871baa,-1
3269,11461,0,3269,102,0,5,3848011776,0x3fa11de2,-1
3270,11462,0,3270,102,0,6,2774269952,0x3ebfad48,-1
3271,11463,0,3271,102,0,7,626786304,0xbf86ea63,-1
3272,11464,0,3272,102,0,8,895221760,0xbf4fd645,-1
3273,11465,0,3273,102,0,9,3042705408,0x3f0c7f62,-1
3274,11466,0,3274,102,0,10,4116447232,0x3fddcca3,-1
3275,11467,0,3275,102,0,11,1968963584,0xbdd5c3a5,-1
3276,11468,0,3276,102,0,12,1432092672,0xbedc639f,-1
3277,11469,0,3277,102,0,13,3579576320,0x3f77c3a1,-1
3278,11470,0,3278,102,0,14,2505834496,0x3e57bee2,-1
3279,11471,0,3279,102,0,15,358350848,0xbfb0f038,-1
3280,11472,0,3280,102,1,0,492568576,0xbf99da94,-1
3281,11473,0,3281,102,1,1,2640052224,0x3e95462f,-1
3282,11474,0,3282,102,1,2,3713794048,0x3f8d01a9,-1
3283,11475,0,3283,102,1,3,1566310400,0xbeb12222,-1
3284,11476,0,3284,102,1,4,2103181312,0xbcd3d56d,-1
3285,11477,0,3285,102,1,5,4250664960,0x401423e3,-1
3286,11478,0,3286,102,1,6,3176923136,0x3f2472ac,-1
3287,11479,0,3287,102,1,7,1029439488,0xbf3512aa,-1
3288,11480,0,3288,102,1,8,761004032,0xbf6d17e7,-1
3289,11481,0,3289,102,1,9,2908487680,0x3eeb705d,-1
3290,11482,0,3290,102,1,10,3982229504,0x3fba421a,-1
3291,11483,0,3291,102,1,11,1834745856,0xbe3bf352,-1
3292,11484,0,3292,102,1,12,1297874944,0xbf04a3ee,-1
3293,11485,0,3293,102,1,13,3445358592,0x3f5975ae,-1
3294,11486,0,3294,102,1,14,2371616768,0x3e06550e,-1
3295,11487,0,3295,102,1,15,224133120,0xbfcfe01b,-1
3296,11488,0,3296,103,0,0,157024256,0xbfe562e2,-1
3297,11489,0,3297,103,0,1,2304507904,0x3dbbf280,-1
3298,11490,0,3298,103,0,2,3378249728,0x3f4b671d,-1
3299,11491,0,3299,103,0,3,1230766080,0xbf103f11,-1
3300,11492,0,3300,103,0,4,1767636992,0xbe64e608,-1
3301,11493,0,3301,103,0,5,3915120640,0x3facdab5,-1
3302,11494,0,3302,103,0,6,2841378816,0x3ed55cec,-1
3303,11495,0,3303,103,0,7,693895168,0xbf7cf1ec,-1
3304,11496,0,3304,103,0,8,962330624,0xbf423084,-1
3305,11497,0,3305,103,0,9,3109814272,0x3f184e5a,-1
3306,11498,0,3306,103,0,10,4183556096,0x3ff8d939,-1
3307,11499,0,3307,103,0,11,2036072448,0xbd854234,-1
3308,11500,0,3308,103,0,12,1499201536,0xbec69580,-1
3309,11501,0,3309,103,0,13,3646685184,0x3f842606,-1
3310,11502,0,3310,103,0,14,2572943360,0x3e8077ec,-1
3311,11503,0,3311,103,0,15,425459712,0xbfa4b9fd,-1
3312,11504,0,3312,103,1,0,291241984,0xbfbf03bd,-1
3313,11505,0,3313,103,1,1,2438725632,0x3e2ee694,-1
3314,11506,0,3314,103,1,2,3512467456,0x3f68347d,-1
3315,11507,0,3315,103,1,3,1364983808,0xbef29a09,-1
3316,11508,0,3316,103,1,4,1901854720,0xbe134d04,-1
3317,11509,0,3317,103,1,5,4049338368,0x3fca1669,-1
3318,11510,0,3318,103,1,6,2975596544,0x3f00fb18,-1
3319,11511,0,3319,103,1,7,828112896,0xbf5e1a39,-1
3320,11512,0,3320,103,1,8,559677440,0xbf8ffd99,-1
3321,11513,0,3321,103,1,9,2707161088,0x3eaa5455,-1
3322,11514,0,3322,103,1,10,3780902912,0x3f9698ce,-1
3323,11515,0,3323,103,1,11,1633419264,0xbe9bfd42,-1
3324,11516,0,3324,103,1,12,1096548352,0xbf286a54,-1
3325,11517,0,3325,103,1,13,3244032000,0x3f30f8bd,-1
3326,11518,0,3326,103,1,14,2170290176,0x3c5a1546,-1
3327,11519,0,3327,103,1,15,22806528,0xc0238467,-1
3328,11520,0,3328,104,0,0,31195136,0xc01c6a1d,-1
3329,11521,0,3329,104,0,1,2178678784,0x3c952712,-1
3330,11522,0,3330,104,0,2,3252420608,0x3f329111,-1
3331,11523,0,3331,104,0,3,1104936960,0xbf26dcc1,-1
3332,11524,0,3332,104,0,4,1641807872,0xbe995d99,-1
3333,11525,0,3333,104,0,5,3789291520,0x3f97db30,-1
3334,11526,0,3334,104,0,6,2715549696,0x3eacfb20,-1
3335,11527,0,3335,104,0,7,568066048,0xbf8ed11c,-1
3336,11528,0,3336,104,0,8,836501504,0xbf5c4832,-1
3337,11529,0,3337,104,0,9,2983985152,0x3f0267e0,-1
3338,11530,0,3338,104,0,10,4057726976,0x3fcc4bf4,-1
3339,11531,0,3339,104,0,11,1910243328,0xbe0e3cbb,-1
3340,11532,0,3340,104,0,12,1373372416,0xbeefcd07,-1
3341,11533,0,3341,104,0,13,3520856064,0x3f6a1a3f,-1
3342,11534,0,3342,104,0,14,2447114240,0x3e33fd63,-1
3343,11535,0,3343,104,0,15,299630592,0xbfbd2097,-1
3344,11536,0,3344,104,1,0,433848320,0xbfa34d67,-1
3345,11537,0,3345,104,1,1,2581331968,0x3e830e90,-1
3346,11538,0,3346,104,1,2,3655073792,0x3f853890,-1
3347,11539,0,3347,104,1,3,1507590144,0xbec3e261,-1
3348,11540,0,3348,104,1,4,2044461056,0xbd766cc0,-1
3349,11541,0,3349,104,1,5,4191944704,0x3ffd220f,-1
3350,11542,0,3350,104,1,6,3118202880,0x3f19cdfd,-1
3351,11543,0,3351,104,1,7,970719232,0xbf4085c3,-1
3352,11544,0,3352,104,1,8,702283776,0xbf7ae937,-1
3353,11545,0,3353,104,1,9,2849767424,0x3ed8199d,-1
3354,11546,0,3354,104,1,10,3923509248,0x3fae6d50,-1
3355,11547,0,3355,104,1,11,1776025600,0xbe5fc2e7,-1
3356,11548,0,3356,104,1,12,1239154688,0xbf0ec7a0,-1
3357,11549,0,3357,104,1,13,3386638336,0x3f4d203a,-1
3358,11550,0,3358,104,1,14,2312896512,0x3dc604b6,-1
3359,11551,0,3359,104,1,15,165412864,0xbfe25498,-1
3360,11552,0,3360,105,0,0,232521728,0xbfcd910b,-1
3361,11553,0,3361,105,0,1,2380005376,0x3e0b63f7,-1
3362,11554,0,3362,105,0,2,3453747200,0x3f5b434e,-1
3363,11555,0,3363,105,0,3,1306263552,0xbf033585,-1
3364,11556,0,3364,105,0,4,1843134464,0xbe36dab7,-1
3365,11557,0,3365,105,0,5,3990618112,0x3fbc1562,-1
3366,11558,0,3366,105,0,6,2916876288,0x3eee3a85,-1
3367,11559,0,3367,105,0,7,769392640,0xbf6b2cef,-1
3368,11560,0,3368,105,0,8,1037828096,0xbf337789,-1
3369,11561,0,3369,105,0,9,3185311744,0x3f25fdcf,-1
3370,11562,0,3370,105,0,10,4259053568,0x40192275,-1
3371,11563,0,3371,105,0,11,2111569920,0xbcabb774,-1
3372,11564,0,3372,105,0,12,1574699008,0xbeae7978,-1
3373,11565,0,3373,105,0,13,3722182656,0x3f8e296e,-1
3374,11566,0,3374,105,0,14,2648440832,0x3e97e43e,-1
3375,11567,0,3375,105,0,15,500957184,0xbf989231,-1
3376,11568,0,3376,105,1,0,366739456,0xbfaf52c5,-1
3377,11569,0,3377,105,1,1,2514223104,0x3e5cdfc7,-1
3378,11570,0,3378,105,1,2,3587964928,0x3f79c617,-1
3379,11571,0,3379,105,1,3,1440481280,0xbed9a472,-1
3380,11572,0,3380,105,1,4,1977352192,0xbdcbaf7e,-1
3381,11573,0,3381,105,1,5,4124835840,0x3fe0aaad,-1
3382,11574,0,3382,105,1,6,3051094016,0x3f0df4f7,-1
3383,11575,0,3383,105,1,7,903610368,0xbf4e1966,-1
3384,11576,0,3384,105,1,8,635174912,0xbf85d40c,-1
3385,11577,0,3385,105,1,9,2782658560,0x3ec25e3d,-1
3386,11578,0,3386,105,1,10,3856400384,0x3fa28293,-1
3387,11579,0,3387,105,1,11,1708916736,0xbe8483ad,-1
3388,11580,0,3388,105,1,12,1172045824,0xbf1aa660,-1
3389,11581,0,3389,105,1,13,3319529472,0x3f3f96a1,-1
3390,11582,0,3390,105,1,14,2245787648,0x3d6b201f,-1
3391,11583,0,3391,105,1,15,98304000,0xbfffac6d,-1
3392,11584,0,3392,106,0,0,131858432,0xbfef6fa0,-1
3393,11585,0,3393,106,0,1,2279342080,0x3d9dc298,-1
3394,11586,0,3394,106,0,2,3353083904,0x3f4649af,-1
3395,11587,0,3395,106,0,3,1205600256,0xbf14acc5,-1
3396,11588,0,3396,106,0,4,1742471168,0xbe74586d,-1
3397,11589,0,3397,106,0,5,3889954816,0x3fa84945,-1
3398,11590,0,3398,106,0,6,2816212992,0x3ecd3018,-1
3399,11591,0,3399,106,0,7,668729344,0xbf819296,-1
3400,11592,0,3400,106,0,8,937164800,0xbf473da6,-1
3401,11593,0,3401,106,0,9,3084648448,0x3f13d757,-1
3402,11594,0,3402,106,0,10,4158390272,0x3fed7017,-1
3403,11595,0,3403,106,0,11,2010906624,0xbda36adc,-1
3404,11596,0,3404,106,0,12,1474035712,0xbeceb777,-1
3405,11597,0,3405,106,0,13,3621519360,0x3f80fc4e,-1
3406,11598,0,3406,106,0,14,2547777536,0x3e7171eb,-1
3407,11599,0,3407,106,0,15,400293888,0xbfa9205b,-1
3408,11600,0,3408,106,1,0,534511616,0xbf939639,-1
3409,11601,0,3409,106,1,1,2681995264,0x3ea266de,-1
3410,11602,0,3410,106,1,2,3755737088,0x3f92e757,-1
3411,11603,0,3411,106,1,3,1608253440,0xbea3e29e,-1
3412,11604,0,3412,106,1,4,2145124352,0xbab47a2d,-1
3413,11605,0,3413,106,1,5,4292608000,0x4050e4dd,53
3414,11606,0,3414,106,1,6,3218866176,0x3f2c3a24,-1
3415,11607,0,3415,106,1,7,1071382528,0xbf2d1cb7,-1
3416,11608,0,3416,106,1,8,802947072,0xbf63a1e8,-1
3417,11609,0,3417,106,1,9,2950430720,0x3ef9759a,-1
3418,11610,0,3418,106,1,10,4024172544,0x3fc3cc33,-1
3419,11611,0,3419,106,1,11,1876688896,0xbe22838a,-1
3420,11612,0,3420,106,1,12,1339817984,0xbefb0c5b,-1
3421,11613,0,3421,106,1,13,3487301632,0x3f629668,-1
3422,11614,0,3422,106,1,14,2413559808,0x3e1fa8a5,-1
3423,11615,0,3423,106,1,15,266076160,0xbfc4f0ed,-1
3424,11616,0,3424,107,0,0,198967296,0xbfd73dd6,-1
3425,11617,0,3425,107,0,1,2346450944,0x3dee5a75,-1
3426,11618,0,3426,107,0,2,3420192768,0x3f541d10,-1
3427,11619,0,3427,107,0,3,1272709120,0xbf08f59e,-1
3428,11620,0,3428,107,0,4,1809580032,0xbe4b446d,-1
3429,11621,0,3429,107,0,5,3957063680,0x3fb4ff6f,-1
3430,11622,0,3430,107,0,6,2883321856,0x3ee31c7d,-1
3431,11623,0,3431,107,0,7,735838208,0xbf72edb3,-1
3432,11624,0,3432,107,0,8,1004273664,0xbf39ef2c,-1
3433,11625,0,3433,107,0,9,3151757312,0x3f1fda4e,-1
3434,11626,0,3434,107,0,10,4225499136,0x4008f701,-1
3435,11627,0,3435,107,0,11,2078015488,0xbd261c12,-1
3436,11628,0,3436,107,0,12,1541144576,0xbeb92391,-1
3437,11629,0,3437,107,0,13,3688628224,0x3f899b83,-1
3438,11630,0,3438,107,0,14,2614886400,0x3e8d71e8,-1
3439,11631,0,3439,107,0,15,467402752,0xbf9dcc4e,-1
3440,11632,0,3440,107,1,0,333185024,0xbfb5f5fa,-1
3441,11633,0,3441,107,1,1,2480668672,0x3e48645c,-1
3442,11634,0,3442,107,1,2,3554410496,0x3f71d32a,-1
3443,11635,0,3443,107,1,3,1406926848,0xbee4ab07,-1
3444,11636,0,3444,107,1,4,1943797760,0xbdf40853,-1
3445,11637,0,3445,107,1,5,4091281408,0x3fd5ce47,-1
3446,11638,0,3446,107,1,6,3017539584,0x3f08258c,-1
3447,11639,0,3447,107,1,7,870055936,0xbf551bdd,-1
3448,11640,0,3448,107,1,8,601620480,0xbf8a3cc4,-1
3449,11641,0,3449,107,1,9,2749104128,0x3eb7a26d,-1
3450,11642,0,3450,107,1,10,3822845952,0x3f9d0c11,-1
3451,11643,0,3451,107,1,11,1675362304,0xbe8ee90d,-1
3452,11644,0,3452,107,1,12,1138491392,0xbf20b5dc,-1
3453,11645,0,3453,107,1,13,3285975040,0x3f390487,-1
3454,11646,0,3454,107,1,14,2212233216,0x3d1ad237,-1
3455,11647,0,3455,107,1,15,64749568,0xc00ac217,-1
3456,11648,0,3456,108,0,0,47972352,0xc012362b,-1
3457,11649,0,3457,108,0,1,2195456000,0x3ce562ef,-1
3458,11650,0,3458,108,0,2,3269197824,0x3f35c71b,-1
3459,11651,0,3459,108,0,3,1121714176,0xbf23c648,-1
3460,11652,0,3460,108,0,4,1658585088,0xbe942159,-1
3461,11653,0,3461,108,0,5,3806068736,0x3f9a6b80,-1
3462,11654,0,3462,108,0,6,2732326912,0x3eb24c4f,-1
3463,11655,0,3463,108,0,7,584843264,0xbf8c812f,-1
3464,11656,0,3464,108,0,8,853278720,0xbf58ac96,-1
3465,11657,0,3465,108,0,9,3000762368,0x3f054491,-1
3466,11658,0,3466,108,0,10,4074504192,0x3fd0e83b,-1
3467,11659,0,3467,108,0,11,1927020544,0xbe041ecc,-1
3468,11660,0,3468,108,0,12,1390149632,0xbeea387c,-1
3469,11661,0,3469,108,0,13,3537633280,0x3f6defc7,-1
3470,11662,0,3470,108,0,14,2463891456,0x3e3e2e75,-1
3471,11663,0,3471,108,0,15,316407808,0xbfb978ae,-1
3472,11664,0,3472,108,1,0,450625536,0xbfa0835b,-1
3473,11665,0,3473,108,1,1,2598109184,0x3e883e71,-1
3474,11666,0,3474,108,1,2,3671851008,0x3f8764f3,-1
3475,11667,0,3475,108,1,3,1524367360,0xbebe804a,-1
3476,11668,0,3476,108,1,4,2061238272,0xbd4e41df,-1
3477,11669,0,3477,108,1,5,4208721920,0x40035568,-1
3478,11670,0,3478,108,1,6,3134980096,0x3f1cd158,-1
3479,11671,0,3479,108,1,7,987496448,0xbf3d3675,-1
3480,11672,0,3480,108,1,8,719060992,0xbf76e3c7,-1
3481,11673,0,3481,108,1,9,2866544640,0x3edd97c5,-1
3482,11674,0,3482,108,1,10,3940286464,0x3fb1a764,-1
3483,11675,0,3483,108,1,11,1792802816,0xbe5580ee,-1
3484,11676,0,3484,108,1,12,1255931904,0xbf0bdc4f,-1
3485,11677,0,3485,108,1,13,3403415552,0x3f5099ac,-1
3486,11678,0,3486,108,1,14,2329673728,0x3dda2ce1,-1
3487,11679,0,3487,108,1,15,182190080,0xbfdc9444,-1
3488,11680,0,3488,109,0,0,249298944,0xbfc923c3,-1
3489,11681,0,3489,109,0,1,2396782592,0x3e15846e,-1
3490,11682,0,3490,109,0,2,3470524416,0x3f5ee704,-1
3491,11683,0,3491,109,0,3,1323040768,0xbf005bd3,-1
3492,11684,0,3492,109,0,4,1859911680,0xbe2cacf3,-1
3493,11685,0,3493,109,0,5,4007395328,0x3fbfda7f,-1
3494,11686,0,3494,109,0,6,2933653504,0x3ef3d44f,-1
3495,11687,0,3495,109,0,7,786169856,0xbf6760fe,-1
3496,11688,0,3496,109,0,8,1054605312,0xbf3046a6,-1
3497,11689,0,3497,109,0,9,3202088960,0x3f2918c4,-1
3498,11690,0,3498,109,0,10,4275830784,0x40276373,-1
3499,11691,0,3499,109,0,11,2128347136,0xbc36fcd8,-1
3500,11692,0,3500,109,0,12,1591476224,0xbea92bba,-1
3501,11693,0,3501,109,0,13,3738959872,0x3f90820a,-1
3502,11694,0,3502,109,0,14,2665218048,0x3e9d2370,-1
3503,11695,0,3503,109,0,15,517734400,0xbf960ced,-1
3504,11696,0,3504,109,1,0,383516672,0xbfac2ca7,-1
3505,11697,0,3505,109,1,1,2531000320,0x3e6725dd,-1
3506,11698,0,3506,109,1,2,3604742144,0x3f7dd705,-1
3507,11699,0,3507,109,1,3,1457258496,0xbed42add,-1
3508,11700,0,3508,109,1,4,1994129408,0xbdb78ae7,-1
3509,11701,0,3509,109,1,5,4141613056,0x3fe6c3ec,-1
3510,11702,0,3510,109,1,6,3067871232,0x3f10e3b4,-1
3511,11703,0,3511,109,1,7,920387584,0xbf4aa6de,-1
3512,11704,0,3512,109,1,8,651952128,0xbf83aea9,-1
3513,11705,0,3513,109,1,9,2799435776,0x3ec7c450,-1
3514,11706,0,3514,109,1,10,3873177600,0x3fa55b26,-1
3515,11707,0,3515,109,1,11,1725693952,0xbe7eac90,-1
3516,11708,0,3516,109,1,12,1188823040,0xbf17a6ee,-1
3517,11709,0,3517,109,1,13,3336306688,0x3f42ebe2,-1
3518,11710,0,3518,109,1,14,2262564864,0x3d89a7a1,-1
3519,11711,0,3519,109,1,15,115081216,0xbff70efe,-1
3520,11712,0,3520,110,0,0,81526784,0xc004d0cf,-1
3521,11713,0,3521,110,0,1,2229010432,0x3d42f6c5,-1
3522,11714,0,3522,110,0,2,3302752256,0x3f3c499c,-1
3523,11715,0,3523,110,0,3,1155268608,0xbf1dab4a,-1
3524,11716,0,3524,110,0,4,1692139520,0xbe89b48c,-1
3525,11717,0,3525,110,0,5,3839623168,0x3f9fbe03,-1
3526,11718,0,3526,110,0,6,2765881344,0x3ebcfdad,-1
3527,11719,0,3527,110,0,7,618397696,0xbf88033e,-1
3528,11720,0,3528,110,0,8,886833152,0xbf51959a,-1
3529,11721,0,3529,110,0,9,3034316800,0x3f0b0af7,-1
3530,11722,0,3530,110,0,10,4108058624,0x3fdb0a09,-1
3531,11723,0,3531,110,0,11,1960574976,0xbddfd921,-1
3532,11724,0,3532,110,0,12,1423704064,0xbedf246d,-1
3533,11725,0,3533,110,0,13,3571187712,0x3f75c50b,-1
3534,11726,0,3534,110,0,14,2497445888,0x3e529f5f,-1
3535,11727,0,3535,110,0,15,349962240,0xbfb29502,-1
3536,11728,0,3536,110,1,0,484179968,0xbf9b26f8,-1
3537,11729,0,3537,110,1,1,2631663616,0x3e92a91f,-1
3538,11730,0,3538,110,1,2,3705405440,0x3f8bdcce,-1
3539,11731,0,3539,110,1,3,1557921792,0xbeb3cc05,-1
3540,11732,0,3540,110,1,4,2094792704,0xbcfbf4b3,-1
3541,11733,0,3541,110,1,5,4242276352,0x400fe988,-1
3542,11734,0,3542,110,1,6,3168534528,0x3f22e90f,-1
3543,11735,0,3543,110,1,7,1021050880,0xbf36af9f,-1
3544,11736,0,3544,110,1,8,752615424,0xbf6f064d,-1
3545,11737,0,3545,110,1,9,2900099072,0x3ee8a7ff,-1
3546,11738,0,3546,110,1,10,3973840896,0x3fb87852,-1
3547,11739,0,3547,110,1,11,1826357248,0xbe410d1e,-1
3548,11740,0,3548,110,1,12,1289486336,0xbf061367,-1
3549,11741,0,3549,110,1,13,3436969984,0x3f57aacd,-1
3550,11742,0,3550,110,1,14,2363228160,0x3e0146fc,-1
3551,11743,0,3551,110,1,15,215744512,0xbfd24103,-1
3552,11744,0,3552,111,0,0,148635648,0xbfe89427,-1
3553,11745,0,3553,111,0,1,2296119296,0x3db1e174,-1
3554,11746,0,3554,111,0,2,3369861120,0x3f49b059,-1
3555,11747,0,3555,111,0,3,1222377472,0xbf11b7b9,-1
3556,11748,0,3556,111,0,4,1759248384,0xbe6a0aa3,-1
3557,11749,0,3557,111,0,5,3906732032,0x3fab4ead,-1
3558,11750,0,3558,111,0,6,2832990208,0x3ed2a1cb,-1
3559,11751,0,3559,111,0,7,685506560,0xbf7efec0,-1
3560,11752,0,3560,111,0,8,953942016,0xbf43dd63,-1
3561,11753,0,3561,111,0,9,3101425664,0x3f16d00c,-1
3562,11754,0,3562,111,0,10,4175167488,0x3ff4d371,-1
3563,11755,0,3563,111,0,11,2027683840,0xbd8f4ed9,-1
3564,11756,0,3564,111,0,12,1490812928,0xbec94a0a,-1
3565,11757,0,3565,111,0,13,3638296576,0x3f8315d7,-1
3566,11758,0,3566,111,0,14,2564554752,0x3e7bc43d,-1
3567,11759,0,3567,111,0,15,417071104,0xbfa62bdf,-1
3568,11760,0,3568,111,1,0,282853376,0xbfc0f1c1,-1
3569,11761,0,3569,111,1,1,2430337024,0x3e29d0df,-1
3570,11762,0,3570,111,1,2,3504078848,0x3f6651fa,-1
3571,11763,0,3571,111,1,3,1356595200,0xbef568e7,-1
3572,11764,0,3572,111,1,4,1893466112,0xbe185e39,-1
3573,11765,0,3573,111,1,5,4040949760,0x3fc7efe0,-1
3574,11766,0,3574,111,1,6,2967207936,0x3eff1eaa,-1
3575,11767,0,3575,111,1,7,819724288,0xbf5fef25,-1
3576,11768,0,3576,111,1,8,551288832,0xbf912d37,-1
3577,11769,0,3577,111,1,9,2698772480,0x3ea7aeb5,-1
3578,11770,0,3578,111,1,10,3772514304,0x3f955a1c,-1
3579,11771,0,3579,111,1,11,1625030656,0xbe9e9df7,-1
3580,11772,0,3580,111,1,12,1088159744,0xbf29f97e,-1
3581,11773,0,3581,111,1,13,3235643392,0x3f2f6229,-1
3582,11774,0,3582,111,1,14,2161901568,0x3c09ddbe,-1
3583,11775,0,3583,111,1,15,14417920,0xc02d7c53,9
3584,11776,0,3584,112,0,0,10223616,0xc034a8a0,25
3585,11777,0,3585,112,0,1,2157707264,0x3bc384a7,-1
3586,11778,0,3586,112,0,2,3231449088,0x3f2e9785,-1
3587,11779,0,3587,112,0,3,1083965440,0xbf2ac1ae,-1
3588,11780,0,3588,112,0,4,1620836352,0xbe9feeb8,-1
3589,11781,0,3589,112,0,5,3768320000,0x3f94bc1c,-1
3590,11782,0,3590,112,0,6,2694578176,0x3ea65c53,-1
3591,11783,0,3591,112,0,7,547094528,0xbf91c63a,-1
3592,11784,0,3592,112,0,8,815529984,0xbf60dab5,-1
3593,11785,0,3593,112,0,9,2963013632,0x3efdb3a8,-1
3594,11786,0,3594,112,0,10,4036755456,0x3fc6e1f1,-1
3595,11787,0,3595,112,0,11,1889271808,0xbe1ae72f,-1
3596,11788,0,3596,112,0,12,1352400896,0xbef6d10b,-1
3597,11789,0,3597,112,0,13,3499884544,0x3f6561ea,-1
3598,11790,0,3598,112,0,14,2426142720,0x3e27466d,-1
3599,11791,0,3599,112,0,15,278659072,0xbfc1ed07,-1
3600,11792,0,3600,112,1,0,412876800,0xbfa6e6dd,-1
3601,11793,0,3601,112,1,1,2560360448,0x3e792f0e,-1
3602,11794,0,3602,112,1,2,3634102272,0x3f828e9d,-1
3603,11795,0,3603,112,1,3,1486618624,0xbecaa4d9,-1
3604,11796,0,3604,112,1,4,2023489536,0xbd945580,-1
3605,11797,0,3605,112,1,5,4170973184,0x3ff2e6ed,-1
3606,11798,0,3606,112,1,6,3097231360,0x3f161163,-1
3607,11799,0,3607,112,1,7,949747712,0xbf44b4a1,-1
3608,11800,0,3608,112,1,8,681312256,0xbf80035f,-1
3609,11801,0,3609,112,1,9,2828795904,0x3ed144cd,-1
3610,11802,0,3610,112,1,10,3902537728,0x3faa8b0a,-1
3611,11803,0,3611,112,1,11,1755054080,0xbe6c9d81,-1
3612,11804,0,3612,112,1,12,1218183168,0xbf127484,-1
3613,11805,0,3613,112,1,13,3365666816,0x3f48d5d5,-1
3614,11806,0,3614,112,1,14,2291924992,0x3dacd959,-1
3615,11807,0,3615,112,1,15,144441344,0xbfea3b13,-1
3616,11808,0,3616,113,0,0,211550208,0xbfd37890,-1
3617,11809,0,3617,113,0,1,2359033856,0x3dfd8082,-1
3618,11810,0,3618,113,0,2,3432775680,0x3f56c660,-1
3619,11811,0,3619,113,0,3,1285292032,0xbf06cb8b,-1
3620,11812,0,3620,113,0,4,1822162944,0xbe439a79,-1
3621,11813,0,3621,113,0,5,3969646592,0x3fb796d8,-1
3622,11814,0,3622,113,0,6,2895904768,0x3ee74478,-1
3623,11815,0,3623,113,0,7,748421120,0xbf6ffed0,-1
3624,11816,0,3624,113,0,8,1016856576,0xbf377ecd,-1
3625,11817,0,3625,113,0,9,3164340224,0x3f2224d1,-1
3626,11818,0,3626,113,0,10,4238082048,0x400e037c,-1
3627,11819,0,3627,113,0,11,2090598400,0xbd080273,-1
3628,11820,0,3628,113,0,12,1553727488,0xbeb5216e,-1
3629,11821,0,3629,113,0,13,3701211136,0x3f8b4b71,-1
3630,11822,0,3630,113,0,14,2627469312,0x3e915af5,-1
3631,11823,0,3631,113,0,15,479985664,0xbf9bceb5,-1
3632,11824,0,3632,113,1,0,345767936,0xbfb36a42,-1
3633,11825,0,3633,113,1,1,2493251584,0x3e501020,-1
3634,11826,0,3634,113,1,2,3566993408,0x3f74c72e,-1
3635,11827,0,3635,113,1,3,1419509760,0xbee08572,-1
3636,11828,0,3636,113,1,4,1956380672,0xbde4e463,-1
3637,11829,0,3637,113,1,5,4103864320,0x3fd9b24c,-1
3638,11830,0,3638,113,1,6,3030122496,0x3f0a5130,-1
3639,11831,0,3639,113,1,7,882638848,0xbf527636,-1
3640,11832,0,3640,113,1,8,614203392,0xbf8890a2,-1
3641,11833,0,3641,113,1,9,2761687040,0x3ebba65f,-1
3642,11834,0,3642,113,1,10,3835428864,0x3f9f0fd4,-1
3643,11835,0,3643,113,1,11,1687945216,0xbe8b0153,-1
3644,11836,0,3644,113,1,12,1151074304,0xbf1e6d65,-1
3645,11837,0,3645,113,1,13,3298557952,0x3f3b779b,-1
3646,11838,0,3646,113,1,14,2224816128,0x3d38ed38,-1
3647,11839,0,3647,113,1,15,77332480,0xc0063212,-1
3648,11840,0,3648,114,0,0,110886912,0xbff91bb6,-1
3649,11841,0,3649,114,0,1,2258370560,0x3d84a170,-1
3650,11842,0,3650,114,0,2,3332112384,0x3f4215c8,-1
3651,11843,0,3651,114,0,3,1184628736,0xbf18664a,-1
3652,11844,0,3652,114,0,4,1721499648,0xbe80a150,-1
3653,11845,0,3653,114,0,5,3868983296,0x3fa4a30c,-1
3654,11846,0,3654,114,0,6,2795241472,0x3ec66a44,-1
3655,11847,0,3655,114,0,7,647757824,0xbf84371d,-1
3656,11848,0,3656,114,0,8,916193280,0xbf4b829d,-1
3657,11849,0,3657,114,0,9,3063676928,0x3f102791,-1
3658,11850,0,3658,114,0,10,4137418752,0x3fe53101,-1
3659,11851,0,3659,114,0,11,1989935104,0xbdbc939b,-1
3660,11852,0,3660,114,0,12,1453064192,0xbed588ab,-1
3661,11853,0,3661,114,0,13,3600547840,0x3f7cd142,-1
3662,11854,0,3662,114,0,14,2526806016,0x3e6493cb,-1
3663,11855,0,3663,114,0,15,379322368,0xbfacf3ad,-1
3664,11856,0,3664,114,1,0,513540096,0xbf96acd8,-1
3665,11857,0,3665,114,1,1,2661023744,0x3e9bd33f,-1
3666,11858,0,3666,114,1,2,3734765568,0x3f8feaba,-1
3667,11859,0,3667,114,1,3,1587281920,0xbeaa7eb9,-1
3668,11860,0,3668,114,1,4,2124152832,0xbc5f18c8,-1
3669,11861,0,3669,114,1,5,4271636480,0x4023029f,-1
3670,11862,0,3670,114,1,6,3197894656,0x3f28516f,-1
3671,11863,0,3671,114,1,7,1050411008,0xbf311235,-1
3672,11864,0,3672,114,1,8,781975552,0xbf6852c0,-1
3673,11865,0,3673,114,1,9,2929459200,0x3ef26d2b,-1
3674,11866,0,3674,114,1,10,4003201024,0x3fbee53a,-1
3675,11867,0,3675,114,1,11,1855717376,0xbe2f37f8,-1
3676,11868,0,3676,114,1,12,1318846464,0xbf0111dc,-1
3677,11869,0,3677,114,1,13,3466330112,0x3f5dfd03,-1
3678,11870,0,3678,114,1,14,2392588288,0x3e12fbf9,-1
3679,11871,0,3679,114,1,15,245104640,0xbfca394f,-1
3680,11872,0,3680,115,0,0,177995776,0xbfddf9b0,-1
3681,11873,0,3681,115,0,1,2325479424,0x3dd52259,-1
3682,11874,0,3682,115,0,2,3399221248,0x3f4fba64,-1
3683,11875,0,3683,115,0,3,1251737600,0xbf0c96b2,-1
3684,11876,0,3684,115,0,4,1788608512,0xbe5810e6,-1
3685,11877,0,3685,115,0,5,3936092160,0x3fb0d62b,-1
3686,11878,0,3686,115,0,6,2862350336,0x3edc37a0,-1
3687,11879,0,3687,115,0,7,714866688,0xbf77e3ab,-1
3688,11880,0,3688,115,0,8,983302144,0xbf3e0985,-1
3689,11881,0,3689,115,0,9,3130785792,0x3f1c0ffd,-1
3690,11882,0,3690,115,0,10,4204527616,0x400212ab,-1
3691,11883,0,3691,115,0,11,2057043968,0xbd584c13,-1
3692,11884,0,3692,115,0,12,1520173056,0xbebfd84d,-1
3693,11885,0,3693,115,0,13,3667656704,0x3f86d8eb,-1
3694,11886,0,3694,115,0,14,2593914880,0x3e86f224,-1
3695,11887,0,3695,115,0,15,446431232,0xbfa13408,-1
3696,11888,0,3696,115,1,0,312213504,0xbfba5f06,-1
3697,11889,0,3697,115,1,1,2459697152,0x3e3ba1bf,-1
3698,11890,0,3698,115,1,2,3533438976,0x3f6cf91e,-1
3699,11891,0,3699,115,1,3,1385955328,0xbeeb9cf2,-1
3700,11892,0,3700,115,1,4,1922826240,0xbe06a5f6,-1
3701,11893,0,3701,115,1,5,4070309888,0x3fcfbaa8,-1
3702,11894,0,3702,115,1,6,2996568064,0x3f048cff,-1
3703,11895,0,3703,115,1,7,849084416,0xbf599273,-1
3704,11896,0,3704,115,1,8,580648960,0xbf8d140f,-1
3705,11897,0,3705,115,1,9,2728132608,0x3eb0f78e,-1
3706,11898,0,3706,115,1,10,3801874432,0x3f99c5f0,-1
3707,11899,0,3707,115,1,11,1654390784,0xbe957008,-1
3708,11900,0,3708,115,1,12,1117519872,0xbf248b53,-1
3709,11901,0,3709,115,1,13,3265003520,0x3f34f8ea,-1
3710,11902,0,3710,115,1,14,2191261696,0x3cd15384,-1
3711,11903,0,3711,115,1,15,43778048,0xc0146d4e,-1
3712,11904,0,3712,116,0,0,60555264,0xc00c72f9,-1
3713,11905,0,3713,116,0,1,2208038912,0x3d10c9b6,-1
3714,11906,0,3714,116,0,2,3281780736,0x3f383477,-1
3715,11907,0,3715,116,0,3,1134297088,0xbf217969,-1
3716,11908,0,3716,116,0,4,1671168000,0xbe9036c3,-1
3717,11909,0,3717,116,0,5,3818651648,0x3f9c6257,-1
3718,11910,0,3718,116,0,6,2744909824,0x3eb64c6d,-1
3719,11911,0,3719,116,0,7,597426176,0xbf8accd3,-1
3720,11912,0,3720,116,0,8,865861632,0xbf55ff0c,-1
3721,11913,0,3721,116,0,9,3013345280,0x3f076ce5,-1
3722,11914,0,3722,116,0,10,4087087104,0x3fd48d3f,-1
3723,11915,0,3723,116,0,11,1939603456,0xbdf9150d,-1
3724,11916,0,3724,116,0,12,1402732544,0xbee60dbe,-1
3725,11917,0,3725,116,0,13,3550216192,0x3f70d8fc,-1
3726,11918,0,3726,116,0,14,2476474368,0x3e45d66a,-1
3727,11919,0,3727,116,0,15,328990720,0xbfb6d35d,-1
3728,11920,0,3728,116,1,0,463208448,0xbf9e785c,-1
3729,11921,0,3729,116,1,1,2610692096,0x3e8c24b2,-1
3730,11922,0,3730,116,1,2,3684433920,0x3f890ce3,-1
3731,11923,0,3731,116,1,3,1536950272,0xbeba7a41,-1
3732,11924,0,3732,116,1,4,2073821184,0xbd302519,-1
3733,11925,0,3733,116,1,5,4221304832,0x400774d7,-1
3734,11926,0,3734,116,1,6,3147563008,0x3f1f1787,-1
3735,11927,0,3735,116,1,7,1000079360,0xbf3ac042,-1
3736,11928,0,3736,116,1,8,731643904,0xbf73e9d1,-1
3737,11929,0,3737,116,1,9,2879127552,0x3ee1baaf,-1
3738,11930,0,3738,116,1,10,3952869376,0x3fb42677,-1
3739,11931,0,3739,116,1,11,1805385728,0xbe4dd30e,-1
3740,11932,0,3740,116,1,12,1268514816,0xbf09aedd,-1
3741,11933,0,3741,116,1,13,3415998464,0x3f533b43,-1
3742,11934,0,3742,116,1,14,2342256640,0x3de94e87,-1
3743,11935,0,3743,116,1,15,194772992,0xbfd88a7a,-1
3744,11936,0,3744,117,0,0,261881856,0xbfc5f88d,-1
3745,11937,0,3745,117,0,1,2409365504,0x3e1d1f39,-1
3746,11938,0,3746,117,0,2,3483107328,0x3f61a970,-1
3747,11939,0,3747,117,0,3,1335623680,0xbefc766f,-1
3748,11940,0,3748,117,0,4,1872494592,0xbe250d80,-1
3749,11941,0,3749,117,0,5,4019978240,0x3fc2cb51,-1
3750,11942,0,3750,117,0,6,2946236416,0x3ef80c90,-1
3751,11943,0,3751,117,0,7,798752768,0xbf649081,-1
3752,11944,0,3752,117,0,8,1067188224,0xbf2de68f,-1
3753,11945,0,3753,117,0,9,3214671872,0x3f2b712e,-1
3754,11946,0,3754,117,0,10,4288413696,0x403d9934,37
3755,11947,0,3755,117,0,11,2140930048,0xbb7aa9d6,-1
3756,11948,0,3756,117,0,12,1604059136,0xbea53479,-1
3757,11949,0,3757,117,0,13,3751542784,0x3f924cc9,-1
3758,11950,0,3758,117,0,14,2677800960,0x3ea1159a,-1
3759,11951,0,3759,117,0,15,530317312,0xbf943295,-1
3760,11952,0,3760,117,1,0,396099584,0xbfa9e120,-1
3761,11953,0,3761,117,1,1,2543583232,0x3e6ede54,-1
3762,11954,0,3762,117,1,2,3617325056,0x3f80774e,-1
3763,11955,0,3763,117,1,3,1469841408,0xbed013bf,-1
3764,11956,0,3764,117,1,4,2006712320,0xbda87279,-1
3765,11957,0,3765,117,1,5,4154195968,0x3febb581,-1
3766,11958,0,3766,117,1,6,3080454144,0x3f1319f7,-1
3767,11959,0,3767,117,1,7,932970496,0xbf481719,-1
3768,11960,0,3768,117,1,8,664535040,0xbf8218c1,-1
3769,11961,0,3769,117,1,9,2812018688,0x3ecbd49a,-1
3770,11962,0,3770,117,1,10,3885760512,0x3fa78ba1,-1
3771,11963,0,3771,117,1,11,1738276864,0xbe76ecda,-1
3772,11964,0,3772,117,1,12,1201405952,0xbf156ad3,-1
3773,11965,0,3773,117,1,13,3348889600,0x3f45716a,-1
3774,11966,0,3774,117,1,14,2275147776,0x3d98bb82,-1
3775,11967,0,3775,117,1,15,127664128,0xbff14337,-1
3776,11968,0,3776,118,0,0,94109696,0xc0010280,-1
3777,11969,0,3777,118,0,1,2241593344,0x3d611547,-1
3778,11970,0,3778,118,0,2,3315335168,0x3f3ec29e,-1
3779,11971,0,3779,118,0,3,1167851520,0xbf1b6716,-1
3780,11972,0,3780,118,0,4,1704722432,0xbe85cf8f,-1
3781,11973,0,3781,118,0,5,3852206080,0x3fa1cf9e,-1
3782,11974,0,3782,118,0,6,2778464256,0x3ec10597,-1
3783,11975,0,3783,118,0,7,630980608,0xbf865ee8,-1
3784,11976,0,3784,118,0,8,899416064,0xbf4ef787,-1
3785,11977,0,3785,118,0,9,3046899712,0x3f0d3a07,-1
3786,11978,0,3786,118,0,10,4120641536,0x3fdf3812,-1
3787,11979,0,3787,118,0,11,1973157888,0xbdd0b968,-1
3788,11980,0,3788,118,0,12,1436286976,0xbedb03d5,-1
3789,11981,0,3789,118,0,13,3583770624,0x3f78c45e,-1
3790,11982,0,3790,118,0,14,2510028800,0x3e5a4f28,-1
3791,11983,0,3791,118,0,15,362545152,0xbfb02099,-1
3792,11984,0,3792,118,1,0,496762880,0xbf9935e5,-1
3793,11985,0,3793,118,1,1,2644246528,0x3e969516,-1
3794,11986,0,3794,118,1,2,3717988352,0x3f8d952d,-1
3795,11987,0,3795,118,1,3,1570504704,0xbeafcda6,-1
3796,11988,0,3796,118,1,4,2107375616,0xbcbfc64b,-1
3797,11989,0,3797,118,1,5,4254859264,0x401685de,-1
3798,11990,0,3798,118,1,6,3181117440,0x3f25380d,-1
3799,11991,0,3799,118,1,7,1033633792,0xbf3444df,-1
3800,11992,0,3800,118,1,8,765198336,0xbf6c21ff,-1
3801,11993,0,3801,118,1,9,2912681984,0x3eecd538,-1
3802,11994,0,3802,118,1,10,3986423808,0x3fbb2a86,-1
3803,11995,0,3803,118,1,11,1838940160,0xbe3966df,-1
3804,11996,0,3804,118,1,12,1302069248,0xbf03ec97,-1
3805,11997,0,3805,118,1,13,3449552896,0x3f5a5c25,-1
3806,11998,0,3806,118,1,14,2375811072,0x3e08dc67,-1
3807,11999,0,3807,118,1,15,228327424,0xbfceb66c,-1
3808,12000,0,3808,119,0,0,161218560,0xbfe3d796,-1
3809,12001,0,3809,119,0,1,2308702208,0x3dc0fb75,-1
3810,12002,0,3810,119,0,2,3382444032,0x3f4c4360,-1
3811,12003,0,3811,119,0,3,1234960384,0xbf0f8332,-1
3812,12004,0,3812,119,0,4,1771831296,0xbe625449,-1
3813,12005,0,3813,119,0,5,3919314944,0x3fada32c,-1
3814,12006,0,3814,119,0,6,2845573120,0x3ed6bb12,-1
3815,12007,0,3815,119,0,7,698089472,0xbf7bed0f,-1
3816,12008,0,3816,119,0,8,966524928,0xbf415ae1,-1
3817,12009,0,3817,119,0,9,3114008576,0x3f190e00,-1
3818,12010,0,3818,119,0,10,4187750400,0x3ffaf4a5,-1
3819,12011,0,3819,119,0,11,2040266752,0xbd803c30,-1
3820,12012,0,3820,119,0,12,1503395840,0xbec53bc4,-1
3821,12013,0,3821,119,0,13,3650879488,0x3f84aeff,-1
3822,12014,0,3822,119,0,14,2577137664,0x3e81c323,-1
3823,12015,0,3823,119,0,15,429654016,0xbfa4030b,-1
3824,12016,0,3824,119,1,0,295436288,0xbfbe10d7,-1
3825,12017,0,3825,119,1,1,2442919936,0x3e3171d8,-1
3826,12018,0,3826,119,1,2,3516661760,0x3f6926f5,-1
3827,12019,0,3827,119,1,3,1369178112,0xbef1334d,-1
3828,12020,0,3828,119,1,4,1906049024,0xbe10c4c3,-1
3829,12021,0,3829,119,1,5,4053532672,0x3fcb2f3f,-1
3830,12022,0,3830,119,1,6,2979790848,0x3f01b15b,-1
3831,12023,0,3831,119,1,7,832307200,0xbf5d30da,-1
3832,12024,0,3832,119,1,8,563871744,0xbf8f66f8,-1
3833,12025,0,3833,119,1,9,2711355392,0x3eaba795,-1
3834,12026,0,3834,119,1,10,3785097216,0x3f973987,-1
3835,12027,0,3835,119,1,11,1637613568,0xbe9aad4c,-1
3836,12028,0,3836,119,1,12,1100742656,0xbf27a358,-1
3837,12029,0,3837,119,1,13,3248226304,0x3f31c4af,-1
3838,12030,0,3838,119,1,14,2174484480,0x3c8118c1,-1
3839,12031,0,3839,119,1,15,27000832,0xc01fb876,-1
3840,12032,0,3840,120,0,0,18612224,0xc027fea7,-1
3841,12033,0,3841,120,0,1,2166095872,0x3c31f95f,-1
3842,12034,0,3842,120,0,2,3239837696,0x3f302d3c,-1
3843,12035,0,3843,120,0,3,1092354048,0xbf2931b5,-1
3844,12036,0,3844,120,0,4,1629224960,0xbe9d4d7a,-1
3845,12037,0,3845,120,0,5,3776708608,0x3f95f901,-1
3846,12038,0,3846,120,0,6,2702966784,0x3ea90160,-1
3847,12039,0,3847,120,0,7,555483136,0xbf909502,-1
3848,12040,0,3848,120,0,8,823918592,0xbf5f0451,-1
3849,12041,0,3849,120,0,9,2971402240,0x3f004516,-1
3850,12042,0,3850,120,0,10,4045144064,0x3fc90154,-1
3851,12043,0,3851,120,0,11,1897660416,0xbe15d581,-1
3852,12044,0,3852,120,0,12,1360789504,0xbef4013c,-1
3853,12045,0,3853,120,0,13,3508273152,0x3f6742d4,-1
3854,12046,0,3854,120,0,14,2434531328,0x3e2c5b97,-1
3855,12047,0,3855,120,0,15,287047680,0xbfbff959,-1
3856,12048,0,3856,120,1,0,421265408,0xbfa57241,-1
3857,12049,0,3857,120,1,1,2568749056,0x3e7e59d5,-1
3858,12050,0,3858,120,1,2,3642490880,0x3f839da5,-1
3859,12051,0,3859,120,1,3,1495007232,0xbec7ef97,-1
3860,12052,0,3860,120,1,4,2031878144,0xbd8a486b,-1
3861,12053,0,3861,120,1,5,4179361792,0x3ff6ce88,-1
3862,12054,0,3862,120,1,6,3105619968,0x3f178f08,-1
3863,12055,0,3863,120,1,7,958136320,0xbf4306af,-1
3864,12056,0,3864,120,1,8,689700864,0xbf7df7d0,-1
3865,12057,0,3865,120,1,9,2837184512,0x3ed3ff2a,-1
3866,12058,0,3866,120,1,10,3910926336,0x3fac13e3,-1
3867,12059,0,3867,120,1,11,1763442688,0xbe677826,-1
3868,12060,0,3868,120,1,12,1226571776,0xbf10fb3e,-1
3869,12061,0,3869,120,1,13,3374055424,0x3f4a8b71,-1
3870,12062,0,3870,120,1,14,2300313600,0x3db6e9d6,-1
3871,12063,0,3871,120,1,15,152829952,0xbfe6f6ec,-1
3872,12064,0,3872,121,0,0,219938816,0xbfd10e3f,-1
3873,12065,0,3873,121,0,1,2367422464,0x3e03cdeb,-1
3874,12066,0,3874,121,0,2,3441164288,0x3f588fe7,-1
3875,12067,0,3875,121,0,3,1293680640,0xbf055b88,-1
3876,12068,0,3876,121,0,4,1830551552,0xbe3e8011,-1
3877,12069,0,3877,121,0,5,3978035200,0x3fb95c0e,-1
3878,12070,0,3878,121,0,6,2904293376,0x3eea0bf5,-1
3879,12071,0,3879,121,0,7,756809728,0xbf6e0eab,-1
3880,12072,0,3880,121,0,8,1025245184,0xbf35e0e9,-1
3881,12073,0,3881,121,0,9,3172728832,0x3f23adad,-1
3882,12074,0,3882,121,0,10,4246470656,0x4011f257,-1
3883,12075,0,3883,121,0,11,2098987008,0xbce7e4e2,-1
3884,12076,0,3884,121,0,12,1562116096,0xbeb276ec,-1
3885,12077,0,3885,121,0,13,3709599744,0x3f8c6edf,-1
3886,12078,0,3886,121,0,14,2635857920,0x3e93f787,-1
3887,12079,0,3887,121,0,15,488374272,0xbf9a8044,-1
3888,12080,0,3888,121,1,0,354156544,0xbfb1c1ad,-1
3889,12081,0,3889,121,1,1,2501640192,0x3e552ef5,-1
3890,12082,0,3890,121,1,2,3575382016,0x3f76c3db,-1
3891,12083,0,3891,121,1,3,1427898368,0xbeddc3d1,-1
3892,12084,0,3892,121,1,4,1964769280,0xbddace38,-1
3893,12085,0,3893,121,1,5,4112252928,0x3fdc680e,-1
3894,12086,0,3894,121,1,6,3038511104,0x3f0bc507,-1
3895,12087,0,3895,121,1,7,891027456,0xbf50b5a0,-1
3896,12088,0,3896,121,1,8,622592000,0xbf87767f,-1
3897,12089,0,3897,121,1,9,2770075648,0x3ebe554f,-1
3898,12090,0,3898,121,1,10,3843817472,0x3fa06d5b,-1
3899,12091,0,3899,121,1,11,1696333824,0xbe8867fe,-1
3900,12092,0,3900,121,1,12,1159462912,0xbf1ce98a,-1
3901,12093,0,3901,121,1,13,3306946560,0x3f3d1c1c,-1
3902,12094,0,3902,121,1,14,2233204736,0x3d4d009e,-1
3903,12095,0,3903,121,1,15,85721088,0xc0037eae,-1
3904,12096,0,3904,122,0,0,119275520,0xbff51202,-1
3905,12097,0,3905,122,0,1,2266759168,0x3d8eae09,-1
3906,12098,0,3906,122,0,2,3340500992,0x3f43c285,-1
3907,12099,0,3907,122,0,3,1193017344,0xbf16e7e7,-1
3908,12100,0,3908,122,0,4,1729888256,0xbe7c16eb,-1
3909,12101,0,3909,122,0,5,3877371904,0x3fa61498,-1
3910,12102,0,3910,122,0,6,2803630080,0x3ec91eb7,-1
3911,12103,0,3911,122,0,7,656146432,0xbf8326c9,-1
3912,12104,0,3912,122,0,8,924581888,0xbf49cbb4,-1
3913,12105,0,3913,122,0,9,3072065536,0x3f11a026,-1
3914,12106,0,3914,122,0,10,4145807360,0x3fe85ffa,-1
3915,12107,0,3915,122,0,11,1998323712,0xbdb2827d,-1
3916,12108,0,3916,122,0,12,1461452800,0xbed2cd71,-1
3917,12109,0,3917,122,0,13,3608936448,0x3f7eddd3,-1
3918,12110,0,3918,122,0,14,2535194624,0x3e69b84e,-1
3919,12111,0,3919,122,0,15,387710976,0xbfab673d,-1
3920,12112,0,3920,122,1,0,521928704,0xbf956dec,-1
3921,12113,0,3921,122,1,1,2669412352,0x3e9e73e4,-1
3922,12114,0,3922,122,1,2,3743154176,0x3f911a25,-1
3923,12115,0,3923,122,1,3,1595670528,0xbea7d906,-1
3924,12116,0,3924,122,1,4,2132541440,0xbc0ee12f,-1
3925,12117,0,3925,122,1,5,4280025088,0x402cb9ea,5
3926,12118,0,3926,122,1,6,3206283264,0x3f29e07f,-1
3927,12119,0,3927,122,1,7,1058799616,0xbf2f7b86,-1
3928,12120,0,3928,122,1,8,790364160,0xbf66700a,-1
3929,12121,0,3929,122,1,9,2937847808,0x3ef53beb,-1
3930,12122,0,3930,122,1,10,4011589632,0x3fc0d28c,-1
3931,12123,0,3931,122,1,11,1864105984,0xbe2a2233,-1
3932,12124,0,3932,122,1,12,1327235072,0xbeff4c13,-1
3933,12125,0,3933,122,1,13,3474718720,0x3f5fd1c0,-1
3934,12126,0,3934,122,1,14,2400976896,0x3e180d1f,-1
3935,12127,0,3935,122,1,15,253493248,0xbfc811dc,-1
3936,12128,0,3936,123,0,0,186384384,0xbfdb3570,-1
3937,12129,0,3937,123,0,1,2333868032,0x3ddf37bf,-1
3938,12130,0,3938,123,0,2,3407609856,0x3f517992,-1
3939,12131,0,3939,123,0,3,1260126208,0xbf0b2235,-1
3940,12132,0,3940,123,0,4,1796997120,0xbe52f14d,-1
3941,12133,0,3941,123,0,5,3944480768,0x3fb27a7d,-1
3942,12134,0,3942,123,0,6,2870738944,0x3edef854,-1
3943,12135,0,3943,123,0,7,723255296,0xbf75e4d8,-1
3944,12136,0,3944,123,0,8,991690752,0xbf3c63e5,-1
3945,12137,0,3945,123,0,9,3139174400,0x3f1d930d,-1
3946,12138,0,3946,123,0,10,4212916224,0x4004a5bf,-1
3947,12139,0,3947,123,0,11,2065432576,0xbd4437fc,-1
3948,12140,0,3948,123,0,12,1528561664,0xbebd289c,-1
3949,12141,0,3949,123,0,13,3676045312,0x3f87f19d,-1
3950,12142,0,3950,123,0,14,2602303488,0x3e898af7,-1
3951,12143,0,3951,123,0,15,454819840,0xbf9fd3dd,-1
3952,12144,0,3952,123,1,0,320602112,0xbfb894a9,-1
3953,12145,0,3953,123,1,1,2468085760,0x3e40bb78,-1
3954,12146,0,3954,123,1,2,3541827584,0x3f6ee74d,-1
3955,12147,0,3955,123,1,3,1394343936,0xbee8d477,-1
3956,12148,0,3956,123,1,4,1931214848,0xbe0197d7,-1
3957,12149,0,3957,123,1,5,4078698496,0x3fd21a68,-1
3958,12150,0,3958,123,1,6,3004956672,0x3f05fc67,-1
3959,12151,0,3959,123,1,7,857473024,0xbf57c767,-1
3960,12152,0,3960,123,1,8,589037568,0xbf8bef06,-1
3961,12153,0,3961,123,1,9,2736521216,0x3eb3a15e,-1
3962,12154,0,3962,123,1,10,3810263040,0x3f9b1213,-1
3963,12155,0,3963,123,1,11,1662779392,0xbe92d2e9,-1
3964,12156,0,3964,123,1,12,1125908480,0xbf23019e,-1
3965,12157,0,3965,123,1,13,3273392128,0x3f3695c2,-1
3966,12158,0,3966,123,1,14,2199650304,0x3cf972b4,-1
3967,12159,0,3967,123,1,15,52166656,0xc010289f,-1
3968,12160,0,3968,124,0,0,35389440,0xc0197aca,-1
3969,12161,0,3969,124,0,1,2182873088,0x3ca9359e,-1
3970,12162,0,3970,124,0,2,3256614912,0x3f335de6,-1
3971,12163,0,3971,124,0,3,1109131264,0xbf26168f,-1
3972,12164,0,3972,124,0,4,1646002176,0xbe980e28,-1
3973,12165,0,3973,124,0,5,3793485824,0x3f987dcc,-1
3974,12166,0,3974,124,0,6,2719744000,0x3eae4ef8,-1
3975,12167,0,3975,124,0,7,572260352,0xbf8e3c03,-1
3976,12168,0,3976,124,0,8,840695808,0xbf5b6040,-1
3977,12169,0,3977,124,0,9,2988179456,0x3f031ea7,-1
3978,12170,0,3978,124,0,10,4061921280,0x3fcd6caa,-1
3979,12171,0,3979,124,0,11,1914437632,0xbe0bb4ed,-1
3980,12172,0,3980,124,0,12,1377566720,0xbeee6737,-1
3981,12173,0,3981,124,0,13,3525050368,0x3f6b0e5d,-1
3982,12174,0,3982,124,0,14,2451308544,0x3e368937,-1
3983,12175,0,3983,124,0,15,303824896,0xbfbc32ea,-1
3984,12176,0,3984,124,1,0,438042624,0xbfa29909,-1
3985,12177,0,3985,124,1,1,2585526272,0x3e845a34,-1
3986,12178,0,3986,124,1,2,3659268096,0x3f85c2bc,-1
3987,12179,0,3987,124,1,3,1511784448,0xbec28958,-1
3988,12180,0,3988,124,1,4,2048655360,0xbd6c6180,-1
3989,12181,0,3989,124,1,5,4196139008,0x3fff62e2,-1
3990,12182,0,3990,124,1,6,3122397184,0x3f1a8e50,-1
3991,12183,0,3991,124,1,7,974913536,0xbf3fb12b,-1
3992,12184,0,3992,124,1,8,706478080,0xbf79e660,-1
3993,12185,0,3993,124,1,9,2853961728,0x3ed9788c,-1
3994,12186,0,3994,124,1,10,3927703552,0x3faf392b,-1
3995,12187,0,3995,124,1,11,1780219904,0xbe5d31e1,-1
3996,12188,0,3996,124,1,12,1243348992,0xbf0e0c5a,-1
3997,12189,0,3997,124,1,13,3390832640,0x3f4dfdad,-1
3998,12190,0,3998,124,1,14,2317090816,0x3dcb0e46,-1
3999,12191,0,3999,124,1,15,169607168,0xbfe0d986,-1
4000,12192,0,4000,125,0,0,236716032,0xbfcc6fd2,-1
4001,12193,0,4001,125,0,1,2384199680,0x3e0debbe,-1
4002,12194,0,4002,125,0,2,3457941504,0x3f5c2b2a,-1
4003,12195,0,4003,125,0,3,1310457856,0xbf027eb5,-1
4004,12196,0,4004,125,0,4,1847328768,0xbe344eda,-1
4005,12197,0,4005,125,0,5,3994812416,0x3fbd02be,-1
4006,12198,0,4006,125,0,6,2921070592,0x3eefa047,-1
4007,12199,0,4007,125,0,7,773586944,0xbf6a38b7,-1
4008,12200,0,4008,125,0,8,1042022400,0xbf32aaa6,-1
4009,12201,0,4009,125,0,9,3189506048,0x3f26c3f5,-1
4010,12202,0,4010,125,0,10,4263247872,0x401c077f,-1
4011,12203,0,4011,125,0,11,2115764224,0xbc97a8e0,-1
4012,12204,0,4012,125,0,12,1578893312,0xbead2597,-1
4013,12205,0,4013,125,0,13,3726376960,0x3f8ebe6e,-1
4014,12206,0,4014,125,0,14,2652635136,0x3e9933a7,-1
4015,12207,0,4015,125,0,15,505151488,0xbf97ef76,-1
4016,12208,0,4016,125,1,0,370933760,0xbfae86b3,-1
4017,12209,0,4017,125,1,1,2518417408,0x3e5f70c1,-1
4018,12210,0,4018,125,1,2,3592159232,0x3f7ac8ce,-1
4019,12211,0,4019,125,1,3,1444675584,0xbed84575,-1
4020,12212,0,4020,125,1,4,1981546496,0xbdc6a5e4,-1
4021,12213,0,4021,125,1,5,4129030144,0x3fe224c9,-1
4022,12214,0,4022,125,1,6,3055288320,0x3f0eb033,-1
4023,12215,0,4023,125,1,7,907804672,0xbf4d3be0,-1
4024,12216,0,4024,125,1,8,639369216,0xbf8549cd,-1
4025,12217,0,4025,125,1,9,2786852864,0x3ec3b73b,-1
4026,12218,0,4026,125,1,10,3860594688,0x3fa336c9,-1
4027,12219,0,4027,125,1,11,1713111040,0xbe833802,-1
4028,12220,0,4028,125,1,12,1176240128,0xbf19e602,-1
4029,12221,0,4029,125,1,13,3323723776,0x3f406b29,-1
4030,12222,0,4030,125,1,14,2249981952,0x3d752b53,-1
4031,12223,0,4031,125,1,15,102498304,0xbffd6912,-1
4032,12224,0,4032,126,0,0,68943872,0xc00928ab,-1
4033,12225,0,4033,126,0,1,2216427520,0x3d24daf5,-1
4034,12226,0,4034,126,0,2,3290169344,0x3f39d512,-1
4035,12227,0,4035,126,0,3,1142685696,0xbf1ff2ad,-1
4036,12228,0,4036,126,0,4,1679556608,0xbe8d9b93,-1
4037,12229,0,4037,126,0,5,3827040256,0x3f9db6e0,-1
4038,12230,0,4038,126,0,6,2753298432,0x3eb8f8c0,-1
4039,12231,0,4039,126,0,7,605814784,0xbf89ad63,-1
4040,12232,0,4040,126,0,8,874250240,0xbf543956,-1
4041,12233,0,4041,126,0,9,3021733888,0x3f08de7b,-1
4042,12234,0,4042,126,0,10,4095475712,0x3fd714a7,-1
4043,12235,0,4043,126,0,11,1947992064,0xbdeefbfa,-1
4044,12236,0,4044,126,0,12,1411121152,0xbee348bf,-1
4045,12237,0,4045,126,0,13,3558604800,0x3f72ce40,-1
4046,12238,0,4046,126,0,14,2484862976,0x3e4af29f,-1
4047,12239,0,4047,126,0,15,337379328,0xbfb51ab3,-1
4048,12240,0,4048,126,1,0,471597056,0xbf9d215b,-1
4049,12241,0,4049,126,1,1,2619080704,0x3e8ebf5a,-1
4050,12242,0,4050,126,1,2,3692822528,0x3f8a2ace,-1
4051,12243,0,4051,126,1,3,1545338880,0xbeb7cd33,-1
4052,12244,0,4052,126,1,4,2082209792,0xbd1c134b,-1
4053,12245,0,4053,126,1,5,4229693440,0x400a8db0,-1
4054,12246,0,4054,126,1,6,3155951616,0x3f209d71,-1
4055,12247,0,4055,126,1,7,1008467968,0xbf391e92,-1
4056,12248,0,4056,126,1,8,740032512,0xbf71f280,-1
4057,12249,0,4057,126,1,9,2887516160,0x3ee47eb8,-1
4058,12250,0,4058,126,1,10,3961257984,0x3fb5da74,-1
4059,12251,0,4059,126,1,11,1813774336,0xbe48b620,-1
4060,12252,0,4060,126,1,12,1276903424,0xbf083ca6,-1
4061,12253,0,4061,126,1,13,3424387072,0x3f54ff83,-1
4062,12254,0,4062,126,1,14,2350645248,0x3df366c3,-1
4063,12255,0,4063,126,1,15,203161600,0xbfd5f6c7,-1
4064,12256,0,4064,127,0,0,136052736,0xbfeda832,-1
4065,12257,0,4065,127,0,1,2283536384,0x3da2c9ed,-1
4066,12258,0,4066,127,0,2,3357278208,0x3f472281,-1
4067,12259,0,4067,127,0,3,1209794560,0xbf13ef09,-1
4068,12260,0,4068,127,0,4,1746665472,0xbe71c465,-1
4069,12261,0,4069,127,0,5,3894149120,0x3fa9085e,-1
4070,12262,0,4070,127,0,6,2820407296,0x3ece8bf5,-1
4071,12263,0,4071,127,0,7,672923648,0xbf810cf8,-1
4072,12264,0,4072,127,0,8,941359104,0xbf4664c1,-1
4073,12265,0,4073,127,0,9,3088842752,0x3f149509,-1
4074,12266,0,4074,127,0,10,4162584576,0x3fef360c,-1
4075,12267,0,4075,127,0,11,2015100928,0xbd9e637f,-1
4076,12268,0,4076,127,0,12,1478230016,0xbecd5b8e,-1
4077,12269,0,4077,127,0,13,3625713664,0x3f8181da,-1
4078,12270,0,4078,127,0,14,2551971840,0x3e7405e6,-1
4079,12271,0,4079,127,0,15,404488192,0xbfa86114,-1
4080,12272,0,4080,127,1,0,270270464,0xbfc3ec87,-1
4081,12273,0,4081,127,1,1,2417754112,0x3e223250,-1
4082,12274,0,4082,127,1,2,3491495936,0x3f638423,-1
4083,12275,0,4083,127,1,3,1344012288,0xbef9a2c4,-1
4084,12276,0,4084,127,1,4,1880883200,0xbe1ff9d7,-1
4085,12277,0,4085,127,1,5,4028366848,0x3fc4d034,-1
4086,12278,0,4086,127,1,6,2954625024,0x3efadf21,-1
4087,12279,0,4087,127,1,7,807141376,0xbf62b415,-1
4088,12280,0,4088,127,1,8,538705920,0xbf92fab8,-1
4089,12281,0,4089,127,1,9,2686189568,0x3ea3b868,-1
4090,12282,0,4090,127,1,10,3759931392,0x3f9382bd,-1
4091,12283,0,4091,127,1,11,1612447744,0xbea2910b,-1
4092,12284,0,4092,127,1,12,1075576832,0xbf2c534a,-1
4093,12285,0,4093,127,1,13,3223060480,0x3f2d0383,-1
4094,12286,0,4094,127,1,14,2149318656,0x3a8c5f0a,-1
4095,12287,0,4095,127,1,15,1835008,0xc05568a5,57
4096,12288,1,0,128,0,0,1310720,0xc05b5383,58
4097,12289,1,1,128,0,1,2148794368,0x3a4887c6,-1
4098,12290,1,2,128,0,2,3222536192,0x3f2cea51,-1
4099,12291,1,3,128,0,3,1075052544,0xbf2c6c71,-1
4100,12292,1,4,128,0,4,1611923456,0xbea2bb3a,-1
4101,12293,1,5,128,0,5,3759407104,0x3f936f45,-1
4102,12294,1,6,128,0,6,2685665280,0x3ea38e33,-1
4103,12295,1,7,128,0,7,538181632,0xbf930e1d,-1
4104,12296,1,8,128,0,8,806617088,0xbf62d1c5,-1
4105,12297,1,9,128,0,9,2954100736,0x3efab1ea,-1
4106,12298,1,10,128,0,10,4027842560,0x3fc4af87,-1
4107,12299,1,11,128,0,11,1880358912,0xbe204b0a,-1
4108,12300,1,12,128,0,12,1343488000,0xbef9cff0,-1
4109,12301,1,13,128,0,13,3490971648,0x3f636661,-1
4110,12302,1,14,128,0,14,2417229824,0x3e21e117,-1
4111,12303,1,15,128,0,15,269746176,0xbfc40ce8,-1
4112,12304,1,16,128,1,0,403963904,0xbfa878e8,-1
4113,12305,1,17,128,1,1,2551447552,0x3e73b362,-1
4114,12306,1,18,128,1,2,3625189376,0x3f817121,-1
4115,12307,1,19,128,1,3,1477705728,0xbecd8706,-1
4116,12308,1,20,128,1,4,2014576640,0xbd9f0467,-1
4117,12309,1,21,128,1,5,4162060288,0x3feefca8,-1
4118,12310,1,22,128,1,6,3088318464,0x3f147d4e,-1
4119,12311,1,23,128,1,7,940834816,0xbf467fd6,-1
4120,12312,1,24,128,1,8,672399360,0xbf811da4,-1
4121,12313,1,25,128,1,9,2819883008,0x3ece6074,-1
4122,12314,1,26,128,1,10,3893624832,0x3fa8f066,-1
4123,12315,1,27,128,1,11,1746141184,0xbe7216e1,-1
4124,12316,1,28,128,1,12,1209270272,0xbf1406bc,-1
4125,12317,1,29,128,1,13,3356753920,0x3f47075f,-1
4126,12318,1,30,128,1,14,2283012096,0x3da228ff,-1
4127,12319,1,31,128,1,15,135528448,0xbfede07c,-1
4128,12320,1,32,129,0,0,202637312,0xbfd61f5d,-1
4129,12321,1,33,129,0,1,2350120960,0x3df2c534,-1
4130,12322,1,34,129,0,2,3423862784,0x3f54e32c,-1
4131,12323,1,35,129,0,3,1276379136,0xbf0853c1,-1
4132,12324,1,36,129,0,4,1813250048,0xbe4907e5,-1
4133,12325,1,37,129,0,5,3960733696,0x3fb5bef6,-1
4134,12326,1,38,129,0,6,2886991872,0x3ee4526b,-1
4135,12327,1,39,129,0,7,739508224,0xbf7211da,-1
4136,12328,1,40,129,0,8,1007943680,0xbf39389f,-1
4137,12329,1,41,129,0,9,3155427328,0x3f208508,-1
4138,12330,1,42,129,0,10,4229169152,0x400a59a5,-1
4139,12331,1,43,129,0,11,2081685504,0xbd1d5461,-1
4140,12332,1,44,129,0,12,1544814592,0xbeb7f7fa,-1
4141,12333,1,45,129,0,13,3692298240,0x3f8a18db,-1
4142,12334,1,46,129,0,14,2618556416,0x3e8e95a9,-1
4143,12335,1,47,129,0,15,471072768,0xbf9d36aa,-1
4144,12336,1,48,129,1,0,336855040,0xbfb535fe,-1
4145,12337,1,49,129,1,1,2484338688,0x3e4aa0d2,-1
4146,12338,1,50,129,1,2,3558080512,0x3f72aed1,-1
4147,12339,1,51,129,1,3,1410596864,0xbee37502,-1
4148,12340,1,52,129,1,4,1947467776,0xbdef9d80,-1
4149,12341,1,53,129,1,5,4094951424,0x3fd6eb8e,-1
4150,12342,1,54,129,1,6,3021209600,0x3f08c759,-1
4151,12343,1,55,129,1,7,873725952,0xbf54559d,-1
4152,12344,1,56,129,1,8,605290496,0xbf89bf45,-1
4153,12345,1,57,129,1,9,2752774144,0x3eb8cdf2,-1
4154,12346,1,58,129,1,10,3826515968,0x3f9da177,-1
4155,12347,1,59,129,1,11,1679032320,0xbe8dc53f,-1
4156,12348,1,60,129,1,12,1142161408,0xbf200b0e,-1
4157,12349,1,61,129,1,13,3289645056,0x3f39bafa,-1
4158,12350,1,62,129,1,14,2215903232,0x3d2399da,-1
4159,12351,1,63,129,1,15,68419584,0xc0095aa8,-1
4160,12352,1,64,130,0,0,101974016,0xbffdb063,-1
4161,12353,1,65,130,0,1,2249457664,0x3d73e9e7,-1
4162,12354,1,66,130,0,2,3323199488,0x3f405091,-1
4163,12355,1,67,130,0,3,1175715840,0xbf19fe09,-1
4164,12356,1,68,130,0,4,1712586752,0xbe836174,-1
4165,12357,1,69,130,0,5,3860070400,0x3fa32031,-1
4166,12358,1,70,130,0,6,2786328576,0x3ec38c17,-1
4167,12359,1,71,130,0,7,638844928,0xbf855b0d,-1
4168,12360,1,72,130,0,8,907280384,0xbf4d5788,-1
4169,12361,1,73,130,0,9,3054764032,0x3f0e98c7,-1
4170,12362,1,74,130,0,10,4128505856,0x3fe1f519,-1
4171,12363,1,75,130,0,11,1981022208,0xbdc74713,-1
4172,12364,1,76,130,0,12,1444151296,0xbed8714f,-1
4173,12365,1,77,130,0,13,3591634944,0x3f7aa869,-1
4174,12366,1,78,130,0,14,2517893120,0x3e5f1e9d,-1
4175,12367,1,79,130,0,15,370409472,0xbfaea01d,-1
4176,12368,1,80,130,1,0,504627200,0xbf9803c0,-1
4177,12369,1,81,130,1,1,2652110848,0x3e9909b6,-1
4178,12370,1,82,130,1,2,3725852672,0x3f8eabc4,-1
4179,12371,1,83,130,1,3,1578369024,0xbead500f,-1
4180,12372,1,84,130,1,4,2115239936,0xbc9a2aaf,-1
4181,12373,1,85,130,1,5,4262723584,0x401ba64e,-1
4182,12374,1,86,130,1,6,3188981760,0x3f26ab2b,-1
4183,12375,1,87,130,1,7,1041498112,0xbf32c43c,-1
4184,12376,1,88,130,1,8,773062656,0xbf6a5732,-1
4185,12377,1,89,130,1,9,2920546304,0x3eef7388,-1
4186,12378,1,90,130,1,10,3994288128,0x3fbce4ef,-1
4187,12379,1,91,130,1,11,1846804480,0xbe34a051,-1
4188,12380,1,92,130,1,12,1309933568,0xbf02958b,-1
4189,12381,1,93,130,1,13,3457417216,0x3f5c0e25,-1
4190,12382,1,94,130,1,14,2383675392,0x3e0d9ac2,-1
4191,12383,1,95,130,1,15,236191744,0xbfcc93c0,-1
4192,12384,1,96,131,0,0,169082880,0xbfe1087c,-1
4193,12385,1,97,131,0,1,2316566528,0x3dca6d10,-1
4194,12386,1,98,131,0,2,3390308352,0x3f4de1f6,-1
4195,12387,1,99,131,0,3,1242824704,0xbf0e23bf,-1
4196,12388,1,100,131,0,4,1779695616,0xbe5d83fd,-1
4197,12389,1,101,131,0,5,3927179264,0x3faf1f97,-1
4198,12390,1,102,131,0,6,2853437440,0x3ed94ca9,-1
4199,12391,1,103,131,0,7,705953792,0xbf7a06ad,-1
4200,12392,1,104,131,0,8,974389248,0xbf3fcbb7,-1
4201,12393,1,105,131,0,9,3121872896,0x3f1a7641,-1
4202,12394,1,106,131,0,10,4195614720,0x3fff19ab,-1
4203,12395,1,107,131,0,11,2048131072,0xbd6da2e3,-1
4204,12396,1,108,131,0,12,1511260160,0xbec2b474,-1
4205,12397,1,109,131,0,13,3658743808,0x3f85b16e,-1
4206,12398,1,110,131,0,14,2585001984,0x3e8430bd,-1
4207,12399,1,111,131,0,15,437518336,0xbfa2af83,-1
4208,12400,1,112,131,1,0,303300608,0xbfbc507c,-1
4209,12401,1,113,131,1,1,2450784256,0x3e3637b9,-1
4210,12402,1,114,131,1,2,3524526080,0x3f6aefcd,-1
4211,12403,1,115,131,1,3,1377042432,0xbeee93eb,-1
4212,12404,1,116,131,1,4,1913913344,0xbe0c05e4,-1
4213,12405,1,117,131,1,5,4061396992,0x3fcd485a,-1
4214,12406,1,118,131,1,6,2987655168,0x3f0307cb,-1
4215,12407,1,119,131,1,7,840171520,0xbf5b7d34,-1
4216,12408,1,120,131,1,8,571736064,0xbf8e4e9c,-1
4217,12409,1,121,131,1,9,2719219712,0x3eae2479,-1
4218,12410,1,122,131,1,10,3792961536,0x3f98696b,-1
4219,12411,1,123,131,1,11,1645477888,0xbe983812,-1
4220,12412,1,124,131,1,12,1108606976,0xbf262f4f,-1
4221,12413,1,125,131,1,13,3256090624,0x3f334445,-1
4222,12414,1,126,131,1,14,2182348800,0x3ca6b3c9,-1
4223,12415,1,127,131,1,15,34865152,0xc019d447,-1
4224,12416,1,128,132,0,0,51642368,0xc0106844,-1
4225,12417,1,129,132,0,1,2199126016,0x3cf6f0b6,-1
4226,12418,1,130,132,0,2,3272867840,0x3f367be7,-1
4227,12419,1,131,132,0,3,1125384192,0xbf231a2e,-1
4228,12420,1,132,132,0,4,1662255104,0xbe92fcb3,-1
4229,12421,1,133,132,0,5,3809738752,0x3f9afd32,-1
4230,12422,1,134,132,0,6,2735996928,0x3eb376b8,-1
4231,12423,1,135,132,0,7,588513280,0xbf8c0141,-1
4232,12424,1,136,132,0,8,856948736,0xbf57e403,-1
4233,12425,1,137,132,0,9,3004432384,0x3f05e569,-1
4234,12426,1,138,132,0,10,4078174208,0x3fd1f3e1,-1
4235,12427,1,139,132,0,11,1930690560,0xbe01e8b3,-1
4236,12428,1,140,132,0,12,1393819648,0xbee900f2,-1
4237,12429,1,141,132,0,13,3541303296,0x3f6ec850,-1
4238,12430,1,142,132,0,14,2467561472,0x3e4069d3,-1
4239,12431,1,143,132,0,15,320077824,0xbfb8b10a,-1
4240,12432,1,144,132,1,0,454295552,0xbf9fe9bc,-1
4241,12433,1,145,132,1,1,2601779200,0x3e896163,-1
4242,12434,1,146,132,1,2,3675521024,0x3f87dfff,-1
4243,12435,1,147,132,1,3,1528037376,0xbebd538d,-1
4244,12436,1,148,132,1,4,2064908288,0xbd457934,-1
4245,12437,1,149,132,1,5,4212391936,0x40047aea,-1
4246,12438,1,150,132,1,6,3138650112,0x3f1d7ad2,-1
4247,12439,1,151,132,1,7,991166464,0xbf3c7e30,-1
4248,12440,1,152,132,1,8,722731008,0xbf7604a9,-1
4249,12441,1,153,132,1,9,2870214656,0x3edecc3c,-1
4250,12442,1,154,132,1,10,3943956480,0x3fb25fff,-1
4251,12443,1,155,132,1,11,1796472832,0xbe53433c,-1
4252,12444,1,156,132,1,12,1259601920,0xbf0b3974,-1
4253,12445,1,157,132,1,13,3407085568,0x3f515d8d,-1
4254,12446,1,158,132,1,14,2333343744,0x3dde965e,-1
4255,12447,1,159,132,1,15,185860096,0xbfdb60f1,-1
4256,12448,1,160,133,0,0,252968960,0xbfc833e7,-1
4257,12449,1,161,133,0,1,2400452608,0x3e17bc06,-1
4258,12450,1,162,133,0,2,3474194432,0x3f5fb45e,-1
4259,12451,1,163,133,0,3,1326710784,0xbeff797e,-1
4260,12452,1,164,133,0,4,1863581696,0xbe2a7387,-1
4261,12453,1,165,133,0,5,4011065344,0x3fc0b363,-1
4262,12454,1,166,133,0,6,2937323520,0x3ef50ef1,-1
4263,12455,1,167,133,0,7,789839872,0xbf668e1d,-1
4264,12456,1,168,133,0,8,1058275328,0xbf2f94e4,-1
4265,12457,1,169,133,0,9,3205758976,0x3f29c782,-1
4266,12458,1,170,133,0,10,4279500800,0x402bfd8a,6
4267,12459,1,171,133,0,11,2132017152,0xbc13e4a0,-1
4268,12460,1,172,133,0,12,1595146240,0xbea80359,-1
4269,12461,1,173,133,0,13,3742629888,0x3f910717,-1
4270,12462,1,174,133,0,14,2668888064,0x3e9e49d1,-1
4271,12463,1,175,133,0,15,521404416,0xbf9581c0,-1
4272,12464,1,176,133,1,0,387186688,0xbfab7fd4,-1
4273,12465,1,177,133,1,1,2534670336,0x3e6965fb,-1
4274,12466,1,178,133,1,2,3608412160,0x3f7ebceb,-1
4275,12467,1,179,133,1,3,1460928512,0xbed2f919,-1
4276,12468,1,180,133,1,4,1997799424,0xbdb32386,-1
4277,12469,1,181,133,1,5,4145283072,0x3fe82bf4,-1
4278,12470,1,182,133,1,6,3071541248,0x3f118893,-1
4279,12471,1,183,133,1,7,924057600,0xbf49e711,-1
4280,12472,1,184,133,1,8,655622144,0xbf8337bd,-1
4281,12473,1,185,133,1,9,2803105792,0x3ec8f365,-1
4282,12474,1,186,133,1,10,3876847616,0x3fa5fd57,-1
4283,12475,1,187,133,1,11,1729363968,0xbe7c6999,-1
4284,12476,1,188,133,1,12,1192493056,0xbf16ffc3,-1
4285,12477,1,189,133,1,13,3339976704,0x3f43a7a9,-1
4286,12478,1,190,133,1,14,2266234880,0x3d8e0d39,-1
4287,12479,1,191,133,1,15,118751232,0xbff550cf,-1
4288,12480,1,192,134,0,0,85196800,0xc003a82b,-1
4289,12481,1,193,134,0,1,2232680448,0x3d4bbf5f,-1
4290,12482,1,194,134,0,2,3306422272,0x3f3d01c5,-1
4291,12483,1,195,134,0,3,1158938624,0xbf1d01bd,-1
4292,12484,1,196,134,0,4,1695809536,0xbe88918d,-1
4293,12485,1,197,134,0,5,3843293184,0x3fa0575f,-1
4294,12486,1,198,134,0,6,2769551360,0x3ebe2a56,-1
4295,12487,1,199,134,0,7,622067712,0xbf87880e,-1
4296,12488,1,200,134,0,8,890503168,0xbf50d196,-1
4297,12489,1,201,134,0,9,3037986816,0x3f0badc1,-1
4298,12490,1,202,134,0,10,4111728640,0x3fdc3bf3,-1
4299,12491,1,203,134,0,11,1964244992,0xbddb6f90,-1
4300,12492,1,204,134,0,12,1427374080,0xbeddefdf,-1
4301,12493,1,205,134,0,13,3574857728,0x3f76a3f4,-1
4302,12494,1,206,134,0,14,2501115904,0x3e54dcfd,-1
4303,12495,1,207,134,0,15,353632256,0xbfb1dbfd,-1
4304,12496,1,208,134,1,0,487849984,0xbf9a950c,-1
4305,12497,1,209,134,1,1,2635333632,0x3e93cdb7,-1
4306,12498,1,210,134,1,2,3709075456,0x3f8c5c93,-1
4307,12499,1,211,134,1,3,1561591808,0xbeb2a18b,-1
4308,12500,1,212,134,1,4,2098462720,0xbcea66d7,-1
4309,12501,1,213,134,1,5,4245946368,0x4011af26,-1
4310,12502,1,214,134,1,6,3172204544,0x3f239514,-1
4311,12503,1,215,134,1,7,1024720896,0xbf35faba,-1
4312,12504,1,216,134,1,8,756285440,0xbf6e2d93,-1
4313,12505,1,217,134,1,9,2903769088,0x3ee9df70,-1
4314,12506,1,218,134,1,10,3977510912,0x3fb93f76,-1
4315,12507,1,219,134,1,11,1830027264,0xbe3ed1ae,-1
4316,12508,1,220,134,1,12,1293156352,0xbf057280,-1
4317,12509,1,221,134,1,13,3440640000,0x3f58733a,-1
4318,12510,1,222,134,1,14,2366898176,0x3e037d0a,-1
4319,12511,1,223,134,1,15,219414528,0xbfd13456,-1
4320,12512,1,224,135,0,0,152305664,0xbfe72a10,-1
4321,12513,1,225,135,0,1,2299789312,0x3db648c6,-1
4322,12514,1,226,135,0,2,3373531136,0x3f4a7006,-1
4323,12515,1,227,135,0,3,1226047488,0xbf1112c9,-1
4324,12516,1,228,135,0,4,1762918400,0xbe67ca70,-1
4325,12517,1,229,135,0,5,3910402048,0x3fabfb26,-1
4326,12518,1,230,135,0,6,2836660224,0x3ed3d379,-1
4327,12519,1,231,135,0,7,689176576,0xbf7e18a0,-1
4328,12520,1,232,135,0,8,957612032,0xbf43217e,-1
4329,12521,1,233,135,0,9,3105095680,0x3f177724,-1
4330,12522,1,234,135,0,10,4178837504,0x3ff68e50,-1
4331,12523,1,235,135,0,11,2031353856,0xbd8ae936,-1
4332,12524,1,236,135,0,12,1494482944,0xbec81ae1,-1
4333,12525,1,237,135,0,13,3641966592,0x3f838ca3,-1
4334,12526,1,238,135,0,14,2568224768,0x3e7e071d,-1
4335,12527,1,239,135,0,15,420741120,0xbfa58962,-1
4336,12528,1,240,135,1,0,286523392,0xbfc0183f,-1
4337,12529,1,241,135,1,1,2434007040,0x3e2c0a3c,-1
4338,12530,1,242,135,1,2,3507748864,0x3f6724ae,-1
4339,12531,1,243,135,1,3,1360265216,0xbef42e2a,-1
4340,12532,1,244,135,1,4,1897136128,0xbe162695,-1
4341,12533,1,245,135,1,5,4044619776,0x3fc8def3,-1
4342,12534,1,246,135,1,6,2970877952,0x3f002e5a,-1
4343,12535,1,247,135,1,7,823394304,0xbf5f21a2,-1
4344,12536,1,248,135,1,8,554958848,0xbf90a7fe,-1
4345,12537,1,249,135,1,9,2702442496,0x3ea8d706,-1
4346,12538,1,250,135,1,10,3776184320,0x3f95e517,-1
4347,12539,1,251,135,1,11,1628700672,0xbe9d7786,-1
4348,12540,1,252,135,1,12,1091829760,0xbf294aa9,-1
4349,12541,1,253,135,1,13,3239313408,0x3f3013d3,-1
4350,12542,1,254,135,1,14,2165571584,0x3c2cf5e8,-1
4351,12543,1,255,135,1,15,18087936,0xc0289dd0,-1
4352,12544,1,256,136,0,0,26476544,0xc0202a4e,-1
4353,12545,1,257,136,0,1,2173960192,0x3c7d2df6,-1
4354,12546,1,258,136,0,2,3247702016,0x3f31ab2a,-1
4355,12547,1,259,136,0,3,1100218368,0xbf27bc32,-1
4356,12548,1,260,136,0,4,1637089280,0xbe9ad747,-1
4357,12549,1,261,136,0,5,3784572928,0x3f972563,-1
4358,12550,1,262,136,0,6,2710831104,0x3eab7d29,-1
4359,12551,1,263,136,0,7,563347456,0xbf8f79c1,-1
4360,12552,1,264,136,0,8,831782912,0xbf5d4dfc,-1
4361,12553,1,265,136,0,9,2979266560,0x3f019a8f,-1
4362,12554,1,266,136,0,10,4053008384,0x3fcb0bef,-1
4363,12555,1,267,136,0,11,1905524736,0xbe1115c8,-1
4364,12556,1,268,136,0,12,1368653824,0xbef1601e,-1
4365,12557,1,269,136,0,13,3516137472,0x3f69089a,-1
4366,12558,1,270,136,0,14,2442395648,0x3e31206b,-1
4367,12559,1,271,136,0,15,294912000,0xbfbe2f0f,-1
4368,12560,1,272,136,1,0,429129728,0xbfa419d7,-1
4369,12561,1,273,136,1,1,2576613376,0x3e8199b9,-1
4370,12562,1,274,136,1,2,3650355200,0x3f849dd8,-1
4371,12563,1,275,136,1,3,1502871552,0xbec566f7,-1
4372,12564,1,276,136,1,4,2039742464,0xbd80dcee,-1
4373,12565,1,277,136,1,5,4187226112,0x3ffab043,-1
4374,12566,1,278,136,1,6,3113484288,0x3f18f607,-1
4375,12567,1,279,136,1,7,966000640,0xbf41758e,-1
4376,12568,1,280,136,1,8,697565184,0xbf7c0d9c,-1
4377,12569,1,281,136,1,9,2845048832,0x3ed68f48,-1
4378,12570,1,282,136,1,10,3918790656,0x3fad8a06,-1
4379,12571,1,283,136,1,11,1771307008,0xbe62a67c,-1
4380,12572,1,284,136,1,12,1234436096,0xbf0f9aa9,-1
4381,12573,1,285,136,1,13,3381919744,0x3f4c27cf,-1
4382,12574,1,286,136,1,14,2308177920,0x3dc05a53,-1
4383,12575,1,287,136,1,15,160694272,0xbfe40889,-1
4384,12576,1,288,137,0,0,227803136,0xbfcedb65,-1
4385,12577,1,289,137,0,1,2375286784,0x3e088b79,-1
4386,12578,1,290,137,0,2,3449028608,0x3f5a3f4d,-1
4387,12579,1,291,137,0,3,1301544960,0xbf04037e,-1
4388,12580,1,292,137,0,4,1838415872,0xbe39b869,-1
4389,12581,1,293,137,0,5,3985899520,0x3fbb0d57,-1
4390,12582,1,294,137,0,6,2912157696,0x3eeca896,-1
4391,12583,1,295,137,0,7,764674048,0xbf6c40b0,-1
4392,12584,1,296,137,0,8,1033109504,0xbf345e92,-1
4393,12585,1,297,137,0,9,3180593152,0x3f251f5b,-1
4394,12586,1,298,137,0,10,4254334976,0x401636a7,-1
4395,12587,1,299,137,0,11,2106851328,0xbcc2482b,-1
4396,12588,1,300,137,0,12,1569980416,0xbeaff831,-1
4397,12589,1,301,137,0,13,3717464064,0x3f8d82b2,-1
4398,12590,1,302,137,0,14,2643722240,0x3e966b36,-1
4399,12591,1,303,137,0,15,496238592,0xbf994a6d,-1
4400,12592,1,304,137,1,0,362020864,0xbfb03a74,-1
4401,12593,1,305,137,1,1,2509504512,0x3e59fd1a,-1
4402,12594,1,306,137,1,2,3583246336,0x3f78a439,-1
4403,12595,1,307,137,1,3,1435762688,0xbedb2fc8,-1
4404,12596,1,308,137,1,4,1972633600,0xbdd15aab,-1
4405,12597,1,309,137,1,5,4120117248,0x3fdf0a42,-1
4406,12598,1,310,137,1,6,3046375424,0x3f0d22ae,-1
4407,12599,1,311,137,1,7,898891776,0xbf4f1356,-1
4408,12600,1,312,137,1,8,630456320,0xbf86704f,-1
4409,12601,1,313,137,1,9,2777939968,0x3ec0da88,-1
4410,12602,1,314,137,1,10,3851681792,0x3fa1b955,-1
4411,12603,1,315,137,1,11,1704198144,0xbe85f910,-1
4412,12604,1,316,137,1,12,1167327232,0xbf1b7f32,-1
4413,12605,1,317,137,1,13,3314810880,0x3f3ea826,-1
4414,12606,1,318,137,1,14,2241069056,0x3d5fd3f3,-1
4415,12607,1,319,137,1,15,93585408,0xc00128d3,-1
4416,12608,1,320,138,0,0,127139840,0xbff17e8e,-1
4417,12609,1,321,138,0,1,2274623488,0x3d981aa4,-1
4418,12610,1,322,138,0,2,3348365312,0x3f45566b,-1
4419,12611,1,323,138,0,3,1200881664,0xbf15829a,-1
4420,12612,1,324,138,0,4,1737752576,0xbe773f6f,-1
4421,12613,1,325,138,0,5,3885236224,0x3fa77406,-1
4422,12614,1,326,138,0,6,2811494400,0x3ecba931,-1
4423,12615,1,327,138,0,7,664010752,0xbf822991,-1
4424,12616,1,328,138,0,8,932446208,0xbf483252,-1
4425,12617,1,329,138,0,9,3079929856,0x3f130250,-1
4426,12618,1,330,138,0,10,4153671680,0x3feb7ef3,-1
4427,12619,1,331,138,0,11,2006188032,0xbda91371,-1
4428,12620,1,332,138,0,12,1469317120,0xbed03f4f,-1
4429,12621,1,333,138,0,13,3616800768,0x3f8066b7,-1
4430,12622,1,334,138,0,14,2543058944,0x3e6e8be8,-1
4431,12623,1,335,138,0,15,395575296,0xbfa9f953,-1
4432,12624,1,336,138,1,0,529793024,0xbf944630,-1
4433,12625,1,337,138,1,1,2677276672,0x3ea0eb77,-1
4434,12626,1,338,138,1,2,3751018496,0x3f923986,-1
4435,12627,1,339,138,1,3,1603534848,0xbea55eb9,-1
4436,12628,1,340,138,1,4,2140405760,0xbb875bba,-1
4437,12629,1,341,138,1,5,4287889408,0x403c13b1,38
4438,12630,1,342,138,1,6,3214147584,0x3f2b5817,-1
4439,12631,1,343,138,1,7,1066663936,0xbf2dffd2,-1
4440,12632,1,344,138,1,8,798228480,0xbf64ae62,-1
4441,12633,1,345,138,1,9,2945712128,0x3ef7df77,-1
4442,12634,1,346,138,1,10,4019453952,0x3fc2ab6b,-1
4443,12635,1,347,138,1,11,1871970304,0xbe255ec3,-1
4444,12636,1,348,138,1,12,1335099392,0xbefca3ba,-1
4445,12637,1,349,138,1,13,3482583040,0x3f618bdf,-1
4446,12638,1,350,138,1,14,2408841216,0x3e1cce10,-1
4447,12639,1,351,138,1,15,261357568,0xbfc619bc,-1
4448,12640,1,352,139,0,0,194248704,0xbfd8b476,-1
4449,12641,1,353,139,0,1,2341732352,0x3de8ad10,-1
4450,12642,1,354,139,0,2,3415474176,0x3f531f15,-1
4451,12643,1,355,139,0,3,1267990528,0xbf09c60a,-1
4452,12644,1,356,139,0,4,1804861440,0xbe4e24e8,-1
4453,12645,1,357,139,0,5,3952345088,0x3fb40b7c,-1
4454,12646,1,358,139,0,6,2878603264,0x3ee18e7c,-1
4455,12647,1,359,139,0,7,731119616,0xbf740966,-1
4456,12648,1,360,139,0,8,999555072,0xbf3ada6d,-1
4457,12649,1,361,139,0,9,3147038720,0x3f1eff35,-1
4458,12650,1,362,139,0,10,4220780544,0x400745e7,-1
4459,12651,1,363,139,0,11,2073296896,0xbd31663f,-1
4460,12652,1,364,139,0,12,1536425984,0xbebaa51c,-1
4461,12653,1,365,139,0,13,3683909632,0x3f88fb1b,-1
4462,12654,1,366,139,0,14,2610167808,0x3e8bfb0f,-1
4463,12655,1,367,139,0,15,462684160,0xbf9e8df2,-1
4464,12656,1,368,139,1,0,328466432,0xbfb6ef30,-1
4465,12657,1,369,139,1,1,2475950080,0x3e4584b2,-1
4466,12658,1,370,139,1,2,3549691904,0x3f70b9c7,-1
4467,12659,1,371,139,1,3,1402208256,0xbee63a1c,-1
4468,12660,1,372,139,1,4,1939079168,0xbdf9b6ac,-1
4469,12661,1,373,139,1,5,4086562816,0x3fd4657b,-1
4470,12662,1,374,139,1,6,3012820992,0x3f0755d5,-1
4471,12663,1,375,139,1,7,865337344,0xbf561b7e,-1
4472,12664,1,376,139,1,8,596901888,0xbf8adee1,-1
4473,12665,1,377,139,1,9,2744385536,0x3eb621b2,-1
4474,12666,1,378,139,1,10,3818127360,0x3f9c4d33,-1
4475,12667,1,379,139,1,11,1670643712,0xbe90607e,-1
4476,12668,1,380,139,1,12,1133772800,0xbf2191e1,-1
4477,12669,1,381,139,1,13,3281256448,0x3f381a7e,-1
4478,12670,1,382,139,1,14,2207514624,0x3d0f88aa,-1
4479,12671,1,383,139,1,15,60030976,0xc00caae2,-1
4480,12672,1,384,140,0,0,43253760,0xc014b77e,-1
4481,12673,1,385,140,0,1,2190737408,0x3cced19d,-1
4482,12674,1,386,140,0,2,3264479232,0x3f34df2c,-1
4483,12675,1,387,140,0,3,1116995584,0xbf24a3fb,-1
4484,12676,1,388,140,0,4,1653866496,0xbe9599e3,-1
4485,12677,1,389,140,0,5,3801350144,0x3f99b150,-1
4486,12678,1,390,140,0,6,2727608320,0x3eb0ccfc,-1
4487,12679,1,391,140,0,7,580124672,0xbf8d2678,-1
4488,12680,1,392,140,0,8,848560128,0xbf59af3b,-1
4489,12681,1,393,140,0,9,2996043776,0x3f047612,-1
4490,12682,1,394,140,0,10,4069785600,0x3fcf9546,-1
4491,12683,1,395,140,0,11,1922301952,0xbe06f6df,-1
4492,12684,1,396,140,0,12,1385431040,0xbeebc989,-1
4493,12685,1,397,140,0,13,3532914688,0x3f6cda59,-1
4494,12686,1,398,140,0,14,2459172864,0x3e3b502e,-1
4495,12687,1,399,140,0,15,311689216,0xbfba7bfb,-1
4496,12688,1,400,140,1,0,445906944,0xbfa14a34,-1
4497,12689,1,401,140,1,1,2593390592,0x3e86c89e,-1
4498,12690,1,402,140,1,2,3667132416,0x3f86c776,-1
4499,12691,1,403,140,1,3,1519648768,0xbec00353,-1
4500,12692,1,404,140,1,4,2056519680,0xbd598d60,-1
4501,12693,1,405,140,1,5,4204003328,0x4001eb38,-1
4502,12694,1,406,140,1,6,3130261504,0x3f1bf7d8,-1
4503,12695,1,407,140,1,7,982777856,0xbf3e23f0,-1
4504,12696,1,408,140,1,8,714342400,0xbf7803b9,-1
4505,12697,1,409,140,1,9,2861826048,0x3edc0ba3,-1
4506,12698,1,410,140,1,10,3935567872,0x3fb0bc25,-1
4507,12699,1,411,140,1,11,1788084224,0xbe5862eb,-1
4508,12700,1,412,140,1,12,1251213312,0xbf0cae04,-1
4509,12701,1,413,140,1,13,3398696960,0x3f4f9e87,-1
4510,12702,1,414,140,1,14,2324955136,0x3dd4810e,-1
4511,12703,1,415,140,1,15,177471488,0xbfde26d7,-1
4512,12704,1,416,141,0,0,244580352,0xbfca5c44,-1
4513,12705,1,417,141,0,1,2392064000,0x3e12aaee,-1
4514,12706,1,418,141,0,2,3465805824,0x3f5ddfd0,-1
4515,12707,1,419,141,0,3,1318322176,0xbf0128a2,-1
4516,12708,1,420,141,0,4,1855193088,0xbe2f895e,-1
4517,12709,1,421,141,0,5,4002676736,0x3fbec6c3,-1
4518,12710,1,422,141,0,6,2928934912,0x3ef2404f,-1
4519,12711,1,423,141,0,7,781451264,0xbf687107,-1
4520,12712,1,424,141,0,8,1049886720,0xbf312baf,-1
4521,12713,1,425,141,0,9,3197370368,0x3f28388b,-1
4522,12714,1,426,141,0,10,4271112192,0x40228367,-1
4523,12715,1,427,141,0,11,2123628544,0xbc641c4c,-1
4524,12716,1,428,141,0,12,1586757632,0xbeaaa91e,-1
4525,12717,1,429,141,0,13,3734241280,0x3f8fd7de,-1
4526,12718,1,430,141,0,14,2660499456,0x3e9ba93e,-1
4527,12719,1,431,141,0,15,513015808,0xbf96c0e6,-1
4528,12720,1,432,141,1,0,378798080,0xbfad0cab,-1
4529,12721,1,433,141,1,1,2526281728,0x3e644190,-1
4530,12722,1,434,141,1,2,3600023552,0x3f7cb09c,-1
4531,12723,1,435,141,1,3,1452539904,0xbed5b46c,-1
4532,12724,1,436,141,1,4,1989410816,0xbdbd34b7,-1
4533,12725,1,437,141,1,5,4136894464,0x3fe4ff42,-1
4534,12726,1,438,141,1,6,3063152640,0x3f101012,-1
4535,12727,1,439,141,1,7,915668992,0xbf4b9e20,-1
4536,12728,1,440,141,1,8,647233536,0xbf844836,-1
4537,12729,1,441,141,1,9,2794717184,0x3ec63f09,-1
4538,12730,1,442,141,1,10,3868459008,0x3fa48c21,-1
4539,12731,1,443,141,1,11,1720975360,0xbe80cab5,-1
4540,12732,1,444,141,1,12,1184104448,0xbf187e3b,-1
4541,12733,1,445,141,1,13,3331588096,0x3f41fb0f,-1
4542,12734,1,446,141,1,14,2257846272,0x3d8400ae,-1
4543,12735,1,447,141,1,15,110362624,0xbff95e76,-1
4544,12736,1,448,142,0,0,76808192,0xc0065f5f,-1
4545,12737,1,449,142,0,1,2224291840,0x3d37ac0c,-1
4546,12738,1,450,142,0,2,3298033664,0x3f3b5d64,-1
4547,12739,1,451,142,0,3,1150550016,0xbf1e85af,-1
4548,12740,1,452,142,0,4,1687420928,0xbe8b2af0,-1
4549,12741,1,453,142,0,5,3834904576,0x3f9efa23,-1
4550,12742,1,454,142,0,6,2761162752,0x3ebb7b7b,-1
4551,12743,1,455,142,0,7,613679104,0xbf88a25a,-1
4552,12744,1,456,142,0,8,882114560,0xbf529255,-1
4553,12745,1,457,142,0,9,3029598208,0x3f0a39fc,-1
4554,12746,1,458,142,0,10,4103340032,0x3fd987c2,-1
4555,12747,1,459,142,0,11,1955856384,0xbde585d1,-1
4556,12748,1,460,142,0,12,1418985472,0xbee0b19a,-1
4557,12749,1,461,142,0,13,3566469120,0x3f74a783,-1
4558,12750,1,462,142,0,14,2492727296,0x3e4fbe3e,-1
4559,12751,1,463,142,0,15,345243648,0xbfb3850e,-1
4560,12752,1,464,142,1,0,479461376,0xbf9be3c0,-1
4561,12753,1,465,142,1,1,2626945024,0x3e913134,-1
4562,12754,1,466,142,1,2,3700686848,0x3f8b3952,-1
4563,12755,1,467,142,1,3,1553203200,0xbeb54c21,-1
4564,12756,1,468,142,1,4,2090074112,0xbd09437a,-1
4565,12757,1,469,142,1,5,4237557760,0x400dc8ee,-1
4566,12758,1,470,142,1,6,3163815936,0x3f220c50,-1
4567,12759,1,471,142,1,7,1016332288,0xbf3798bb,-1
4568,12760,1,472,142,1,8,747896832,0xbf701df0,-1
4569,12761,1,473,142,1,9,2895380480,0x3ee7180f,-1
4570,12762,1,474,142,1,10,3969122304,0x3fb77ad1,-1
4571,12763,1,475,142,1,11,1821638656,0xbe43ec2a,-1
4572,12764,1,476,142,1,12,1284767744,0xbf06e295,-1
4573,12765,1,477,142,1,13,3432251392,0x3f56a9de,-1
4574,12766,1,478,142,1,14,2358509568,0x3dfcdeda,-1
4575,12767,1,479,142,1,15,211025920,0xbfd39fda,-1
4576,12768,1,480,143,0,0,143917056,0xbfea70a5,-1
4577,12769,1,481,143,0,1,2291400704,0x3dac385a,-1
4578,12770,1,482,143,0,2,3365142528,0x3f48ba8f,-1
4579,12771,1,483,143,0,3,1217658880,0xbf128c23,-1
4580,12772,1,484,143,0,4,1754529792,0xbe6cefe4,-1
4581,12773,1,485,143,0,5,3902013440,0x3faa72b1,-1
4582,12774,1,486,143,0,6,2828271616,0x3ed11934,-1
4583,12775,1,487,143,0,7,680787968,0xbf8013e8,-1
4584,12776,1,488,143,0,8,949223424,0xbf44cf93,-1
4585,12777,1,489,143,0,9,3096707072,0x3f15f993,-1
4586,12778,1,490,143,0,10,4170448896,0x3ff2aa57,-1
4587,12779,1,491,143,0,11,2022965248,0xbd94f659,-1
4588,12780,1,492,143,0,12,1486094336,0xbecad039,-1
4589,12781,1,493,143,0,13,3633577984,0x3f827dc0,-1
4590,12782,1,494,143,0,14,2559836160,0x3e78dc70,-1
4591,12783,1,495,143,0,15,412352512,0xbfa6fe55,-1
4592,12784,1,496,143,1,0,278134784,0xbfc20ca5,-1
4593,12785,1,497,143,1,1,2425618432,0x3e26f523,-1
4594,12786,1,498,143,1,2,3499360256,0x3f6543f6,-1
4595,12787,1,499,143,1,3,1351876608,0xbef6fe19,-1
4596,12788,1,500,143,1,4,1888747520,0xbe1b3852,-1
4597,12789,1,501,143,1,5,4036231168,0x3fc6c071,-1
4598,12790,1,502,143,1,6,2962489344,0x3efd8650,-1
4599,12791,1,503,143,1,7,815005696,0xbf60f835,-1
4600,12792,1,504,143,1,8,546570240,0xbf91d969,-1
4601,12793,1,505,143,1,9,2694053888,0x3ea6320c,-1
4602,12794,1,506,143,1,10,3767795712,0x3f94a86c,-1
4603,12795,1,507,143,1,11,1620312064,0xbea018d5,-1
4604,12796,1,508,143,1,12,1083441152,0xbf2adabc,-1
4605,12797,1,509,143,1,13,3230924800,0x3f2e7e38,-1
4606,12798,1,510,143,1,14,2157182976,0x3bb97dd2,-1
4607,12799,1,511,143,1,15,9699328,0xc035bc7c,26
4608,12800,1,512,144,0,0,13893632,0xc02e4532,10
4609,12801,1,513,144,0,1,2161377280,0x3c04da4e,-1
4610,12802,1,514,144,0,2,3235119104,0x3f2f48cf,-1
4611,12803,1,515,144,0,3,1087635456,0xbf2a127e,-1
4612,12804,1,516,144,0,4,1624506368,0xbe9ec80b,-1
4613,12805,1,517,144,0,5,3771990016,0x3f954650,-1
4614,12806,1,518,144,0,6,2698248192,0x3ea78464,-1
4615,12807,1,519,144,0,7,550764544,0xbf91404c,-1
4616,12808,1,520,144,0,8,819200000,0xbf600c8d,-1
4617,12809,1,521,144,0,9,2966683648,0x3efef142,-1
4618,12810,1,522,144,0,10,4040425472,0x3fc7cdf1,-1
4619,12811,1,523,144,0,11,1892941824,0xbe18af55,-1
4620,12812,1,524,144,0,12,1356070912,0xbef595e5,-1
4621,12813,1,525,144,0,13,3503554560,0x3f6633ed,-1
4622,12814,1,526,144,0,14,2429812736,0x3e297f8d,-1
4623,12815,1,527,144,0,15,282329088,0xbfc11101,-1
4624,12816,1,528,144,1,0,416546816,0xbfa6432b,-1
4625,12817,1,529,144,1,1,2564030464,0x3e7b7192,-1
4626,12818,1,530,144,1,2,3637772288,0x3f8304e8,-1
4627,12819,1,531,144,1,3,1490288640,0xbec9755f,-1
4628,12820,1,532,144,1,4,2027159552,0xbd8fefab,-1
4629,12821,1,533,144,1,5,4174643200,0x3ff49519,-1
4630,12822,1,534,144,1,6,3100901376,0x3f16b832,-1
4631,12823,1,535,144,1,7,953417728,0xbf43f844,-1
4632,12824,1,536,144,1,8,684982272,0xbf7f1fb1,-1
4633,12825,1,537,144,1,9,2832465920,0x3ed27625,-1
4634,12826,1,538,144,1,10,3906207744,0x3fab3622,-1
4635,12827,1,539,144,1,11,1758724096,0xbe6a5cfa,-1
4636,12828,1,540,144,1,12,1221853184,0xbf11cf4e,-1
4637,12829,1,541,144,1,13,3369336832,0x3f499501,-1
4638,12830,1,542,144,1,14,2295595008,0x3db1406d,-1
4639,12831,1,543,144,1,15,148111360,0xbfe8c87a,-1
4640,12832,1,544,145,0,0,215220224,0xbfd267b0,-1
4641,12833,1,545,145,0,1,2362703872,0x3e00f622,-1
4642,12834,1,546,145,0,2,3436445696,0x3f578e36,-1
4643,12835,1,547,145,0,3,1288962048,0xbf062a68,-1
4644,12836,1,548,145,0,4,1825832960,0xbe415ec5,-1
4645,12837,1,549,145,0,5,3973316608,0x3fb85c03,-1
4646,12838,1,550,145,0,6,2899574784,0x3ee87b88,-1
4647,12839,1,551,145,0,7,752091136,0xbf6f2551,-1
4648,12840,1,552,145,0,8,1020526592,0xbf36c97e,-1
4649,12841,1,553,145,0,9,3168010240,0x3f22d082,-1
4650,12842,1,554,145,0,10,4241752064,0x400faafb,-1
4651,12843,1,555,145,0,11,2094268416,0xbcfe76b4,-1
4652,12844,1,556,145,0,12,1557397504,0xbeb3f6ae,-1
4653,12845,1,557,145,0,13,3704881152,0x3f8bca98,-1
4654,12846,1,558,145,0,14,2631139328,0x3e927f56,-1
4655,12847,1,559,145,0,15,483655680,0xbf9b3be1,-1
4656,12848,1,560,145,1,0,349437952,0xbfb2af8f,-1
4657,12849,1,561,145,1,1,2496921600,0x3e524d73,-1
4658,12850,1,562,145,1,2,3570663424,0x3f75a543,-1
4659,12851,1,563,145,1,3,1423179776,0xbedf5088,-1
4660,12852,1,564,145,1,4,1960050688,0xbde07a84,-1
4661,12853,1,565,145,1,5,4107534336,0x3fdadeba,-1
4662,12854,1,566,145,1,6,3033792512,0x3f0af3ba,-1
4663,12855,1,567,145,1,7,886308864,0xbf51b1a5,-1
4664,12856,1,568,145,1,8,617873408,0xbf8814e1,-1
4665,12857,1,569,145,1,9,2765357056,0x3ebcd2be,-1
4666,12858,1,570,145,1,10,3839098880,0x3f9fa82d,-1
4667,12859,1,571,145,1,11,1691615232,0xbe89de21,-1
4668,12860,1,572,145,1,12,1154744320,0xbf1dc389,-1
4669,12861,1,573,145,1,13,3302227968,0x3f3c2f55,-1
4670,12862,1,574,145,1,14,2228486144,0x3d41b58f,-1
4671,12863,1,575,145,1,15,81002496,0xc004fc1c,-1
4672,12864,1,576,146,0,0,114556928,0xbff74fb3,-1
4673,12865,1,577,146,0,1,2262040576,0x3d8906d8,-1
4674,12866,1,578,146,0,2,3335782400,0x3f42d118,-1
4675,12867,1,579,146,0,3,1188298752,0xbf17bed5,-1
4676,12868,1,580,146,0,4,1725169664,0xbe7eff4c,-1
4677,12869,1,581,146,0,5,3872653312,0x3fa54410,-1
4678,12870,1,582,146,0,6,2798911488,0x3ec79909,-1
4679,12871,1,583,146,0,7,651427840,0xbf83bfaf,-1
4680,12872,1,584,146,0,8,919863296,0xbf4ac24e,-1
4681,12873,1,585,146,0,9,3067346944,0x3f10cc2b,-1
4682,12874,1,586,146,0,10,4141088768,0x3fe69111,-1
4683,12875,1,587,146,0,11,1993605120,0xbdb82bfa,-1
4684,12876,1,588,146,0,12,1456734208,0xbed45691,-1
4685,12877,1,589,146,0,13,3604217856,0x3f7db63e,-1
4686,12878,1,590,146,0,14,2530476032,0x3e66d396,-1
4687,12879,1,591,146,0,15,382992384,0xbfac4571,-1
4688,12880,1,592,146,1,0,517210112,0xbf9620de,-1
4689,12881,1,593,146,1,1,2664693760,0x3e9cf966,-1
4690,12882,1,594,146,1,2,3738435584,0x3f906f15,-1
4691,12883,1,595,146,1,3,1590951936,0xbea95616,-1
4692,12884,1,596,146,1,4,2127822848,0xbc3c0051,-1
4693,12885,1,597,146,1,5,4275306496,0x4026cbff,-1
4694,12886,1,598,146,1,6,3201564672,0x3f28ffd3,-1
4695,12887,1,599,146,1,7,1054081024,0xbf306012,-1
4696,12888,1,600,146,1,8,785645568,0xbf677f2b,-1
4697,12889,1,601,146,1,9,2933129216,0x3ef3a764,-1
4698,12890,1,602,146,1,10,4006871040,0x3fbfbbb0,-1
4699,12891,1,603,146,1,11,1859387392,0xbe2cfe4f,-1
4700,12892,1,604,146,1,12,1322516480,0xbf007290,-1
4701,12893,1,605,146,1,13,3470000128,0x3f5ec9ba,-1
4702,12894,1,606,146,1,14,2396258304,0x3e15335c,-1
4703,12895,1,607,146,1,15,248774656,0xbfc94641,-1
4704,12896,1,608,147,0,0,181665792,0xbfdcc093,-1
4705,12897,1,609,147,0,1,2329149440,0x3dd98b8b,-1
4706,12898,1,610,147,0,2,3402891264,0x3f507dba,-1
4707,12899,1,611,147,0,3,1255407616,0xbf0bf397,-1
4708,12900,1,612,147,0,4,1792278528,0xbe55d2e8,-1
4709,12901,1,613,147,0,5,3939762176,0x3fb18d23,-1
4710,12902,1,614,147,0,6,2866020352,0x3edd6bbb,-1
4711,12903,1,615,147,0,7,718536704,0xbf7703b6,-1
4712,12904,1,616,147,0,8,986972160,0xbf3d50d0,-1
4713,12905,1,617,147,0,9,3134455808,0x3f1cb928,-1
4714,12906,1,618,147,0,10,4208197632,0x40032c58,-1
4715,12907,1,619,147,0,11,2060713984,0xbd4f8321,-1
4716,12908,1,620,147,0,12,1523843072,0xbebeab45,-1
4717,12909,1,621,147,0,13,3671326720,0x3f875369,-1
4718,12910,1,622,147,0,14,2597584896,0x3e8814e4,-1
4719,12911,1,623,147,0,15,450101248,0xbfa09960,-1
4720,12912,1,624,147,1,0,315883520,0xbfb99559,-1
4721,12913,1,625,147,1,1,2463367168,0x3e3ddcda,-1
4722,12914,1,626,147,1,2,3537108992,0x3f6dd0e6,-1
4723,12915,1,627,147,1,3,1389625344,0xbeea6505,-1
4724,12916,1,628,147,1,4,1926496256,0xbe046faf,-1
4725,12917,1,629,147,1,5,4073979904,0x3fd0c249,-1
4726,12918,1,630,147,1,6,3000238080,0x3f052d9b,-1
4727,12919,1,631,147,1,7,852754432,0xbf58c948,-1
4728,12920,1,632,147,1,8,584318976,0xbf8c9380,-1
4729,12921,1,633,147,1,9,2731802624,0x3eb221b2,-1
4730,12922,1,634,147,1,10,3805544448,0x3f9a56c0,-1
4731,12923,1,635,147,1,11,1658060800,0xbe944b2b,-1
4732,12924,1,636,147,1,12,1121189888,0xbf23dee4,-1
4733,12925,1,637,147,1,13,3268673536,0x3f35ad4e,-1
4734,12926,1,638,147,1,14,2194931712,0x3ce2e0fd,-1
4735,12927,1,639,147,1,15,47448064,0xc0127aa4,-1
4736,12928,1,640,148,0,0,64225280,0xc00af6db,-1
4737,12929,1,641,148,0,1,2211708928,0x3d199124,-1
4738,12930,1,642,148,0,2,3285450752,0x3f38ea7f,-1
4739,12931,1,643,148,0,3,1137967104,0xbf20ce49,-1
4740,12932,1,644,148,0,4,1674838016,0xbe8f12c0,-1
4741,12933,1,645,148,0,5,3822321664,0x3f9cf6cb,-1
4742,12934,1,646,148,0,6,2748579840,0x3eb777a9,-1
4743,12935,1,647,148,0,7,601096192,0xbf8a4ebc,-1
4744,12936,1,648,148,0,8,869531648,0xbf55383a,-1
4745,12937,1,649,148,0,9,3017015296,0x3f080e74,-1
4746,12938,1,650,148,0,10,4090757120,0x3fd5a5dc,-1
4747,12939,1,651,148,0,11,1943273472,0xbdf4a9e5,-1
4748,12940,1,652,148,0,12,1406402560,0xbee4d758,-1
4749,12941,1,653,148,0,13,3553886208,0x3f71b3d8,-1
4750,12942,1,654,148,0,14,2480144384,0x3e481299,-1
4751,12943,1,655,148,0,15,332660736,0xbfb61189,-1
4752,12944,1,656,148,1,0,466878464,0xbf9de1c0,-1
4753,12945,1,657,148,1,1,2614362112,0x3e8d483e,-1
4754,12946,1,658,148,1,2,3688103936,0x3f8989a5,-1
4755,12947,1,659,148,1,3,1540620288,0xbeb94e62,-1
4756,12948,1,660,148,1,4,2077491200,0xbd275d2f,-1
4757,12949,1,661,148,1,5,4224974848,0x4008c5a9,-1
4758,12950,1,662,148,1,6,3151233024,0x3f1fc1f0,-1
4759,12951,1,663,148,1,7,1003749376,0xbf3a0948,-1
4760,12952,1,664,148,1,8,735313920,0xbf730d2a,-1
4761,12953,1,665,148,1,9,2882797568,0x3ee2f03d,-1
4762,12954,1,666,148,1,10,3956539392,0x3fb4e433,-1
4763,12955,1,667,148,1,11,1809055744,0xbe4b963d,-1
4764,12956,1,668,148,1,12,1272184832,0xbf090cc2,-1
4765,12957,1,669,148,1,13,3419668480,0x3f5400ce,-1
4766,12958,1,670,148,1,14,2345926656,0x3dedb8f2,-1
4767,12959,1,671,148,1,15,198443008,0xbfd7671b,-1
4768,12960,1,672,149,0,0,265551872,0xbfc511b4,-1
4769,12961,1,673,149,0,1,2413035520,0x3e1f5774,-1
4770,12962,1,674,149,0,2,3486777344,0x3f6278bf,-1
4771,12963,1,675,149,0,3,1339293696,0xbefb3996,-1
4772,12964,1,676,149,0,4,1876164608,0xbe22d4c5,-1
4773,12965,1,677,149,0,5,4023648256,0x3fc3abec,-1
4774,12966,1,678,149,0,6,2949906432,0x3ef94872,-1
4775,12967,1,679,149,0,7,802422784,0xbf63bfb1,-1
4776,12968,1,680,149,0,8,1070858240,0xbf2d35ec,-1
4777,12969,1,681,149,0,9,3218341888,0x3f2c20ff,-1
4778,12970,1,682,149,0,10,4292083712,0x404d3a35,54
4779,12971,1,683,149,0,11,2144600064,0xbadc9557,-1
4780,12972,1,684,149,0,12,1607729152,0xbea40cd6,-1
4781,12973,1,685,149,0,13,3755212800,0x3f92d3fa,-1
4782,12974,1,686,149,0,14,2681470976,0x3ea23cb2,-1
4783,12975,1,687,149,0,15,533987328,0xbf93a9b9,-1
4784,12976,1,688,149,1,0,399769600,0xbfa9385f,-1
4785,12977,1,689,149,1,1,2547253248,0x3e711f73,-1
4786,12978,1,690,149,1,2,3620995072,0x3f80eba6,-1
4787,12979,1,691,149,1,3,1473511424,0xbecee2fb,-1
4788,12980,1,692,149,1,4,2010382336,0xbda40bcc,-1
4789,12981,1,693,149,1,5,4157865984,0x3fed3828,-1
4790,12982,1,694,149,1,6,3084124160,0x3f13bfa7,-1
4791,12983,1,695,149,1,7,936640512,0xbf4758cc,-1
4792,12984,1,696,149,1,8,668205056,0xbf81a353,-1
4793,12985,1,697,149,1,9,2815688704,0x3ecd04a3,-1
4794,12986,1,698,149,1,10,3889430528,0x3fa8317c,-1
4795,12987,1,699,149,1,11,1741946880,0xbe74aaf5,-1
4796,12988,1,700,149,1,12,1205075968,0xbf14c482,-1
4797,12989,1,701,149,1,13,3352559616,0x3f462e9e,-1
4798,12990,1,702,149,1,14,2278817792,0x3d9d21b2,-1
4799,12991,1,703,149,1,15,131334144,0xbfefa965,-1
4800,12992,1,704,150,0,0,97779712,0xbffff64e,-1
4801,12993,1,705,150,0,1,2245263360,0x3d69debf,-1
4802,12994,1,706,150,0,2,3319005184,0x3f3f7c1a,-1
4803,12995,1,707,150,0,3,1171521536,0xbf1abe72,-1
4804,12996,1,708,150,0,4,1708392448,0xbe84ad26,-1
4805,12997,1,709,150,0,5,3855876096,0x3fa26c23,-1
4806,12998,1,710,150,0,6,2782134272,0x3ec23323,-1
4807,12999,1,711,150,0,7,634650624,0xbf85e55f,-1
4808,13000,1,712,150,0,8,903086080,0xbf4e3522,-1
4809,13001,1,713,150,0,9,3050569728,0x3f0ddd95,-1
4810,13002,1,714,150,0,10,4124311552,0x3fe07bf2,-1
4811,13003,1,715,150,0,11,1976827904,0xbdcc50b7,-1
4812,13004,1,716,150,0,12,1439956992,0xbed9d058,-1
4813,13005,1,717,150,0,13,3587440640,0x3f79a5d2,-1
4814,13006,1,718,150,0,14,2513698816,0x3e5c8dae,-1
4815,13007,1,719,150,0,15,366215168,0xbfaf6c67,-1
4816,13008,1,720,150,1,0,500432896,0xbf98a69a,-1
4817,13009,1,721,150,1,1,2647916544,0x3e97ba56,-1
4818,13010,1,722,150,1,2,3721658368,0x3f8e16db,-1
4819,13011,1,723,150,1,3,1574174720,0xbeaea3fa,-1
4820,13012,1,724,150,1,4,2111045632,0xbcae394b,-1
4821,13013,1,725,150,1,5,4258529280,0x4018cb40,-1
4822,13014,1,726,150,1,6,3184787456,0x3f25e512,-1
4823,13015,1,727,150,1,7,1037303808,0xbf33912d,-1
4824,13016,1,728,150,1,8,768868352,0xbf6b4b85,-1
4825,13017,1,729,150,1,9,2916352000,0x3eee0dd5,-1
4826,13018,1,730,150,1,10,3990093824,0x3fbbf7e4,-1
4827,13019,1,731,150,1,11,1842610176,0xbe372c38,-1
4828,13020,1,732,150,1,12,1305739264,0xbf034c63,-1
4829,13021,1,733,150,1,13,3453222912,0x3f5b265f,-1
4830,13022,1,734,150,1,14,2379481088,0x3e0b1302,-1
4831,13023,1,735,150,1,15,231997440,0xbfcdb57c,-1
4832,13024,1,736,151,0,0,164888576,0xbfe28487,-1
4833,13025,1,737,151,0,1,2312372224,0x3dc5638a,-1
4834,13026,1,738,151,0,2,3386114048,0x3f4d0496,-1
4835,13027,1,739,151,0,3,1238630400,0xbf0edf0e,-1
4836,13028,1,740,151,0,4,1775501312,0xbe60150e,-1
4837,13029,1,741,151,0,5,3922984960,0x3fae53f3,-1
4838,13030,1,742,151,0,6,2849243136,0x3ed7edc6,-1
4839,13031,1,743,151,0,7,701759488,0xbf7b09a4,-1
4840,13032,1,744,151,0,8,970194944,0xbf40a060,-1
4841,13033,1,745,151,0,9,3117678592,0x3f19b5f8,-1
4842,13034,1,746,151,0,10,4191420416,0x3ffcdb5a,-1
4843,13035,1,747,151,0,11,2043936768,0xbd77ae2f,-1
4844,13036,1,748,151,0,12,1507065856,0xbec40d89,-1
4845,13037,1,749,151,0,13,3654549504,0x3f852756,-1
4846,13038,1,750,151,0,14,2580807680,0x3e82e51f,-1
4847,13039,1,751,151,0,15,433324032,0xbfa36409,-1
4848,13040,1,752,151,1,0,299106304,0xbfbd3e7b,-1
4849,13041,1,753,151,1,1,2446589952,0x3e33abee,-1
4850,13042,1,754,151,1,2,3520331776,0x3f69fbca,-1
4851,13043,1,755,151,1,3,1372848128,0xbeeff9ca,-1
4852,13044,1,756,151,1,4,1909719040,0xbe0e8db9,-1
4853,13045,1,757,151,1,5,4057202688,0x3fcc2826,-1
4854,13046,1,758,151,1,6,2983460864,0x3f02510c,-1
4855,13047,1,759,151,1,7,835977216,0xbf5c653d,-1
4856,13048,1,760,151,1,8,567541760,0xbf8ee3cd,-1
4857,13049,1,761,151,1,9,2715025408,0x3eacd0ab,-1
4858,13050,1,762,151,1,10,3788767232,0x3f97c6ed,-1
4859,13051,1,763,151,1,11,1641283584,0xbe99878c,-1
4860,13052,1,764,151,1,12,1104412672,0xbf26f58e,-1
4861,13053,1,765,151,1,13,3251896320,0x3f32777f,-1
4862,13054,1,766,151,1,14,2178154496,0x3c92a545,-1
4863,13055,1,767,151,1,15,30670848,0xc01cce34,-1
4864,13056,1,768,152,0,0,22282240,0xc02408dd,-1
4865,13057,1,769,152,0,1,2169765888,0x3c5511c5,-1
4866,13058,1,770,152,0,2,3243507712,0x3f30df47,-1
4867,13059,1,771,152,0,3,1096024064,0xbf28833a,-1
4868,13060,1,772,152,0,4,1632894976,0xbe9c2745,-1
4869,13061,1,773,152,0,5,3780378624,0x3f9684c7,-1
4870,13062,1,774,152,0,6,2706636800,0x3eaa29f2,-1
4871,13063,1,775,152,0,7,559153152,0xbf90107b,-1
4872,13064,1,776,152,0,8,827588608,0xbf5e3772,-1
4873,13065,1,777,152,0,9,2975072256,0x3f00e454,-1
4874,13066,1,778,152,0,10,4048814080,0x3fc9f393,-1
4875,13067,1,779,152,0,11,1901330432,0xbe139e11,-1
4876,13068,1,780,152,0,12,1364459520,0xbef2c6e8,-1
4877,13069,1,781,152,0,13,3511943168,0x3f68163c,-1
4878,13070,1,782,152,0,14,2438201344,0x3e2e9530,-1
4879,13071,1,783,152,0,15,290717696,0xbfbf224a,-1
4880,13072,1,784,152,1,0,424935424,0xbfa4d0f3,-1
4881,13073,1,785,152,1,1,2572419072,0x3e804e89,-1
4882,13074,1,786,152,1,2,3646160896,0x3f8414f2,-1
4883,13075,1,787,152,1,3,1498677248,0xbec6c0be,-1
4884,13076,1,788,152,1,4,2035548160,0xbd85e2f8,-1
4885,13077,1,789,152,1,5,4183031808,0x3ff896ff,-1
4886,13078,1,790,152,1,6,3109289984,0x3f18366b,-1
4887,13079,1,791,152,1,7,961806336,0xbf424b42,-1
4888,13080,1,792,152,1,8,693370880,0xbf7d129a,-1
4889,13081,1,793,152,1,9,2840854528,0x3ed5312e,-1
4890,13082,1,794,152,1,10,3914596352,0x3facc1c4,-1
4891,13083,1,795,152,1,11,1767112704,0xbe653847,-1
4892,13084,1,796,152,1,12,1230241792,0xbf105692,-1
4893,13085,1,797,152,1,13,3377725440,0x3f4b4ba0,-1
4894,13086,1,798,152,1,14,2303983616,0x3dbb5167,-1
4895,13087,1,799,152,1,15,156499968,0xbfe594e7,-1
4896,13088,1,800,153,0,0,223608832,0xbfd005a0,-1
4897,13089,1,801,153,0,1,2371092480,0x3e060427,-1
4898,13090,1,802,153,0,2,3444834304,0x3f5958ec,-1
4899,13091,1,803,153,0,3,1297350656,0xbf04badd,-1
4900,13092,1,804,153,0,4,1834221568,0xbe3c44e5,-1
4901,13093,1,805,153,0,5,3981705216,0x3fba2538,-1
4902,13094,1,806,153,0,6,2907963392,0x3eeb43ca,-1
4903,13095,1,807,153,0,7,760479744,0xbf6d36b4,-1
4904,13096,1,808,153,0,8,1028915200,0xbf352c6b,-1
4905,13097,1,809,153,0,9,3176398848,0x3f245a07,-1
4906,13098,1,810,153,0,10,4250140672,0x4013db39,-1
4907,13099,1,811,153,0,11,2102657024,0xbcd65757,-1
4908,13100,1,812,153,0,12,1565786112,0xbeb14cb7,-1
4909,13101,1,813,153,0,13,3713269760,0x3f8cef46,-1
4910,13102,1,814,153,0,14,2639527936,0x3e951c57,-1
4911,13103,1,815,153,0,15,492044288,0xbf99ef3c,-1
4912,13104,1,816,153,1,0,357826560,0xbfb10a4d,-1
4913,13105,1,817,153,1,1,2505310208,0x3e576ce0,-1
4914,13106,1,818,153,1,2,3579052032,0x3f77a39a,-1
4915,13107,1,819,153,1,3,1431568384,0xbedc8f9f,-1
4916,13108,1,820,153,1,4,1968439296,0xbdd664f3,-1
4917,13109,1,821,153,1,5,4115922944,0x3fdd9fb2,-1
4918,13110,1,822,153,1,6,3042181120,0x3f0c6812,-1
4919,13111,1,823,153,1,7,894697472,0xbf4ff227,-1
4920,13112,1,824,153,1,8,626262016,0xbf86fbde,-1
4921,13113,1,825,153,1,9,2773745664,0x3ebf8244,-1
4922,13114,1,826,153,1,10,3847487488,0x3fa107c0,-1
4923,13115,1,827,153,1,11,1700003840,0xbe874532,-1
4924,13116,1,828,153,1,12,1163132928,0xbf1c404b,-1
4925,13117,1,829,153,1,13,3310616576,0x3f3dd4b5,-1
4926,13118,1,830,153,1,14,2236874752,0x3d55c97f,-1
4927,13119,1,831,153,1,15,89391104,0xc0026225,-1
4928,13120,1,832,154,0,0,122945536,0xbff360be,-1
4929,13121,1,833,154,0,1,2270429184,0x3d9313d1,-1
4930,13122,1,834,154,0,2,3344171008,0x3f447ec5,-1
4931,13123,1,835,154,0,3,1196687360,0xbf164105,-1
4932,13124,1,836,154,0,4,1733558272,0xbe79d450,-1
4933,13125,1,837,154,0,5,3881041920,0x3fa6b7fc,-1
4934,13126,1,838,154,0,6,2807300096,0x3eca4e1c,-1
4935,13127,1,839,154,0,7,659816448,0xbf82b05e,-1
4936,13128,1,840,154,0,8,928251904,0xbf490c68,-1
4937,13129,1,841,154,0,9,3075735552,0x3f12454a,-1
4938,13130,1,842,154,0,10,4149477376,0x3fe9d068,-1
4939,13131,1,843,154,0,11,2001993728,0xbdae1b59,-1
4940,13132,1,844,154,0,12,1465122816,0xbed19c03,-1
4941,13133,1,845,154,0,13,3612606464,0x3f7fc4a4,-1
4942,13134,1,846,154,0,14,2538864640,0x3e6bf8c1,-1
4943,13135,1,847,154,0,15,391380992,0xbfaabbcd,-1
4944,13136,1,848,154,1,0,525598720,0xbf94e387,-1
4945,13137,1,849,154,1,1,2673082368,0x3e9f9a82,-1
4946,13138,1,850,154,1,2,3746824192,0x3f919fe6,-1
4947,13139,1,851,154,1,3,1599340544,0xbea6b0e4,-1
4948,13140,1,852,154,1,4,2136211456,0xbbd79253,-1
4949,13141,1,853,154,1,5,4283695104,0x4032a552,22
4950,13142,1,854,154,1,6,3209953280,0x3f2a8f98,-1
4951,13143,1,855,154,1,7,1062469632,0xbf2eca24,-1
4952,13144,1,856,154,1,8,794034176,0xbf659ddb,-1
4953,13145,1,857,154,1,9,2941517824,0x3ef676f7,-1
4954,13146,1,858,154,1,10,4015259648,0x3fc1adf0,-1
4955,13147,1,859,154,1,11,1867776000,0xbe27e903,-1
4956,13148,1,860,154,1,12,1330905088,0xbefe0e5c,-1
4957,13149,1,861,154,1,13,3478388736,0x3f609fbf,-1
4958,13150,1,862,154,1,14,2404646912,0x3e1a44ec,-1
4959,13151,1,863,154,1,15,257163264,0xbfc72519,-1
4960,13152,1,864,155,0,0,190054400,0xbfda07a8,-1
4961,13153,1,865,155,0,1,2337538048,0x3de3a18a,-1
4962,13154,1,866,155,0,2,3411279872,0x3f523e00,-1
4963,13155,1,867,155,0,3,1263796224,0xbf0a7f9b,-1
4964,13156,1,868,155,0,4,1800667136,0xbe50b3e8,-1
4965,13157,1,869,155,0,5,3948150784,0x3fb334c4,-1
4966,13158,1,870,155,0,6,2874408960,0x3ee02d27,-1
4967,13159,1,871,155,0,7,726925312,0xbf75068f,-1
4968,13160,1,872,155,0,8,995360768,0xbf3bac10,-1
4969,13161,1,873,155,0,9,3142844416,0x3f1e3cd6,-1
4970,13162,1,874,155,0,10,4216586240,0x4005d841,-1
4971,13163,1,875,155,0,11,2069102592,0xbd3b6f94,-1
4972,13164,1,876,155,0,12,1532231680,0xbebbfc2b,-1
4973,13165,1,877,155,0,13,3679715328,0x3f886d39,-1
4974,13166,1,878,155,0,14,2605973504,0x3e8aae1c,-1
4975,13167,1,879,155,0,15,458489856,0xbf9f3b44,-1
4976,13168,1,880,155,1,0,324272128,0xbfb7cf01,-1
4977,13169,1,881,155,1,1,2471755776,0x3e42f71b,-1
4978,13170,1,882,155,1,2,3545497600,0x3f6fc09a,-1
4979,13171,1,883,155,1,3,1398013952,0xbee79d4f,-1
4980,13172,1,884,155,1,4,1934884864,0xbdfec3d6,-1
4981,13173,1,885,155,1,5,4082368512,0x3fd32a37,-1
4982,13174,1,886,155,1,6,3008626688,0x3f069d7c,-1
4983,13175,1,887,155,1,7,861143040,0xbf56ff6b,-1
4984,13176,1,888,155,1,8,592707584,0xbf8b6fb7,-1
4985,13177,1,889,155,1,9,2740191232,0x3eb4cc0d,-1
4986,13178,1,890,155,1,10,3813933056,0x3f9ba4ad,-1
4987,13179,1,891,155,1,11,1666449408,0xbe91ae7a,-1
4988,13180,1,892,155,1,12,1129578496,0xbf2255d8,-1
4989,13181,1,893,155,1,13,3277062144,0x3f374af6,-1
4990,13182,1,894,155,1,14,2203320320,0x3d058068,-1
4991,13183,1,895,155,1,15,55836672,0xc00e7a04,-1
4992,13184,1,896,156,0,0,39059456,0xc017270e,-1
4993,13185,1,897,156,0,1,2186543104,0x3cbac28e,-1
4994,13186,1,898,156,0,2,3260284928,0x3f34117f,-1
4995,13187,1,899,156,0,3,1112801280,0xbf256974,-1
4996,13188,1,900,156,0,4,1649672192,0xbe96e8da,-1
4997,13189,1,901,156,0,5,3797155840,0x3f990ce0,-1
4998,13190,1,902,156,0,6,2723414016,0x3eaf7894,-1
4999,13191,1,903,156,0,7,575930368,0xbf8dba2b,-1
5000,13192,1,904,156,0,8,844365824,0xbf5a95df,-1
5001,13193,1,905,156,0,9,2991849472,0x3f03becc,-1
5002,13194,1,906,156,0,10,4065591296,0x3fce6cae,-1
5003,13195,1,907,156,0,11,1918107648,0xbe097e46,-1
5004,13196,1,908,156,0,12,1381236736,0xbeed2e80,-1
5005,13197,1,909,156,0,13,3528720384,0x3f6be4a7,-1
5006,13198,1,910,156,0,14,2454978560,0x3e38c3ce,-1
5007,13199,1,911,156,0,15,307494912,0xbfbb6502,-1
5008,13200,1,912,156,1,0,441712640,0xbfa1fc3d,-1
5009,13201,1,913,156,1,1,2589196288,0x3e857c91,-1
5010,13202,1,914,156,1,2,3662938112,0x3f863c23,-1
5011,13203,1,915,156,1,3,1515454464,0xbec15bb8,-1
5012,13204,1,916,156,1,4,2052325376,0xbd6397f4,-1
5013,13205,1,917,156,1,5,4199809024,0x4000b663,-1
5014,13206,1,918,156,1,6,3126067200,0x3f1b36e0,-1
5015,13207,1,919,156,1,7,978583552,0xbf3ef792,-1
5016,13208,1,920,156,1,8,710148096,0xbf7904b5,-1
5017,13209,1,921,156,1,9,2857631744,0x3edaabf2,-1
5018,13210,1,922,156,1,10,3931373568,0x3fafecf9,-1
5019,13211,1,923,156,1,11,1783889920,0xbe5af347,-1
5020,13212,1,924,156,1,12,1247019008,0xbf0d68bc,-1
5021,13213,1,925,156,1,13,3394502656,0x3f4ebff0,-1
5022,13214,1,926,156,1,14,2320760832,0x3dcf76e6,-1
5023,13215,1,927,156,1,15,173277184,0xbfdf940a,-1
5024,13216,1,928,157,0,0,240386048,0xbfcb760e,-1
5025,13217,1,929,157,0,1,2387869696,0x3e1022bc,-1
5026,13218,1,930,157,0,2,3461611520,0x3f5cf69f,-1
5027,13219,1,931,157,0,3,1314127872,0xbf01def6,-1
5028,13220,1,932,157,0,4,1850998784,0xbe3214b4,-1
5029,13221,1,933,157,0,5,3998482432,0x3fbdd489,-1
5030,13222,1,934,157,0,6,2924740608,0x3ef0d9b0,-1
5031,13223,1,935,157,0,7,777256960,0xbf6963b3,-1
5032,13224,1,936,157,0,8,1045692416,0xbf31f7bd,-1
5033,13225,1,937,157,0,9,3193176064,0x3f2771a9,-1
5034,13226,1,938,157,0,10,4266917888,0x401eda85,-1
5035,13227,1,939,157,0,11,2119434240,0xbc861c50,-1
5036,13228,1,940,157,0,12,1582563328,0xbeabfc71,-1
5037,13229,1,941,157,0,13,3730046976,0x3f8f416e,-1
5038,13230,1,942,157,0,14,2656305152,0x3e9a5959,-1
5039,13231,1,943,157,0,15,508821504,0xbf9761da,-1
5040,13232,1,944,157,1,0,374603776,0xbfadd58c,-1
5041,13233,1,945,157,1,1,2522087424,0x3e61afe8,-1
5042,13234,1,946,157,1,2,3595829248,0x3f7bac01,-1
5043,13235,1,947,157,1,3,1448345600,0xbed712ab,-1
5044,13236,1,948,157,1,4,1985216512,0xbdc23dbe,-1
5045,13237,1,949,157,1,5,4132700160,0x3fe37613,-1
5046,13238,1,950,157,1,6,3058958336,0x3f0f5446,-1
5047,13239,1,951,157,1,7,911474688,0xbf4c7a88,-1
5048,13240,1,952,157,1,8,643039232,0xbf84d155,-1
5049,13241,1,953,157,1,9,2790522880,0x3ec4e563,-1
5050,13242,1,954,157,1,10,3864264704,0x3fa3d583,-1
5051,13243,1,955,157,1,11,1716781056,0xbe8215f9,-1
5052,13244,1,956,157,1,12,1179910144,0xbf193df7,-1
5053,13245,1,957,157,1,13,3327393792,0x3f41258d,-1
5054,13246,1,958,157,1,14,2253651968,0x3d7df56f,-1
5055,13247,1,959,157,1,15,106168320,0xbffb7e42,-1
5056,13248,1,960,158,0,0,72613888,0xc007d395,-1
5057,13249,1,961,158,0,1,2220097536,0x3d2da2d1,-1
5058,13250,1,962,158,0,2,3293839360,0x3f3a8bf1,-1
5059,13251,1,963,158,0,3,1146355712,0xbf1f4830,-1
5060,13252,1,964,158,0,4,1683226624,0xbe8c77fa,-1
5061,13253,1,965,158,0,5,3830710272,0x3f9e4d3e,-1
5062,13254,1,966,158,0,6,2756968448,0x3eba248d,-1
5063,13255,1,967,158,0,7,609484800,0xbf89307b,-1
5064,13256,1,968,158,0,8,877920256,0xbf5373a7,-1
5065,13257,1,969,158,0,9,3025403904,0x3f098087,-1
5066,13258,1,970,158,0,10,4099145728,0x3fd836c8,-1
5067,13259,1,971,158,0,11,1951662080,0xbdea917a,-1
5068,13260,1,972,158,0,12,1414791168,0xbee21318,-1
5069,13261,1,973,158,0,13,3562274816,0x3f73aab4,-1
5070,13262,1,974,158,0,14,2488532992,0x3e4d2f5e,-1
5071,13263,1,975,158,0,15,341049344,0xbfb45c84,-1
5072,13264,1,976,158,1,0,475267072,0xbf9c8cac,-1
5073,13265,1,977,158,1,1,2622750720,0x3e8fe350,-1
5074,13266,1,978,158,1,2,3696492544,0x3f8aa8bf,-1
5075,13267,1,979,158,1,3,1549008896,0xbeb6a1e5,-1
5076,13268,1,980,158,1,4,2085879808,0xbd134bd1,-1
5077,13269,1,981,158,1,5,4233363456,0x400c0463,-1
5078,13270,1,982,158,1,6,3159621632,0x3f21487d,-1
5079,13271,1,983,158,1,7,1012137984,0xbf386870,-1
5080,13272,1,984,158,1,8,743702528,0xbf711772,-1
5081,13273,1,985,158,1,9,2891186176,0x3ee5b506,-1
5082,13274,1,986,158,1,10,3964928000,0x3fb69bd1,-1
5083,13275,1,987,158,1,11,1817444352,0xbe4679df,-1
5084,13276,1,988,158,1,12,1280573440,0xbf079b08,-1
5085,13277,1,989,158,1,13,3428057088,0x3f55c631,-1
5086,13278,1,990,158,1,14,2354315264,0x3df7d1d6,-1
5087,13279,1,991,158,1,15,206831616,0xbfd4dd03,-1
5088,13280,1,992,159,0,0,139722752,0xbfec231e,-1
5089,13281,1,993,159,0,1,2287206400,0x3da7308b,-1
5090,13282,1,994,159,0,2,3360948224,0x3f47e0af,-1
5091,13283,1,995,159,0,3,1213464576,0xbf134947,-1
5092,13284,1,996,159,0,4,1750335488,0xbe6f8331,-1
5093,13285,1,997,159,0,5,3897819136,0x3fa9b0cb,-1
5094,13286,1,998,159,0,6,2824077312,0x3ecfbca4,-1
5095,13287,1,999,159,0,7,676593664,0xbf809881,-1
5096,13288,1,1000,159,0,8,945029120,0xbf45a76e,-1
5097,13289,1,1001,159,0,9,3092512768,0x3f153b48,-1
5098,13290,1,1002,159,0,10,4166254592,0x3ff0cd23,-1
5099,13291,1,1003,159,0,11,2018770944,0xbd99fd42,-1
5100,13292,1,1004,159,0,12,1481900032,0xbecc2b71,-1
5101,13293,1,1005,159,0,13,3629383680,0x3f81f729,-1
5102,13294,1,1006,159,0,14,2555641856,0x3e7647b5,-1
5103,13295,1,1007,159,0,15,408158208,0xbfa7bae7,-1
5104,13296,1,1008,159,1,0,273940480,0xbfc30b40,-1
5105,13297,1,1009,159,1,1,2421424128,0x3e246afc,-1
5106,13298,1,1010,159,1,2,3495165952,0x3f6454c8,-1
5107,13299,1,1011,159,1,3,1347682304,0xbef866c7,-1
5108,13300,1,1012,159,1,4,1884553216,0xbe1dc18e,-1
5109,13301,1,1013,159,1,5,4032036864,0x3fc5b656,-1
5110,13302,1,1014,159,1,6,2958295040,0x3efc1bde,-1
5111,13303,1,1015,159,1,7,810811392,0xbf61e49c,-1
5112,13304,1,1016,159,1,8,542375936,0xbf927359,-1
5113,13305,1,1017,159,1,9,2689859584,0x3ea4dffb,-1
5114,13306,1,1018,159,1,10,3763601408,0x3f940b6a,-1
5115,13307,1,1019,159,1,11,1616117760,0xbea169e5,-1
5116,13308,1,1020,159,1,12,1079246848,0xbf2ba362,-1
5117,13309,1,1021,159,1,13,3226730496,0x3f2db40f,-1
5118,13310,1,1022,159,1,14,2152988672,0x3b528ea2,-1
5119,13311,1,1023,159,1,15,5505024,0xc04101fd,42
5120,13312,1,1024,160,0,0,7602176,0xc03aa7a1,34
5121,13313,1,1025,160,0,1,2155085824,0x3b91628b,-1
5122,13314,1,1026,160,0,2,3228827648,0x3f2e1916,-1
5123,13315,1,1027,160,0,3,1081344000,0xbf2b3f02,-1
5124,13316,1,1028,160,0,4,1618214912,0xbea0c154,-1
5125,13317,1,1029,160,0,5,3765698560,0x3f9459cf,-1
5126,13318,1,1030,160,0,6,2691956736,0x3ea588fa,-1
5127,13319,1,1031,160,0,7,544473088,0xbf922647,-1
5128,13320,1,1032,160,0,8,812908544,0xbf616e50,-1
5129,13321,1,1033,160,0,9,2960392192,0x3efcd107,-1
5130,13322,1,1034,160,0,10,4034134016,0x3fc63af8,-1
5131,13323,1,1035,160,0,11,1886650368,0xbe1c7ce8,-1
5132,13324,1,1036,160,0,12,1349779456,0xbef7b260,-1
5133,13325,1,1037,160,0,13,3497263104,0x3f64cc46,-1
5134,13326,1,1038,160,0,14,2423521280,0x3e25b007,-1
5135,13327,1,1039,160,0,15,276037632,0xbfc28b92,-1
5136,13328,1,1040,160,1,0,410255360,0xbfa75c71,-1
5137,13329,1,1041,160,1,1,2557739008,0x3e779206,-1
5138,13330,1,1042,160,1,2,3631480832,0x3f823a63,-1
5139,13331,1,1043,160,1,3,1483997184,0xbecb7dc9,-1
5140,13332,1,1044,160,1,4,2020868096,0xbd9779c6,-1
5141,13333,1,1045,160,1,5,4168351744,0x3ff1ba19,-1
5142,13334,1,1046,160,1,6,3094609920,0x3f159a63,-1
5143,13335,1,1047,160,1,7,947126272,0xbf453b6f,-1
5144,13336,1,1048,160,1,8,678690816,0xbf805623,-1
5145,13337,1,1049,160,1,9,2826174464,0x3ed06ae0,-1
5146,13338,1,1050,160,1,10,3899916288,0x3faa118d,-1
5147,13339,1,1051,160,1,11,1752432640,0xbe6e397e,-1
5148,13340,1,1052,160,1,12,1215561728,0xbf12eaab,-1
5149,13341,1,1053,160,1,13,3363045376,0x3f484d8d,-1
5150,13342,1,1054,160,1,14,2289303552,0x3da9b46a,-1
5151,13343,1,1055,160,1,15,141819904,0xbfeb488f,-1
5152,13344,1,1056,161,0,0,208928768,0xbfd43dcc,-1
5153,13345,1,1057,161,0,1,2356412416,0x3dfa584c,-1
5154,13346,1,1058,161,0,2,3430154240,0x3f5637f2,-1
5155,13347,1,1059,161,0,3,1282670592,0xbf073ec6,-1
5156,13348,1,1060,161,0,4,1819541504,0xbe4532fb,-1
5157,13349,1,1061,161,0,5,3967025152,0x3fb70b0c,-1
5158,13350,1,1062,161,0,6,2893283328,0x3ee6667d,-1
5159,13351,1,1063,161,0,7,745799680,0xbf709a95,-1
5160,13352,1,1064,161,0,8,1014235136,0xbf380086,-1
5161,13353,1,1065,161,0,9,3161718784,0x3f21aa5b,-1
5162,13354,1,1066,161,0,10,4235460608,0x400ce338,-1
5163,13355,1,1067,161,0,11,2087976960,0xbd0e479e,-1
5164,13356,1,1068,161,0,12,1551106048,0xbeb5f6f9,-1
5165,13357,1,1069,161,0,13,3698589696,0x3f8af0f2,-1
5166,13358,1,1070,161,0,14,2624847872,0x3e908a3a,-1
5167,13359,1,1071,161,0,15,477364224,0xbf9c3814,-1
5168,13360,1,1072,161,1,0,343146496,0xbfb3f089,-1
5169,13361,1,1073,161,1,1,2490630144,0x3e4e76c3,-1
5170,13362,1,1074,161,1,2,3564371968,0x3f7428fe,-1
5171,13363,1,1075,161,1,3,1416888320,0xbee1624c,-1
5172,13364,1,1076,161,1,4,1953759232,0xbde80b9a,-1
5173,13365,1,1077,161,1,5,4101242880,0x3fd8de89,-1
5174,13366,1,1078,161,1,6,3027501056,0x3f09dd38,-1
5175,13367,1,1079,161,1,7,880017408,0xbf5302e9,-1
5176,13368,1,1080,161,1,8,611581952,0xbf88e955,-1
5177,13369,1,1081,161,1,9,2759065600,0x3ebacffa,-1
5178,13370,1,1082,161,1,10,3832807424,0x3f9ea38c,-1
5179,13371,1,1083,161,1,11,1685323776,0xbe8bd16e,-1
5180,13372,1,1084,161,1,12,1148452864,0xbf1ee6e4,-1
5181,13373,1,1085,161,1,13,3295936512,0x3f3af49b,-1
5182,13374,1,1086,161,1,14,2222194688,0x3d32a766,-1
5183,13375,1,1087,161,1,15,74711040,0xc007173f,-1
5184,13376,1,1088,162,0,0,108265472,0xbffa6c27,-1
5185,13377,1,1089,162,0,1,2255749120,0x3d817dac,-1
5186,13378,1,1090,162,0,2,3329490944,0x3f41903d,-1
5187,13379,1,1091,162,0,3,1182007296,0xbf18de0e,-1
5188,13380,1,1092,162,0,4,1718878208,0xbe817050,-1
5189,13381,1,1093,162,0,5,3866361856,0x3fa430a8,-1
5190,13382,1,1094,162,0,6,2792620032,0x3ec5922b,-1
5191,13383,1,1095,162,0,7,645136384,0xbf848cb3,-1
5192,13384,1,1096,162,0,8,913571840,0xbf4c0c41,-1
5193,13385,1,1097,162,0,9,3061055488,0x3f0fb222,-1
5194,13386,1,1098,162,0,10,4134797312,0x3fe4399d,-1
5195,13387,1,1099,162,0,11,1987313664,0xbdbfb931,-1
5196,13388,1,1100,162,0,12,1450442752,0xbed6637f,-1
5197,13389,1,1101,162,0,13,3597926400,0x3f7c2e2e,-1
5198,13390,1,1102,162,0,14,2524184576,0x3e62f8b0,-1
5199,13391,1,1103,162,0,15,376700928,0xbfad70e6,-1
5200,13392,1,1104,162,1,0,510918656,0xbf971142,-1
5201,13393,1,1105,162,1,1,2658402304,0x3e9b0143,-1
5202,13394,1,1106,162,1,2,3732144128,0x3f8f8c8d,-1
5203,13395,1,1107,162,1,3,1584660480,0xbeab52be,-1
5204,13396,1,1108,162,1,4,2121531392,0xbc782a6a,-1
5205,13397,1,1109,162,1,5,4269015040,0x40209e2b,-1
5206,13398,1,1110,162,1,6,3195273216,0x3f27d50d,-1
5207,13399,1,1111,162,1,7,1047789568,0xbf3191a8,-1
5208,13400,1,1112,162,1,8,779354112,0xbf68ea43,-1
5209,13401,1,1113,162,1,9,2926837760,0x3ef18cf1,-1
5210,13402,1,1114,162,1,10,4000579584,0x3fbe4d50,-1
5211,13403,1,1115,162,1,11,1853095936,0xbe30cf00,-1
5212,13404,1,1116,162,1,12,1316225024,0xbf0183c4,-1
5213,13405,1,1117,162,1,13,3463708672,0x3f5d6b21,-1
5214,13406,1,1118,162,1,14,2389966848,0x3e1166ce,-1
5215,13407,1,1119,162,1,15,242483200,0xbfcae8ae,-1
5216,13408,1,1120,163,0,0,175374336,0xbfdedc8e,-1
5217,13409,1,1121,163,0,1,2322857984,0x3dd1fbf0,-1
5218,13410,1,1122,163,0,2,3396599808,0x3f4f2f28,-1
5219,13411,1,1123,163,0,3,1249116160,0xbf0d0b56,-1
5220,13412,1,1124,163,0,4,1785987072,0xbe59ab0e,-1
5221,13413,1,1125,163,0,5,3933470720,0x3fb05455,-1
5222,13414,1,1126,163,0,6,2859728896,0x3edb5bbd,-1
5223,13415,1,1127,163,0,7,712245248,0xbf788417,-1
5224,13416,1,1128,163,0,8,980680704,0xbf3e8db1,-1
5225,13417,1,1129,163,0,9,3128164352,0x3f1b9751,-1
5226,13418,1,1130,163,0,10,4201906176,0x40014f55,-1
5227,13419,1,1131,163,0,11,2054422528,0xbd5e929f,-1
5228,13420,1,1132,163,0,12,1517551616,0xbec0af7b,-1
5229,13421,1,1133,163,0,13,3665035264,0x3f8681b8,-1
5230,13422,1,1134,163,0,14,2591293440,0x3e862291,-1
5231,13423,1,1135,163,0,15,443809792,0xbfa1a311,-1
5232,13424,1,1136,163,1,0,309592064,0xbfbaf031,-1
5233,13425,1,1137,163,1,1,2457075712,0x3e3a09f5,-1
5234,13426,1,1138,163,1,2,3530817536,0x3f6c5f64,-1
5235,13427,1,1139,163,1,3,1383333888,0xbeec7bf6,-1
5236,13428,1,1140,163,1,4,1920204800,0xbe083a8c,-1
5237,13429,1,1141,163,1,5,4067688448,0x3fcf006f,-1
5238,13430,1,1142,163,1,6,2993946624,0x3f041a67,-1
5239,13431,1,1143,163,1,7,846462976,0xbf5a2277,-1
5240,13432,1,1144,163,1,8,578027520,0xbf8d703a,-1
5241,13433,1,1145,163,1,9,2725511168,0x3eb022be,-1
5242,13434,1,1146,163,1,10,3799252992,0x3f995ef9,-1
5243,13435,1,1147,163,1,11,1651769344,0xbe964156,-1
5244,13436,1,1148,163,1,12,1114898432,0xbf2506ab,-1
5245,13437,1,1149,163,1,13,3262382080,0x3f347847,-1
5246,13438,1,1150,163,1,14,2188640256,0x3cc4ca0c,-1
5247,13439,1,1151,163,1,15,41156608,0xc015e854,-1
5248,13440,1,1152,164,0,0,57933824,0xc00d8ed4,-1
5249,13441,1,1153,164,0,1,2205417472,0x3d0a8482,-1
5250,13442,1,1154,164,0,2,3279159296,0x3f37b2ab,-1
5251,13443,1,1155,164,0,3,1131675648,0xbf21f3d0,-1
5252,13444,1,1156,164,0,4,1668546560,0xbe910774,-1
5253,13445,1,1157,164,0,5,3816030208,0x3f9bf8ce,-1
5254,13446,1,1158,164,0,6,2742288384,0x3eb576d5,-1
5255,13447,1,1159,164,0,7,594804736,0xbf8b2736,-1
5256,13448,1,1160,164,0,8,863240192,0xbf568d5f,-1
5257,13449,1,1161,164,0,9,3010723840,0x3f06f99f,-1
5258,13450,1,1162,164,0,10,4084465664,0x3fd3c739,-1
5259,13451,1,1163,164,0,11,1936982016,0xbdfc3d34,-1
5260,13452,1,1164,164,0,12,1400111104,0xbee6eba8,-1
5261,13453,1,1165,164,0,13,3547594752,0x3f703d14,-1
5262,13454,1,1166,164,0,14,2473852928,0x3e443ddc,-1
5263,13455,1,1167,164,0,15,326369280,0xbfb75ed3,-1
5264,13456,1,1168,164,1,0,460587008,0xbf9ee477,-1
5265,13457,1,1169,164,1,1,2608070656,0x3e8b548e,-1
5266,13458,1,1170,164,1,2,3681812480,0x3f88b415,-1
5267,13459,1,1171,164,1,3,1534328832,0xbebb5099,-1
5268,13460,1,1172,164,1,4,2071199744,0xbd366ae1,-1
5269,13461,1,1173,164,1,5,4218683392,0x40068cef,-1
5270,13462,1,1174,164,1,6,3144941568,0x3f1e9dfa,-1
5271,13463,1,1175,164,1,7,997457920,0xbf3b432f,-1
5272,13464,1,1176,164,1,8,729022464,0xbf7487dc,-1
5273,13465,1,1177,164,1,9,2876506112,0x3ee0ddc4,-1
5274,13466,1,1178,164,1,10,3950247936,0x3fb39fe1,-1
5275,13467,1,1179,164,1,11,1802764288,0xbe4f6c5d,-1
5276,13468,1,1180,164,1,12,1265893376,0xbf0a22c9,-1
5277,13469,1,1181,164,1,13,3413377024,0x3f52ae76,-1
5278,13470,1,1182,164,1,14,2339635200,0x3de62741,-1
5279,13471,1,1183,164,1,15,192151552,0xbfd95d50,-1
5280,13472,1,1184,165,0,0,259260416,0xbfc69efe,-1
5281,13473,1,1185,165,0,1,2406744064,0x3e1b8976,-1
5282,13474,1,1186,165,0,2,3480485888,0x3f6115b7,-1
5283,13475,1,1187,165,0,3,1333002240,0xbefd58fb,-1
5284,13476,1,1188,165,0,4,1869873152,0xbe26a3db,-1
5285,13477,1,1189,165,0,5,4017356800,0x3fc22c4e,-1
5286,13478,1,1190,165,0,6,2943614976,0x3ef72b28,-1
5287,13479,1,1191,165,0,7,796131328,0xbf652605,-1
5288,13480,1,1192,165,0,8,1064566784,0xbf2e64ed,-1
5289,13481,1,1193,165,0,9,3212050432,0x3f2af3cb,-1
5290,13482,1,1194,165,0,10,4285792256,0x4036de32,30
5291,13483,1,1195,165,0,11,2138308608,0xbbaf76fe,-1
5292,13484,1,1196,165,0,12,1601437696,0xbea607c6,-1
5293,13485,1,1197,165,0,13,3748921344,0x3f91ec9c,-1
5294,13486,1,1198,165,0,14,2675179520,0x3ea042f3,-1
5295,13487,1,1199,165,0,15,527695872,0xbf9494c0,-1
5296,13488,1,1200,165,1,0,393478144,0xbfaa5a5f,-1
5297,13489,1,1201,165,1,1,2540961792,0x3e6d4248,-1
5298,13490,1,1202,165,1,2,3614703616,0x3f802474,-1
5299,13491,1,1203,165,1,3,1467219968,0xbed0ed9d,-1
5300,13492,1,1204,165,1,4,2004090880,0xbdab975c,-1
5301,13493,1,1205,165,1,5,4151574528,0x3feaa661,-1
5302,13494,1,1206,165,1,6,3077832704,0x3f12a3c3,-1
5303,13495,1,1207,165,1,7,930349056,0xbf489f4b,-1
5304,13496,1,1208,165,1,8,661913600,0xbf826ce5,-1
5305,13497,1,1209,165,1,9,2809397248,0x3ecafb9b,-1
5306,13498,1,1210,165,1,10,3883139072,0x3fa715d4,-1
5307,13499,1,1211,165,1,11,1735655424,0xbe7889d3,-1
5308,13500,1,1212,165,1,12,1198784512,0xbf15e1c5,-1
5309,13501,1,1213,165,1,13,3346268160,0x3f44ea87,-1
5310,13502,1,1214,165,1,14,2272526336,0x3d959733,-1
5311,13503,1,1215,165,1,15,125042688,0xbff26df8,-1
5312,13504,1,1216,166,0,0,91488256,0xc001c3f7,-1
5313,13505,1,1217,166,0,1,2238971904,0x3d5aceae,-1
5314,13506,1,1218,166,0,2,3312713728,0x3f3e3e5d,-1
5315,13507,1,1219,166,0,3,1165230080,0xbf1bdfb4,-1
5316,13508,1,1220,166,0,4,1702100992,0xbe869f1a,-1
5317,13509,1,1221,166,0,5,3849584640,0x3fa16064,-1
5318,13510,1,1222,166,0,6,2775842816,0x3ec02e5b,-1
5319,13511,1,1223,166,0,7,628359168,0xbf86b603,-1
5320,13512,1,1224,166,0,8,896794624,0xbf4f82ab,-1
5321,13513,1,1225,166,0,9,3044278272,0x3f0cc557,-1
5322,13514,1,1226,166,0,10,4118020096,0x3fde541b,-1
5323,13515,1,1227,166,0,11,1970536448,0xbdd3dfc5,-1
5324,13516,1,1228,166,0,12,1433665536,0xbedbdfa7,-1
5325,13517,1,1229,166,0,13,3581149184,0x3f7823cb,-1
5326,13518,1,1230,166,0,14,2507407360,0x3e58b4f2,-1
5327,13519,1,1231,166,0,15,359923712,0xbfb0a226,-1
5328,13520,1,1232,166,1,0,494141440,0xbf999cb5,-1
5329,13521,1,1233,166,1,1,2641625088,0x3e95c3be,-1
5330,13522,1,1234,166,1,2,3715366912,0x3f8d38e4,-1
5331,13523,1,1235,166,1,3,1567883264,0xbeb0a26a,-1
5332,13524,1,1236,166,1,4,2104754176,0xbccc4fb7,-1
5333,13525,1,1237,166,1,5,4252237824,0x40150279,-1
5334,13526,1,1238,166,1,6,3178496000,0x3f24bca5,-1
5335,13527,1,1239,166,1,7,1031012352,0xbf34c570,-1
5336,13528,1,1240,166,1,8,762576896,0xbf6cbb96,-1
5337,13529,1,1241,166,1,9,2910060544,0x3eebf622,-1
5338,13530,1,1242,166,1,10,3983802368,0x3fba98fb,-1
5339,13531,1,1243,166,1,11,1836318720,0xbe3afe9e,-1
5340,13532,1,1244,166,1,12,1299447808,0xbf045f25,-1
5341,13533,1,1245,166,1,13,3446931456,0x3f59cc06,-1
5342,13534,1,1246,166,1,14,2373189632,0x3e0747c9,-1
5343,13535,1,1247,166,1,15,225705984,0xbfcf6ff6,-1
5344,13536,1,1248,167,0,0,158597120,0xbfe4cda6,-1
5345,13537,1,1249,167,0,1,2306080768,0x3dbdd5d3,-1
5346,13538,1,1250,167,0,2,3379822592,0x3f4bb9a4,-1
5347,13539,1,1251,167,0,3,1232338944,0xbf0ff894,-1
5348,13540,1,1252,167,0,4,1769209856,0xbe63ef55,-1
5349,13541,1,1253,167,0,5,3916693504,0x3fad25b0,-1
5350,13542,1,1254,167,0,6,2842951680,0x3ed5e02f,-1
5351,13543,1,1255,167,0,7,695468032,0xbf7c8ffa,-1
5352,13544,1,1256,167,0,8,963903488,0xbf41e057,-1
5353,13545,1,1257,167,0,9,3111387136,0x3f18962e,-1
5354,13546,1,1258,167,0,10,4185128960,0x3ff9a17b,-1
5355,13547,1,1259,167,0,11,2037645312,0xbd835fec,-1
5356,13548,1,1260,167,0,12,1500774400,0xbec613cf,-1
5357,13549,1,1261,167,0,13,3648258048,0x3f845952,-1
5358,13550,1,1262,167,0,14,2574516224,0x3e80f41a,-1
5359,13551,1,1263,167,0,15,427032576,0xbfa4753b,-1
5360,13552,1,1264,167,1,0,292814848,0xbfbea856,-1
5361,13553,1,1265,167,1,1,2440298496,0x3e2fdac5,-1
5362,13554,1,1266,167,1,2,3514040320,0x3f688f51,-1
5363,13555,1,1267,167,1,3,1366556672,0xbef21374,-1
5364,13556,1,1268,167,1,4,1903427584,0xbe1259e5,-1
5365,13557,1,1269,167,1,5,4050911232,0x3fca7f47,-1
5366,13558,1,1270,167,1,6,2977169408,0x3f013f69,-1
5367,13559,1,1271,167,1,7,829685760,0xbf5dc2a0,-1
5368,13560,1,1272,167,1,8,561250304,0xbf8fc505,-1
5369,13561,1,1273,167,1,9,2708733952,0x3eaad384,-1
5370,13562,1,1274,167,1,10,3782475776,0x3f96d4f7,-1
5371,13563,1,1275,167,1,11,1634992128,0xbe9b7f3e,-1
5372,13564,1,1276,167,1,12,1098121216,0xbf281fa9,-1
5373,13565,1,1277,167,1,13,3245604864,0x3f31452b,-1
5374,13566,1,1278,167,1,14,2171863040,0x3c691fd2,-1
5375,13567,1,1279,167,1,15,24379392,0xc02206a6,-1
5376,13568,1,1280,168,0,0,32768000,0xc01b4680,-1
5377,13569,1,1281,168,0,1,2180251648,0x3c9cac7f,-1
5378,13570,1,1282,168,0,2,3253993472,0x3f32ddd4,-1
5379,13571,1,1283,168,0,3,1106509824,0xbf269262,-1
5380,13572,1,1284,168,0,4,1643380736,0xbe98dfc7,-1
5381,13573,1,1285,168,0,5,3790864384,0x3f98180e,-1
5382,13574,1,1286,168,0,6,2717122560,0x3ead7a88,-1
5383,13575,1,1287,168,0,7,569638912,0xbf8e991c,-1
5384,13576,1,1288,168,0,8,838074368,0xbf5bf122,-1
5385,13577,1,1289,168,0,9,2985558016,0x3f02ac63,-1
5386,13578,1,1290,168,0,10,4059299840,0x3fccb7be,-1
5387,13579,1,1291,168,0,11,1911816192,0xbe0d49c7,-1
5388,13580,1,1292,168,0,12,1374945280,0xbeef46cc,-1
5389,13581,1,1293,168,0,13,3522428928,0x3f6a75b1,-1
5390,13582,1,1294,168,0,14,2448687104,0x3e34f1ca,-1
5391,13583,1,1295,168,0,15,301203456,0xbfbcc72a,-1
5392,13584,1,1296,168,1,0,435421184,0xbfa3099e,-1
5393,13585,1,1297,168,1,1,2582904832,0x3e838ae7,-1
5394,13586,1,1298,168,1,2,3656646656,0x3f856c4e,-1
5395,13587,1,1299,168,1,3,1509163008,0xbec360f3,-1
5396,13588,1,1300,168,1,4,2046033920,0xbd72a87d,-1
5397,13589,1,1301,168,1,5,4193517568,0x3ffdf803,-1
5398,13590,1,1302,168,1,6,3119775744,0x3f1a1612,-1
5399,13591,1,1303,168,1,7,972292096,0xbf4035fb,-1
5400,13592,1,1304,168,1,8,703856640,0xbf7a8808,-1
5401,13593,1,1305,168,1,9,2851340288,0x3ed89d2b,-1
5402,13594,1,1306,168,1,10,3925082112,0x3faeb98e,-1
5403,13595,1,1307,168,1,11,1777598464,0xbe5ecc7a,-1
5404,13596,1,1308,168,1,12,1240727552,0xbf0e815d,-1
5405,13597,1,1309,168,1,13,3388211200,0x3f4d7333,-1
5406,13598,1,1310,168,1,14,2314469376,0x3dc7e843,-1
5407,13599,1,1311,168,1,15,166985728,0xbfe1c589,-1
5408,13600,1,1312,169,0,0,234094592,0xbfcd241b,-1
5409,13601,1,1313,169,0,1,2381578240,0x3e0c56db,-1
5410,13602,1,1314,169,0,2,3455320064,0x3f5b9a2b,-1
5411,13603,1,1315,169,0,3,1307836416,0xbf02f0ef,-1
5412,13604,1,1316,169,0,4,1844707328,0xbe35e63b,-1
5413,13605,1,1317,169,0,5,3992190976,0x3fbc6e19,-1
5414,13606,1,1318,169,0,6,2918449152,0x3eeec0a0,-1
5415,13607,1,1319,169,0,7,770965504,0xbf6ad141,-1
5416,13608,1,1320,169,0,8,1039400960,0xbf332aa6,-1
5417,13609,1,1321,169,0,9,3186884608,0x3f264812,-1
5418,13610,1,1322,169,0,10,4260626432,0x401a2ef5,-1
5419,13611,1,1323,169,0,11,2113142784,0xbca431f5,-1
5420,13612,1,1324,169,0,12,1576271872,0xbeadf9fb,-1
5421,13613,1,1325,169,0,13,3723755520,0x3f8e6137,-1
5422,13614,1,1326,169,0,14,2650013696,0x3e9861fe,-1
5423,13615,1,1327,169,0,15,502530048,0xbf98550e,-1
5424,13616,1,1328,169,1,0,368312320,0xbfaf060a,-1
5425,13617,1,1329,169,1,1,2515795968,0x3e5dd61a,-1
5426,13618,1,1330,169,1,2,3589537792,0x3f7a26fe,-1
5427,13619,1,1331,169,1,3,1442054144,0xbed920c7,-1
5428,13620,1,1332,169,1,4,1978925056,0xbdc9cbdb,-1
5429,13621,1,1333,169,1,5,4126408704,0x3fe13791,-1
5430,13622,1,1334,169,1,6,3052666880,0x3f0e3b24,-1
5431,13623,1,1335,169,1,7,905183232,0xbf4dc642,-1
5432,13624,1,1336,169,1,8,636747776,0xbf85a022,-1
5433,13625,1,1337,169,1,9,2784231424,0x3ec2df92,-1
5434,13626,1,1338,169,1,10,3857973248,0x3fa2c602,-1
5435,13627,1,1339,169,1,11,1710489600,0xbe840746,-1
5436,13628,1,1340,169,1,12,1173618688,0xbf1a5e33,-1
5437,13629,1,1341,169,1,13,3321102336,0x3f3fe645,-1
5438,13630,1,1342,169,1,14,2247360512,0x3d6ee447,-1
5439,13631,1,1343,169,1,15,99876864,0xbffed0c6,-1
5440,13632,1,1344,170,0,0,133431296,0xbfeec374,-1
5441,13633,1,1345,170,0,1,2280914944,0x3d9fa550,-1
5442,13634,1,1346,170,0,2,3354656768,0x3f469aed,-1
5443,13635,1,1347,170,0,3,1207173120,0xbf146595,-1
5444,13636,1,1348,170,0,4,1744044032,0xbe7360de,-1
5445,13637,1,1349,170,0,5,3891527680,0x3fa890c2,-1
5446,13638,1,1350,170,0,6,2817785856,0x3ecdb280,-1
5447,13639,1,1351,170,0,7,670302208,0xbf81606a,-1
5448,13640,1,1352,170,0,8,938737664,0xbf46ec3f,-1
5449,13641,1,1353,170,0,9,3086221312,0x3f141e71,-1
5450,13642,1,1354,170,0,10,4159963136,0x3fee18f4,-1
5451,13643,1,1355,170,0,11,2012479488,0xbda18812,-1
5452,13644,1,1356,170,0,12,1475608576,0xbece34f5,-1
5453,13645,1,1357,170,0,13,3623092224,0x3f812e52,-1
5454,13646,1,1358,170,0,14,2549350400,0x3e72695e,-1
5455,13647,1,1359,170,0,15,401866752,0xbfa8d874,-1
5456,13648,1,1360,170,1,0,536084480,0xbf935bcf,-1
5457,13649,1,1361,170,1,1,2683568128,0x3ea2e569,-1
5458,13650,1,1362,170,1,2,3757309952,0x3f932184,-1
5459,13651,1,1363,170,1,3,1609826304,0xbea363ff,-1
5460,13652,1,1364,170,1,4,2146697216,0xb9f0a2dc,-1
5461,13653,1,1365,170,1,5,4294180864,0x40640d3d,62
5462,13654,1,1366,170,1,6,3220439040,0x3f2c859b,-1
5463,13655,1,1367,170,1,7,1072955392,0xbf2cd121,-1
5464,13656,1,1368,170,1,8,804519936,0xbf6348a2,-1
5465,13657,1,1369,170,1,9,2952003584,0x3ef9fd1e,-1
5466,13658,1,1370,170,1,10,4025745408,0x3fc42d55,-1
5467,13659,1,1371,170,1,11,1878261760,0xbe218fdf,-1
5468,13660,1,1372,170,1,12,1341390848,0xbefa84b4,-1
5469,13661,1,1373,170,1,13,3488874496,0x3f62ef78,-1
5470,13662,1,1374,170,1,14,2415132672,0x3e209c3e,-1
5471,13663,1,1375,170,1,15,267649024,0xbfc48ee8,-1
5472,13664,1,1376,171,0,0,200540160,0xbfd6c28c,-1
5473,13665,1,1377,171,0,1,2348023808,0x3df03f07,-1
5474,13666,1,1378,171,0,2,3421765632,0x3f5471e8,-1
5475,13667,1,1379,171,0,3,1274281984,0xbf08b039,-1
5476,13668,1,1380,171,0,4,1811152896,0xbe4a4f07,-1
5477,13669,1,1381,171,0,5,3958636544,0x3fb55153,-1
5478,13670,1,1382,171,0,6,2884894720,0x3ee3a147,-1
5479,13671,1,1383,171,0,7,737411072,0xbf728f65,-1
5480,13672,1,1384,171,0,8,1005846528,0xbf39a0e4,-1
5481,13673,1,1385,171,0,9,3153330176,0x3f202370,-1
5482,13674,1,1386,171,0,10,4227072000,0x40098cfa,-1
5483,13675,1,1387,171,0,11,2079588352,0xbd2258c0,-1
5484,13676,1,1388,171,0,12,1542717440,0xbeb8a324,-1
5485,13677,1,1389,171,0,13,3690201088,0x3f89d12b,-1
5486,13678,1,1390,171,0,14,2616459264,0x3e8deeec,-1
5487,13679,1,1391,171,0,15,468975616,0xbf9d8c12,-1
5488,13680,1,1392,171,1,0,334757888,0xbfb5a381,-1
5489,13681,1,1393,171,1,1,2482241536,0x3e4959ac,-1
5490,13682,1,1394,171,1,2,3555983360,0x3f723137,-1
5491,13683,1,1395,171,1,3,1408499712,0xbee4261f,-1
5492,13684,1,1396,171,1,4,1945370624,0xbdf223a6,-1
5493,13685,1,1397,171,1,5,4092854272,0x3fd64808,-1
5494,13686,1,1398,171,1,6,3019112448,0x3f086ade,-1
5495,13687,1,1399,171,1,7,871628800,0xbf54c6d7,-1
5496,13688,1,1400,171,1,8,603193344,0xbf8a06eb,-1
5497,13689,1,1401,171,1,9,2750676992,0x3eb822c3,-1
5498,13690,1,1402,171,1,10,3824418816,0x3f9d4bfe,-1
5499,13691,1,1403,171,1,11,1676935168,0xbe8e6bf8,-1
5500,13692,1,1404,171,1,12,1140064256,0xbf206ca0,-1
5501,13693,1,1405,171,1,13,3287547904,0x3f3952ad,-1
5502,13694,1,1406,171,1,14,2213806080,0x3d1e9577,-1
5503,13695,1,1407,171,1,15,66322432,0xc00a25f5,-1
5504,13696,1,1408,172,0,0,49545216,0xc0116c94,-1
5505,13697,1,1409,172,0,1,2197028864,0x3cece8ce,-1
5506,13698,1,1410,172,0,2,3270770688,0x3f36148c,-1
5507,13699,1,1411,172,0,3,1123287040,0xbf237c7d,-1
5508,13700,1,1412,172,0,4,1660157952,0xbe93a3e7,-1
5509,13701,1,1413,172,0,5,3807641600,0x3f9aa9d8,-1
5510,13702,1,1414,172,0,6,2733899776,0x3eb2cc2b,-1
5511,13703,1,1415,172,0,7,586416128,0xbf8c4a4a,-1
5512,13704,1,1416,172,0,8,854851584,0xbf585690,-1
5513,13705,1,1417,172,0,9,3002335232,0x3f058979,-1
5514,13706,1,1418,172,0,10,4076077056,0x3fd15a80,-1
5515,13707,1,1419,172,0,11,1928593408,0xbe032c2a,-1
5516,13708,1,1420,172,0,12,1391722496,0xbee9b2ed,-1
5517,13709,1,1421,172,0,13,3539206144,0x3f6e4c7f,-1
5518,13710,1,1422,172,0,14,2465464320,0x3e3f234d,-1
5519,13711,1,1423,172,0,15,317980672,0xbfb922e8,-1
5520,13712,1,1424,172,1,0,452198400,0xbfa04168,-1
5521,13713,1,1425,172,1,1,2599682048,0x3e88bb1c,-1
5522,13714,1,1426,172,1,2,3673423872,0x3f87999f,-1
5523,13715,1,1427,172,1,3,1525940224,0xbebdff5f,-1
5524,13716,1,1428,172,1,4,2062811136,0xbd4a7e20,-1
5525,13717,1,1429,172,1,5,4210294784,0x4003d1df,-1
5526,13718,1,1430,172,1,6,3136552960,0x3f1d19f2,-1
5527,13719,1,1431,172,1,7,989069312,0xbf3ce770,-1
5528,13720,1,1432,172,1,8,720633856,0xbf768410,-1
5529,13721,1,1433,172,1,9,2868117504,0x3ede1bee,-1
5530,13722,1,1434,172,1,10,3941859328,0x3fb1f655,-1
5531,13723,1,1435,172,1,11,1794375680,0xbe548b07,-1
5532,13724,1,1436,172,1,12,1257504768,0xbf0b967c,-1
5533,13725,1,1437,172,1,13,3404988416,0x3f50ed90,-1
5534,13726,1,1438,172,1,14,2331246592,0x3ddc10ea,-1
5535,13727,1,1439,172,1,15,183762944,0xbfdc0ff2,-1
5536,13728,1,1440,173,0,0,250871808,0xbfc8bca1,-1
5537,13729,1,1441,173,0,1,2398355456,0x3e1677a9,-1
5538,13730,1,1442,173,0,2,3472097280,0x3f5f3ef5,-1
5539,13731,1,1443,173,0,3,1324613632,0xbf0017a0,-1
5540,13732,1,1444,173,0,4,1861484544,0xbe2bb8e2,-1
5541,13733,1,1445,173,0,5,4008968192,0x3fc0372f,-1
5542,13734,1,1446,173,0,6,2935226368,0x3ef45b1b,-1
5543,13735,1,1447,173,0,7,787742720,0xbf67068b,-1
5544,13736,1,1448,173,0,8,1056178176,0xbf2ffa6d,-1
5545,13737,1,1449,173,0,9,3203661824,0x3f29639e,-1
5546,13738,1,1450,173,0,10,4277403648,0x40294128,-1
5547,13739,1,1451,173,0,11,2129920000,0xbc27f271,-1
5548,13740,1,1452,173,0,12,1593049088,0xbea8acae,-1
5549,13741,1,1453,173,0,13,3740532736,0x3f90bafc,-1
5550,13742,1,1454,173,0,14,2666790912,0x3e9da193,-1
5551,13743,1,1455,173,0,15,519307264,0xbf95d132,-1
5552,13744,1,1456,173,1,0,385089536,0xbfabe26f,-1
5553,13745,1,1457,173,1,1,2532573184,0x3e681cbc,-1
5554,13746,1,1458,173,1,2,3606315008,0x3f7e3973,-1
5555,13747,1,1459,173,1,3,1458831360,0xbed3a7c9,-1
5556,13748,1,1460,173,1,4,1995702272,0xbdb5a7b7,-1
5557,13749,1,1461,173,1,5,4143185920,0x3fe75d59,-1
5558,13750,1,1462,173,1,6,3069444096,0x3f112a55,-1
5559,13751,1,1463,173,1,7,921960448,0xbf4a549d,-1
5560,13752,1,1464,173,1,8,653524992,0xbf837ba3,-1
5561,13753,1,1465,173,1,9,2801008640,0x3ec8462c,-1
5562,13754,1,1466,173,1,10,3874750464,0x3fa5a088,-1
5563,13755,1,1467,173,1,11,1727266816,0xbe7db465,-1
5564,13756,1,1468,173,1,12,1190395904,0xbf175f41,-1
5565,13757,1,1469,173,1,13,3337879552,0x3f433c4f,-1
5566,13758,1,1470,173,1,14,2264137728,0x3d8b8a02,-1
5567,13759,1,1471,173,1,15,116654080,0xbff64e57,-1
5568,13760,1,1472,174,0,0,83099648,0xc0045051,-1
5569,13761,1,1473,174,0,1,2230583296,0x3d46ba6d,-1
5570,13762,1,1474,174,0,2,3304325120,0x3f3c987d,-1
5571,13763,1,1475,174,0,3,1156841472,0xbf1d6298,-1
5572,13764,1,1476,174,0,4,1693712384,0xbe8937d0,-1
5573,13765,1,1477,174,0,5,3841196032,0x3f9fffa0,-1
5574,13766,1,1478,174,0,6,2767454208,0x3ebd7e80,-1
5575,13767,1,1479,174,0,7,619970560,0xbf87ce63,-1
5576,13768,1,1480,174,0,8,888406016,0xbf51418a,-1
5577,13769,1,1481,174,0,9,3035889664,0x3f0b50b4,-1
5578,13770,1,1482,174,0,10,4109631488,0x3fdb8c8b,-1
5579,13771,1,1483,174,0,11,1962147840,0xbdddf4ff,-1
5580,13772,1,1484,174,0,12,1425276928,0xbedea026,-1
5581,13773,1,1485,174,0,13,3572760576,0x3f76247d,-1
5582,13774,1,1486,174,0,14,2499018752,0x3e53952d,-1
5583,13775,1,1487,174,0,15,351535104,0xbfb24589,-1
5584,13776,1,1488,174,1,0,485752832,0xbf9ae856,-1
5585,13777,1,1489,174,1,1,2633236480,0x3e93267f,-1
5586,13778,1,1490,174,1,2,3706978304,0x3f8c137f,-1
5587,13779,1,1491,174,1,3,1559494656,0xbeb34c13,-1
5588,13780,1,1492,174,1,4,2096365568,0xbcf46eba,-1
5589,13781,1,1493,174,1,5,4243849216,0x4010a879,-1
5590,13782,1,1494,174,1,6,3170107392,0x3f2332bf,-1
5591,13783,1,1495,174,1,7,1022623744,0xbf36620d,-1
5592,13784,1,1496,174,1,8,754188288,0xbf6ea956,-1
5593,13785,1,1497,174,1,9,2901671936,0x3ee92d6e,-1
5594,13786,1,1498,174,1,10,3975413760,0x3fb8cd74,-1
5595,13787,1,1499,174,1,11,1827930112,0xbe401830,-1
5596,13788,1,1500,174,1,12,1291059200,0xbf05ce6b,-1
5597,13789,1,1501,174,1,13,3438542848,0x3f5800a2,-1
5598,13790,1,1502,174,1,14,2364801024,0x3e023990,-1
5599,13791,1,1503,174,1,15,217317376,0xbfd1cd6c,-1
5600,13792,1,1504,175,0,0,150208512,0xbfe7f815,-1
5601,13793,1,1505,175,0,1,2297692160,0x3db3c491,-1
5602,13794,1,1506,175,0,2,3371433984,0x3f4a0271,-1
5603,13795,1,1507,175,0,3,1223950336,0xbf117102,-1
5604,13796,1,1508,175,0,4,1760821248,0xbe6913a9,-1
5605,13797,1,1509,175,0,5,3908304896,0x3fab9871,-1
5606,13798,1,1510,175,0,6,2834563072,0x3ed324c3,-1
5607,13799,1,1511,175,0,7,687079424,0xbf7e9c07,-1
5608,13800,1,1512,175,0,8,955514880,0xbf438cd0,-1
5609,13801,1,1513,175,0,9,3102998528,0x3f1717a0,-1
5610,13802,1,1514,175,0,10,4176740352,0x3ff58fd7,-1
5611,13803,1,1515,175,0,11,2029256704,0xbd8d6c69,-1
5612,13804,1,1516,175,0,12,1492385792,0xbec8c814,-1
5613,13805,1,1517,175,0,13,3639869440,0x3f8348b3,-1
5614,13806,1,1518,175,0,14,2566127616,0x3e7cbc4a,-1
5615,13807,1,1519,175,0,15,418643968,0xbfa5e61b,-1
5616,13808,1,1520,175,1,0,284426240,0xbfc09445,-1
5617,13809,1,1521,175,1,1,2431909888,0x3e2ac4dc,-1
5618,13810,1,1522,175,1,2,3505651712,0x3f66ac34,-1
5619,13811,1,1523,175,1,3,1358168064,0xbef4e1f9,-1
5620,13812,1,1524,175,1,4,1895038976,0xbe176aed,-1
5621,13813,1,1525,175,1,5,4042522624,0x3fc85600,-1
5622,13814,1,1526,175,1,6,2968780800,0x3effa6eb,-1
5623,13815,1,1527,175,1,7,821297152,0xbf5f9700,-1
5624,13816,1,1528,175,1,8,552861696,0xbf90f40b,-1
5625,13817,1,1529,175,1,9,2700345344,0x3ea82dac,-1
5626,13818,1,1530,175,1,10,3774087168,0x3f959597,-1
5627,13819,1,1531,175,1,11,1626603520,0xbe9e1fc0,-1
5628,13820,1,1532,175,1,12,1089732608,0xbf29ae87,-1
5629,13821,1,1533,175,1,13,3237216256,0x3f2fae43,-1
5630,13822,1,1534,175,1,14,2163474432,0x3c18e814,-1
5631,13823,1,1535,175,1,15,15990784,0xc02b46cf,2
5632,13824,1,1536,176,0,0,11796480,0xc031b3ba,18
5633,13825,1,1537,176,0,1,2159280128,0x3be1992d,-1
5634,13826,1,1538,176,0,2,3233021952,0x3f2ee376,-1
5635,13827,1,1539,176,0,3,1085538304,0xbf2a7690,-1
5636,13828,1,1540,176,0,4,1622409216,0xbe9f7068,-1
5637,13829,1,1541,176,0,5,3769892864,0x3f94f741,-1
5638,13830,1,1542,176,0,6,2696151040,0x3ea6db2f,-1
5639,13831,1,1543,176,0,7,548667392,0xbf918cc1,-1
5640,13832,1,1544,176,0,8,817102848,0xbf608249,-1
5641,13833,1,1545,176,0,9,2964586496,0x3efe3bb9,-1
5642,13834,1,1546,176,0,10,4038328320,0x3fc746c2,-1
5643,13835,1,1547,176,0,11,1890844672,0xbe19f3cc,-1
5644,13836,1,1548,176,0,12,1353973760,0xbef649ef,-1
5645,13837,1,1549,176,0,13,3501457408,0x3f65bbd8,-1
5646,13838,1,1550,176,0,14,2427715584,0x3e283a50,-1
5647,13839,1,1551,176,0,15,280231936,0xbfc18e75,-1
5648,13840,1,1552,176,1,0,414449664,0xbfa6a094,-1
5649,13841,1,1553,176,1,1,2561933312,0x3e7a26f4,-1
5650,13842,1,1554,176,1,2,3635675136,0x3f82c142,-1
5651,13843,1,1555,176,1,3,1488191488,0xbeca22c0,-1
5652,13844,1,1556,176,1,4,2025062400,0xbd9272fb,-1
5653,13845,1,1557,176,1,5,4172546048,0x3ff39df9,-1
5654,13846,1,1558,176,1,6,3098804224,0x3f1658d8,-1
5655,13847,1,1559,176,1,7,951320576,0xbf4463da,-1
5656,13848,1,1560,176,1,8,682885120,0xbf7fa39e,-1
5657,13849,1,1561,176,1,9,2830368768,0x3ed1c7a1,-1
5658,13850,1,1562,176,1,10,3904110592,0x3faad438,-1
5659,13851,1,1563,176,1,11,1756626944,0xbe6ba663,-1
5660,13852,1,1564,176,1,12,1219756032,0xbf122daf,-1
5661,13853,1,1565,176,1,13,3367239680,0x3f4927b6,-1
5662,13854,1,1566,176,1,14,2293497856,0x3daebc5b,-1
5663,13855,1,1567,176,1,15,146014208,0xbfe99b4f,-1
5664,13856,1,1568,177,0,0,213123072,0xbfd30328,-1
5665,13857,1,1569,177,0,1,2360606720,0x3dff6582,-1
5666,13858,1,1570,177,0,2,3434348544,0x3f571bf5,-1
5667,13859,1,1571,177,0,3,1286864896,0xbf068676,-1
5668,13860,1,1572,177,0,4,1823735808,0xbe42a56e,-1
5669,13861,1,1573,177,0,5,3971219456,0x3fb7eb23,-1
5670,13862,1,1574,177,0,6,2897477632,0x3ee7c9bd,-1
5671,13863,1,1575,177,0,7,749993984,0xbf6fa185,-1
5672,13864,1,1576,177,0,8,1018429440,0xbf37310e,-1
5673,13865,1,1577,177,0,9,3165913088,0x3f226e5d,-1
5674,13866,1,1578,177,0,10,4239654912,0x400eb601,-1
5675,13867,1,1579,177,0,11,2092171264,0xbd043f64,-1
5676,13868,1,1580,177,0,12,1555300352,0xbeb4a15e,-1
5677,13869,1,1581,177,0,13,3702784000,0x3f8b81df,-1
5678,13870,1,1582,177,0,14,2629042176,0x3e91d83e,-1
5679,13871,1,1583,177,0,15,481558528,0xbf9b8faf,-1
5680,13872,1,1584,177,1,0,347340800,0xbfb31a10,-1
5681,13873,1,1585,177,1,1,2494824448,0x3e5105ce,-1
5682,13874,1,1586,177,1,2,3568566272,0x3f752645,-1
5683,13875,1,1587,177,1,3,1421082624,0xbee00104,-1
5684,13876,1,1588,177,1,4,1957953536,0xbde3001f,-1
5685,13877,1,1589,177,1,5,4105437184,0x3fda327a,-1
5686,13878,1,1590,177,1,6,3031695360,0x3f0a96d2,-1
5687,13879,1,1591,177,1,7,884211712,0xbf5221e9,-1
5688,13880,1,1592,177,1,8,615776256,0xbf885b89,-1
5689,13881,1,1593,177,1,9,2763259904,0x3ebc2712,-1
5690,13882,1,1594,177,1,10,3837001728,0x3f9f5103,-1
5691,13883,1,1595,177,1,11,1689518080,0xbe8a8481,-1
5692,13884,1,1596,177,1,12,1152647168,0xbf1e2490,-1
5693,13885,1,1597,177,1,13,3300130816,0x3f3bc64d,-1
5694,13886,1,1598,177,1,14,2226388992,0x3d3cb0c4,-1
5695,13887,1,1599,177,1,15,78905344,0xc005abba,-1
5696,13888,1,1600,178,0,0,112459776,0xbff85507,-1
5697,13889,1,1601,178,0,1,2259943424,0x3d8683bc,-1
5698,13890,1,1602,178,0,2,3333685248,0x3f426602,-1
5699,13891,1,1603,178,0,3,1186201600,0xbf181e7d,-1
5700,13892,1,1604,178,0,4,1723072512,0xbe802527,-1
5701,13893,1,1605,178,0,5,3870556160,0x3fa4e7ee,-1
5702,13894,1,1606,178,0,6,2796814336,0x3ec6ebfe,-1
5703,13895,1,1607,178,0,7,649330688,0xbf8403e0,-1
5704,13896,1,1608,178,0,8,917766144,0xbf4b3024,-1
5705,13897,1,1609,178,0,9,3065249792,0x3f106e15,-1
5706,13898,1,1610,178,0,10,4138991616,0x3fe5c70f,-1
5707,13899,1,1611,178,0,11,1991507968,0xbdbab04f,-1
5708,13900,1,1612,178,0,12,1454637056,0xbed50572,-1
5709,13901,1,1613,178,0,13,3602120704,0x3f7d334c,-1
5710,13902,1,1614,178,0,14,2528378880,0x3e658a87,-1
5711,13903,1,1615,178,0,15,380895232,0xbfaca8d9,-1
5712,13904,1,1616,178,1,0,515112960,0xbf9670c4,-1
5713,13905,1,1617,178,1,1,2662596608,0x3e9c5149,-1
5714,13906,1,1618,178,1,2,3736338432,0x3f902360,-1
5715,13907,1,1619,178,1,3,1588854784,0xbea9ff91,-1
5716,13908,1,1620,178,1,4,2125725696,0xbc500e45,-1
5717,13909,1,1621,178,1,5,4273209344,0x40249022,-1
5718,13910,1,1622,178,1,6,3199467520,0x3f289c22,-1
5719,13911,1,1623,178,1,7,1051983872,0xbf30c5d2,-1
5720,13912,1,1624,178,1,8,783548416,0xbf67f7ff,-1
5721,13913,1,1625,178,1,9,2931032064,0x3ef2f3ca,-1
5722,13914,1,1626,178,1,10,4004773888,0x3fbf40e2,-1
5723,13915,1,1627,178,1,11,1857290240,0xbe2e43ce,-1
5724,13916,1,1628,178,1,12,1320419328,0xbf00cd91,-1
5725,13917,1,1629,178,1,13,3467902976,0x3f5e54ae,-1
5726,13918,1,1630,178,1,14,2394161152,0x3e13ef1e,-1
5727,13919,1,1631,178,1,15,246677504,0xbfc9d0cb,-1
5728,13920,1,1632,179,0,0,179568640,0xbfdd72dd,-1
5729,13921,1,1633,179,0,1,2327052288,0x3dd70642,-1
5730,13922,1,1634,179,0,2,3400794112,0x3f500e0d,-1
5731,13923,1,1635,179,0,3,1253310464,0xbf0c50c4,-1
5732,13924,1,1636,179,0,4,1790181376,0xbe571ade,-1
5733,13925,1,1637,179,0,5,3937665024,0x3fb12469,-1
5734,13926,1,1638,179,0,6,2863923200,0x3edcbba2,-1
5735,13927,1,1639,179,0,7,716439552,0xbf778398,-1
5736,13928,1,1640,179,0,8,984875008,0xbf3dba50,-1
5737,13929,1,1641,179,0,9,3132358656,0x3f1c5875,-1
5738,13930,1,1642,179,0,10,4206100480,0x40028a2e,-1
5739,13931,1,1643,179,0,11,2058616832,0xbd548836,-1
5740,13932,1,1644,179,0,12,1521745920,0xbebf5741,-1
5741,13933,1,1645,179,0,13,3669229568,0x3f870d5b,-1
5742,13934,1,1646,179,0,14,2595487744,0x3e876eba,-1
5743,13935,1,1647,179,0,15,448004096,0xbfa0f1a3,-1
5744,13936,1,1648,179,1,0,313786368,0xbfba085e,-1
5745,13937,1,1649,179,1,1,2461270016,0x3e3c967a,-1
5746,13938,1,1650,179,1,2,3535011840,0x3f6d5584,-1
5747,13939,1,1651,179,1,3,1387528192,0xbeeb1739,-1
5748,13940,1,1652,179,1,4,1924399104,0xbe05b340,-1
5749,13941,1,1653,179,1,5,4071882752,0x3fd02b38,-1
5750,13942,1,1654,179,1,6,2998140928,0x3f04d1ce,-1
5751,13943,1,1655,179,1,7,850657280,0xbf593c2c,-1
5752,13944,1,1656,179,1,8,582221824,0xbf8cdce5,-1
5753,13945,1,1657,179,1,9,2729705472,0x3eb1774d,-1
5754,13946,1,1658,179,1,10,3803447296,0x3f9a03e8,-1
5755,13947,1,1659,179,1,11,1655963648,0xbe94f27f,-1
5756,13948,1,1660,179,1,12,1119092736,0xbf244163,-1
5757,13949,1,1661,179,1,13,3266576384,0x3f35462e,-1
5758,13950,1,1662,179,1,14,2192834560,0x3cd8d942,-1
5759,13951,1,1663,179,1,15,45350912,0xc013934c,-1
5760,13952,1,1664,180,0,0,62128128,0xc00bcdb4,-1
5761,13953,1,1665,180,0,1,2209611776,0x3d148cdf,-1
5762,13954,1,1666,180,0,2,3283353600,0x3f38826f,-1
5763,13955,1,1667,180,0,3,1135869952,0xbf213009,-1
5764,13956,1,1668,180,0,4,1672740864,0xbe8fb998,-1
5765,13957,1,1669,180,0,5,3820224512,0x3f9ca1dd,-1
5766,13958,1,1670,180,0,6,2746482688,0x3eb6cca3,-1
5767,13959,1,1671,180,0,7,598999040,0xbf8a96b9,-1
5768,13960,1,1672,180,0,8,867434496,0xbf55a9c7,-1
5769,13961,1,1673,180,0,9,3014918144,0x3f07b21b,-1
5770,13962,1,1674,180,0,10,4088659968,0x3fd50505,-1
5771,13963,1,1675,180,0,11,1941176320,0xbdf7303c,-1
5772,13964,1,1676,180,0,12,1404305408,0xbee588ad,-1
5773,13965,1,1677,180,0,13,3551789056,0x3f7136b3,-1
5774,13966,1,1678,180,0,14,2478047232,0x3e46cb9b,-1
5775,13967,1,1679,180,0,15,330563584,0xbfb68018,-1
5776,13968,1,1680,180,1,0,464781312,0xbf9e37b5,-1
5777,13969,1,1681,180,1,1,2612264960,0x3e8ca19f,-1
5778,13970,1,1682,180,1,2,3686006784,0x3f89424b,-1
5779,13971,1,1683,180,1,3,1538523136,0xbeb9f9b5,-1
5780,13972,1,1684,180,1,4,2075394048,0xbd2c61ae,-1
5781,13973,1,1685,180,1,5,4222877696,0x40080365,-1
5782,13974,1,1686,180,1,6,3149135872,0x3f1f6087,-1
5783,13975,1,1687,180,1,7,1001652224,0xbf3a71cb,-1
5784,13976,1,1688,180,1,8,733216768,0xbf738b2a,-1
5785,13977,1,1689,180,1,9,2880700416,0x3ee23f4f,-1
5786,13978,1,1690,180,1,10,3954442240,0x3fb47797,-1
5787,13979,1,1691,180,1,11,1806958592,0xbe4cdd88,-1
5788,13980,1,1692,180,1,12,1270087680,0xbf09695d,-1
5789,13981,1,1693,180,1,13,3417571328,0x3f538fdd,-1
5790,13982,1,1694,180,1,14,2343829504,0x3deb32f5,-1
5791,13983,1,1695,180,1,15,196345856,0xbfd80d11,-1
5792,13984,1,1696,181,0,0,263454720,0xbfc5954f,-1
5793,13985,1,1697,181,0,1,2410938368,0x3e1e12ba,-1
5794,13986,1,1698,181,0,2,3484680192,0x3f620237,-1
5795,13987,1,1699,181,0,3,1337196544,0xbefbee98,-1
5796,13988,1,1700,181,0,4,1874067456,0xbe2419bc,-1
5797,13989,1,1701,181,0,5,4021551104,0x3fc32b4a,-1
5798,13990,1,1702,181,0,6,2947809280,0x3ef893e5,-1
5799,13991,1,1703,181,0,7,800325632,0xbf6436f1,-1
5800,13992,1,1704,181,0,8,1068761088,0xbf2d9ad1,-1
5801,13993,1,1705,181,0,9,3216244736,0x3f2bbc7e,-1
5802,13994,1,1706,181,0,10,4289986560,0x4042f11e,46
5803,13995,1,1707,181,0,11,2142502912,0xbb3e8106,-1
5804,13996,1,1708,181,0,12,1605632000,0xbea4b5be,-1
5805,13997,1,1709,181,0,13,3753115648,0x3f9286a5,-1
5806,13998,1,1710,181,0,14,2679373824,0x3ea1940b,-1
5807,13999,1,1711,181,0,15,531890176,0xbf93f7d9,-1
5808,14000,1,1712,181,1,0,397672448,0xbfa998a9,-1
5809,14001,1,1713,181,1,1,2545156096,0x3e6fd5a1,-1
5810,14002,1,1714,181,1,2,3618897920,0x3f80a91e,-1
5811,14003,1,1715,181,1,3,1471414272,0xbecf9119,-1
5812,14004,1,1716,181,1,4,2008285184,0xbda68f96,-1
5813,14005,1,1717,181,1,5,4155768832,0x3fec5a2e,-1
5814,14006,1,1718,181,1,6,3082027008,0x3f1360f1,-1
5815,14007,1,1719,181,1,7,934543360,0xbf47c57d,-1
5816,14008,1,1720,181,1,8,666107904,0xbf81e660,-1
5817,14009,1,1721,181,1,9,2813591552,0x3ecc56de,-1
5818,14010,1,1722,181,1,10,3887333376,0x3fa7d293,-1
5819,14011,1,1723,181,1,11,1739849728,0xbe75f525,-1
5820,14012,1,1724,181,1,12,1202978816,0xbf152384,-1
5821,14013,1,1725,181,1,13,3350462464,0x3f45c273,-1
5822,14014,1,1726,181,1,14,2276720640,0x3d9a9e23,-1
5823,14015,1,1727,181,1,15,129236992,0xbff09266,-1
5824,14016,1,1728,182,0,0,95682560,0xc0009098,-1
5825,14017,1,1729,182,0,1,2243166208,0x3d64d94d,-1
5826,14018,1,1730,182,0,2,3316908032,0x3f3f1210,-1
5827,14019,1,1731,182,0,3,1169424384,0xbf1b1ec7,-1
5828,14020,1,1732,182,0,4,1706295296,0xbe855314,-1
5829,14021,1,1733,182,0,5,3853778944,0x3fa21295,-1
5830,14022,1,1734,182,0,6,2780037120,0x3ec186cb,-1
5831,14023,1,1735,182,0,7,632553472,0xbf862ac3,-1
5832,14024,1,1736,182,0,8,900988928,0xbf4ea429,-1
5833,14025,1,1737,182,0,9,3048472576,0x3f0d8018,-1
5834,14026,1,1738,182,0,10,4122214400,0x3fdfc231,-1
5835,14027,1,1739,182,0,11,1974730752,0xbdced5a7,-1
5836,14028,1,1740,182,0,12,1437859840,0xbeda8003,-1
5837,14029,1,1741,182,0,13,3585343488,0x3f7924e6,-1
5838,14030,1,1742,182,0,14,2511601664,0x3e5b4559,-1
5839,14031,1,1743,182,0,15,364118016,0xbfafd334,-1
5840,14032,1,1744,182,1,0,498335744,0xbf98f864,-1
5841,14033,1,1745,182,1,1,2645819392,0x3e9712be,-1
5842,14034,1,1746,182,1,2,3719561216,0x3f8dccaf,-1
5843,14035,1,1747,182,1,3,1572077568,0xbeaf4e0c,-1
5844,14036,1,1748,182,1,4,2108948480,0xbcb840b2,-1
5845,14037,1,1749,182,1,5,4256432128,0x40177913,-1
5846,14038,1,1750,182,1,6,3182690304,0x3f25822a,-1
5847,14039,1,1751,182,1,7,1035206656,0xbf33f7d1,-1
5848,14040,1,1752,182,1,8,766771200,0xbf6bc600,-1
5849,14041,1,1753,182,1,9,2914254848,0x3eed5b27,-1
5850,14042,1,1754,182,1,10,3987996672,0x3fbb824f,-1
5851,14043,1,1755,182,1,11,1840513024,0xbe387247,-1
5852,14044,1,1756,182,1,12,1303642112,0xbf03a7e9,-1
5853,14045,1,1757,182,1,13,3451125760,0x3f5ab2c0,-1
5854,14046,1,1758,182,1,14,2377383936,0x3e09cf37,-1
5855,14047,1,1759,182,1,15,229900288,0xbfce47e8,-1
5856,14048,1,1760,183,0,0,162791424,0xbfe34583,-1
5857,14049,1,1761,183,0,1,2310275072,0x3dc2dee5,-1
5858,14050,1,1762,183,0,2,3384016896,0x3f4c9620,-1
5859,14051,1,1763,183,0,3,1236533248,0xbf0f3cd2,-1
5860,14052,1,1764,183,0,4,1773404160,0xbe615db9,-1
5861,14053,1,1765,183,0,5,3920887808,0x3fadeec6,-1
5862,14054,1,1766,183,0,6,2847145984,0x3ed73e7a,-1
5863,14055,1,1767,183,0,7,699662336,0xbf7b8b7f,-1
5864,14056,1,1768,183,0,8,968097792,0xbf410ae6,-1
5865,14057,1,1769,183,0,9,3115581440,0x3f1955f5,-1
5866,14058,1,1770,183,0,10,4189323264,0x3ffbc37f,-1
5867,14059,1,1771,183,0,11,2041839616,0xbd7cb3f9,-1
5868,14060,1,1772,183,0,12,1504968704,0xbec4ba34,-1
5869,14061,1,1773,183,0,13,3652452352,0x3f84e284,-1
5870,14062,1,1774,183,0,14,2578710528,0x3e823f65,-1
5871,14063,1,1775,183,0,15,431226880,0xbfa3bec7,-1
5872,14064,1,1776,183,1,0,297009152,0xbfbdb671,-1
5873,14065,1,1777,183,1,1,2444492800,0x3e326623,-1
5874,14066,1,1778,183,1,2,3518234624,0x3f698218,-1
5875,14067,1,1779,183,1,3,1370750976,0xbef0ace5,-1
5876,14068,1,1780,183,1,4,1907621888,0xbe0fd1b9,-1
5877,14069,1,1781,183,1,5,4055105536,0x3fcb998d,-1
5878,14070,1,1782,183,1,6,2981363712,0x3f01f5c5,-1
5879,14071,1,1783,183,1,7,833880064,0xbf5cd986,-1
5880,14072,1,1784,183,1,8,565444608,0xbf8f2eae,-1
5881,14073,1,1785,183,1,9,2712928256,0x3eac26e0,-1
5882,14074,1,1786,183,1,10,3786670080,0x3f97760a,-1
5883,14075,1,1787,183,1,11,1639186432,0xbe9a2f61,-1
5884,14076,1,1788,183,1,12,1102315520,0xbf2758d3,-1
5885,14077,1,1789,183,1,13,3249799168,0x3f321147,-1
5886,14078,1,1790,183,1,14,2176057344,0x3c889e19,-1
5887,14079,1,1791,183,1,15,28573696,0xc01e6e4a,-1
5888,14080,1,1792,184,0,0,20185088,0xc026381c,-1
5889,14081,1,1793,184,0,1,2167668736,0x3c4103cd,-1
5890,14082,1,1794,184,0,2,3241410560,0x3f30797f,-1
5891,14083,1,1795,184,0,3,1093926912,0xbf28e6e5,-1
5892,14084,1,1796,184,0,4,1630797824,0xbe9ccf5d,-1
5893,14085,1,1797,184,0,5,3778281472,0x3f9634d2,-1
5894,14086,1,1798,184,0,6,2704539648,0x3ea98073,-1
5895,14087,1,1799,184,0,7,557056000,0xbf905c23,-1
5896,14088,1,1800,184,0,8,825491456,0xbf5eac73,-1
5897,14089,1,1801,184,0,9,2972975104,0x3f00894f,-1
5898,14090,1,1802,184,0,10,4046716928,0x3fc968cd,-1
5899,14091,1,1803,184,0,11,1899233280,0xbe14e24b,-1
5900,14092,1,1804,184,0,12,1362362368,0xbef37a7a,-1
5901,14093,1,1805,184,0,13,3509846016,0x3f679d5b,-1
5902,14094,1,1806,184,0,14,2436104192,0x3e2d4fad,-1
5903,14095,1,1807,184,0,15,288620544,0xbfbf9cec,-1
5904,14096,1,1808,184,1,0,422838272,0xbfa52cff,-1
5905,14097,1,1809,184,1,1,2570321920,0x3e7f520a,-1
5906,14098,1,1810,184,1,2,3644063744,0x3f83d0b8,-1
5907,14099,1,1811,184,1,3,1496580096,0xbec76dc4,-1
5908,14100,1,1812,184,1,4,2033451008,0xbd886610,-1
5909,14101,1,1813,184,1,5,4180934656,0x3ff790a8,-1
5910,14102,1,1814,184,1,6,3107192832,0x3f17d6bd,-1
5911,14103,1,1815,184,1,7,959709184,0xbf42b64f,-1
5912,14104,1,1816,184,1,8,691273728,0xbf7d957c,-1
5913,14105,1,1817,184,1,9,2838757376,0x3ed48247,-1
5914,14106,1,1818,184,1,10,3912499200,0x3fac5e41,-1
5915,14107,1,1819,184,1,11,1765015552,0xbe668150,-1
5916,14108,1,1820,184,1,12,1228144640,0xbf10b4a4,-1
5917,14109,1,1821,184,1,13,3375628288,0x3f4addc0,-1
5918,14110,1,1822,184,1,14,2301886464,0x3db8cd0d,-1
5919,14111,1,1823,184,1,15,154402816,0xbfe65e5b,-1
5920,14112,1,1824,185,0,0,221511680,0xbfd09c6a,-1
5921,14113,1,1825,185,0,1,2368995328,0x3e04c092,-1
5922,14114,1,1826,185,0,2,3442737152,0x3f58e5fd,-1
5923,14115,1,1827,185,0,3,1295253504,0xbf0516a6,-1
5924,14116,1,1828,185,0,4,1832124416,0xbe3d8b40,-1
5925,14117,1,1829,185,0,5,3979608064,0x3fb9b20c,-1
5926,14118,1,1830,185,0,6,2905866240,0x3eea918f,-1
5927,14119,1,1831,185,0,7,758382592,0xbf6db208,-1
5928,14120,1,1832,185,0,8,1026818048,0xbf359384,-1
5929,14121,1,1833,185,0,9,3174301696,0x3f23f781,-1
5930,14122,1,1834,185,0,10,4248043520,0x4012bfc7,-1
5931,14123,1,1835,185,0,11,2100559872,0xbce05f0c,-1
5932,14124,1,1836,185,0,12,1563688960,0xbeb1f717,-1
5933,14125,1,1837,185,0,13,3711172608,0x3f8ca5d5,-1
5934,14126,1,1838,185,0,14,2637430784,0x3e9474ff,-1
5935,14127,1,1839,185,0,15,489947136,0xbf9a4204,-1
5936,14128,1,1840,185,1,0,355729408,0xbfb172e9,-1
5937,14129,1,1841,185,1,1,2503213056,0x3e5624e3,-1
5938,14130,1,1842,185,1,2,3576954880,0x3f7723a8,-1
5939,14131,1,1843,185,1,3,1429471232,0xbedd3fb2,-1
5940,14132,1,1844,185,1,4,1966342144,0xbdd8ea37,-1
5941,14133,1,1845,185,1,5,4113825792,0x3fdcecfd,-1
5942,14134,1,1846,185,1,6,3040083968,0x3f0c0ae1,-1
5943,14135,1,1847,185,1,7,892600320,0xbf5061cb,-1
5944,14136,1,1848,185,1,8,624164864,0xbf8741e2,-1
5945,14137,1,1849,185,1,9,2771648512,0x3ebed642,-1
5946,14138,1,1850,185,1,10,3845390336,0x3fa0af6a,-1
5947,14139,1,1851,185,1,11,1697906688,0xbe87eb58,-1
5948,14140,1,1852,185,1,12,1161035776,0xbf1ca0f9,-1
5949,14141,1,1853,185,1,13,3308519424,0x3f3d6b2d,-1
5950,14142,1,1854,185,1,14,2234777600,0x3d50c465,-1
5951,14143,1,1855,185,1,15,87293952,0xc003037f,-1
5952,14144,1,1856,186,0,0,120848384,0xbff456fb,-1
5953,14145,1,1857,186,0,1,2268332032,0x3d90907e,-1
5954,14146,1,1858,186,0,2,3342073856,0x3f441326,-1
5955,14147,1,1859,186,0,3,1194590208,0xbf16a059,-1
5956,14148,1,1860,186,0,4,1731461120,0xbe7b1ee8,-1
5957,14149,1,1861,186,0,5,3878944768,0x3fa65a7d,-1
5958,14150,1,1862,186,0,6,2805202944,0x3ec9a0b5,-1
5959,14151,1,1863,186,0,7,657719296,0xbf82f3fb,-1
5960,14152,1,1864,186,0,8,926154752,0xbf4979ab,-1
5961,14153,1,1865,186,0,9,3073638400,0x3f11e6e5,-1
5962,14154,1,1866,186,0,10,4147380224,0x3fe8fcf4,-1
5963,14155,1,1867,186,0,11,1999896576,0xbdb09f67,-1
5964,14156,1,1868,186,0,12,1463025664,0xbed24a82,-1
5965,14157,1,1869,186,0,13,3610509312,0x3f7f40a6,-1
5966,14158,1,1870,186,0,14,2536767488,0x3e6aaf52,-1
5967,14159,1,1871,186,0,15,389283840,0xbfab1d9e,-1
5968,14160,1,1872,186,1,0,523501568,0xbf953287,-1
5969,14161,1,1873,186,1,1,2670985216,0x3e9ef221,-1
5970,14162,1,1874,186,1,2,3744727040,0x3f915364,-1
5971,14163,1,1875,186,1,3,1597243392,0xbea75a15,-1
5972,14164,1,1876,186,1,4,2134114304,0xbbffadbd,-1
5973,14165,1,1877,186,1,5,4281597952,0x402f1502,14
5974,14166,1,1878,186,1,6,3207856128,0x3f2a2b80,-1
5975,14167,1,1879,186,1,7,1060372480,0xbf2f2f76,-1
5976,14168,1,1880,186,1,8,791937024,0xbf6615e3,-1
5977,14169,1,1881,186,1,9,2939420672,0x3ef5c2e5,-1
5978,14170,1,1882,186,1,10,4013162496,0x3fc1304d,-1
5979,14171,1,1883,186,1,11,1865678848,0xbe292e3c,-1
5980,14172,1,1884,186,1,12,1328807936,0xbefec3dd,-1
5981,14173,1,1885,186,1,13,3476291584,0x3f6029f7,-1
5982,14174,1,1886,186,1,14,2402549760,0x3e190071,-1
5983,14175,1,1887,186,1,15,255066112,0xbfc7ac11,-1
5984,14176,1,1888,187,0,0,187957248,0xbfdab385,-1
5985,14177,1,1889,187,0,1,2335440896,0x3de11be9,-1
5986,14178,1,1890,187,0,2,3409182720,0x3f51cdb2,-1
5987,14179,1,1891,187,0,3,1261699072,0xbf0adc7e,-1
5988,14180,1,1892,187,0,4,1798569984,0xbe51fb87,-1
5989,14181,1,1893,187,0,5,3946053632,0x3fb2ca24,-1
5990,14182,1,1894,187,0,6,2872311808,0x3edf7ca4,-1
5991,14183,1,1895,187,0,7,724828160,0xbf75857e,-1
5992,14184,1,1896,187,0,8,993263616,0xbf3c1510,-1
5993,14185,1,1897,187,0,9,3140747264,0x3f1ddbc8,-1
5994,14186,1,1898,187,0,10,4214489088,0x400527a6,-1
5995,14187,1,1899,187,0,11,2067005440,0xbd40745b,-1
5996,14188,1,1900,187,0,12,1530134528,0xbebca7d1,-1
5997,14189,1,1901,187,0,13,3677618176,0x3f882687,-1
5998,14190,1,1902,187,0,14,2603876352,0x3e8a07b8,-1
5999,14191,1,1903,187,0,15,456392704,0xbf9f925b,-1
6000,14192,1,1904,187,1,0,322174976,0xbfb83fbe,-1
6001,14193,1,1905,187,1,1,2469658624,0x3e41b06d,-1
6002,14194,1,1906,187,1,2,3543400448,0x3f6f4459,-1
6003,14195,1,1907,187,1,3,1395916800,0xbee84f13,-1
6004,14196,1,1908,187,1,4,1932787712,0xbe00a549,-1
6005,14197,1,1909,187,1,5,4080271360,0x3fd28e71,-1
6006,14198,1,1910,187,1,6,3006529536,0x3f06416a,-1
6007,14199,1,1911,187,1,7,859045888,0xbf5771a2,-1
6008,14200,1,1912,187,1,8,590610432,0xbf8bb866,-1
6009,14201,1,1913,187,1,9,2738094080,0x3eb42158,-1
6010,14202,1,1914,187,1,10,3811835904,0x3f9b50ce,-1
6011,14203,1,1915,187,1,11,1664352256,0xbe92558f,-1
6012,14204,1,1916,187,1,12,1127481344,0xbf22b7f7,-1
6013,14205,1,1917,187,1,13,3274964992,0x3f36e35f,-1
6014,14206,1,1918,187,1,14,2201223168,0x3d007c5b,-1
6015,14207,1,1919,187,1,15,53739520,0xc00f6cf7,-1
6016,14208,1,1920,188,0,0,36962304,0xc0187523,-1
6017,14209,1,1921,188,0,1,2184445952,0x3cb0bb23,-1
6018,14210,1,1922,188,0,2,3258187776,0x3f33aad4,-1
6019,14211,1,1923,188,0,3,1110704128,0xbf25cc55,-1
6020,14212,1,1924,188,0,4,1647575040,0xbe97906e,-1
6021,14213,1,1925,188,0,5,3795058688,0x3f98bb07,-1
6022,14214,1,1926,188,0,6,2721316864,0x3eaece7d,-1
6023,14215,1,1927,188,0,7,573833216,0xbf8e044c,-1
6024,14216,1,1928,188,0,8,842268672,0xbf5b0973,-1
6025,14217,1,1929,188,0,9,2989752320,0x3f036343,-1
6026,14218,1,1930,188,0,10,4063494144,0x3fcdd9fe,-1
6027,14219,1,1931,188,0,11,1916010496,0xbe0ac20e,-1
6028,14220,1,1932,188,0,12,1379139584,0xbeede127,-1
6029,14221,1,1933,188,0,13,3526623232,0x3f6b6a1f,-1
6030,14222,1,1934,188,0,14,2452881408,0x3e377dba,-1
6031,14223,1,1935,188,0,15,305397760,0xbfbbda70,-1
6032,14224,1,1936,188,1,0,439615488,0xbfa255b8,-1
6033,14225,1,1937,188,1,1,2587099136,0x3e84d6a0,-1
6034,14226,1,1938,188,1,2,3660840960,0x3f85f6b5,-1
6035,14227,1,1939,188,1,3,1513357312,0xbec2080b,-1
6036,14228,1,1940,188,1,4,2050228224,0xbd689d60,-1
6037,14229,1,1941,188,1,5,4197711872,0x40002042,-1
6038,14230,1,1942,188,1,6,3123970048,0x3f1ad685,-1
6039,14231,1,1943,188,1,7,976486400,0xbf3f6194,-1
6040,14232,1,1944,188,1,8,708050944,0xbf798591,-1
6041,14233,1,1945,188,1,9,2855534592,0x3ed9fc41,-1
6042,14234,1,1946,188,1,10,3929276416,0x3faf8610,-1
6043,14235,1,1947,188,1,11,1781792768,0xbe5c3b97,-1
6044,14236,1,1948,188,1,12,1244921856,0xbf0dc634,-1
6045,14237,1,1949,188,1,13,3392405504,0x3f4e50e0,-1
6046,14238,1,1950,188,1,14,2318663680,0x3dccf1f1,-1
6047,14239,1,1951,188,1,15,171180032,0xbfe04d56,-1
6048,14240,1,1952,189,0,0,238288896,0xbfcc0468,-1
6049,14241,1,1953,189,0,1,2385772544,0x3e0edeb8,-1
6050,14242,1,1954,189,0,2,3459514368,0x3f5c824b,-1
6051,14243,1,1955,189,0,3,1312030720,0xbf023a38,-1
6052,14244,1,1956,189,0,4,1848901632,0xbe335a79,-1
6053,14245,1,1957,189,0,5,3996385280,0x3fbd5c69,-1
6054,14246,1,1958,189,0,6,2922643456,0x3ef0268e,-1
6055,14247,1,1959,189,0,7,775159808,0xbf69dd58,-1
6056,14248,1,1960,189,0,8,1043595264,0xbf325dee,-1
6057,14249,1,1961,189,0,9,3191078912,0x3f270e5d,-1
6058,14250,1,1962,189,0,10,4264820736,0x401d33d0,-1
6059,14251,1,1963,189,0,11,2117337088,0xbc902379,-1
6060,14252,1,1964,189,0,12,1580466176,0xbeaca636,-1
6061,14253,1,1965,189,0,13,3727949824,0x3f8ef681,-1
6062,14254,1,1966,189,0,14,2654208000,0x3e99b17f,-1
6063,14255,1,1967,189,0,15,506724352,0xbf97b2af,-1
6064,14256,1,1968,189,1,0,372506624,0xbfae3a9e,-1
6065,14257,1,1969,189,1,1,2519990272,0x3e606737,-1
6066,14258,1,1970,189,1,2,3593732096,0x3f7b2a14,-1
6067,14259,1,1971,189,1,3,1446248448,0xbed7c1f0,-1
6068,14260,1,1972,189,1,4,1983119360,0xbdc4c25f,-1
6069,14261,1,1973,189,1,5,4130603008,0x3fe2b496,-1
6070,14262,1,1974,189,1,6,3056861184,0x3f0ef67d,-1
6071,14263,1,1975,189,1,7,909377536,0xbf4ce8f5,-1
6072,14264,1,1976,189,1,8,640942080,0xbf85161e,-1
6073,14265,1,1977,189,1,9,2788425728,0x3ec438b2,-1
6074,14266,1,1978,189,1,10,3862167552,0x3fa37ab1,-1
6075,14267,1,1979,189,1,11,1714683904,0xbe82bbb0,-1
6076,14268,1,1980,189,1,12,1177812992,0xbf199df5,-1
6077,14269,1,1981,189,1,13,3325296640,0x3f40bafe,-1
6078,14270,1,1982,189,1,14,2251554816,0x3d78ef9f,-1
6079,14271,1,1983,189,1,15,104071168,0xbffc94f2,-1
6080,14272,1,1984,190,0,0,70516736,0xc00894a1,-1
6081,14273,1,1985,190,0,1,2218000384,0x3d289e4d,-1
6082,14274,1,1986,190,0,2,3291742208,0x3f3a2366,-1
6083,14275,1,1987,190,0,3,1144258560,0xbf1fa994,-1
6084,14276,1,1988,190,0,4,1681129472,0xbe8d1e95,-1
6085,14277,1,1989,190,0,5,3828613120,0x3f9df737,-1
6086,14278,1,1990,190,0,6,2754871296,0x3eb97935,-1
6087,14279,1,1991,190,0,7,607387648,0xbf8977cb,-1
6088,14280,1,1992,190,0,8,875823104,0xbf53e48d,-1
6089,14281,1,1993,190,0,9,3023306752,0x3f0923e7,-1
6090,14282,1,1994,190,0,10,4097048576,0x3fd79077,-1
6091,14283,1,1995,190,0,11,1949564928,0xbded1771,-1
6092,14284,1,1996,190,0,12,1412694016,0xbee2c3ff,-1
6093,14285,1,1997,190,0,13,3560177664,0x3f732ca5,-1
6094,14286,1,1998,190,0,14,2486435840,0x3e4be80e,-1
6095,14287,1,1999,190,0,15,338952192,0xbfb4c900,-1
6096,14288,1,2000,190,1,0,473169920,0xbf9ce189,-1
6097,14289,1,2001,190,1,1,2620653568,0x3e8f3c75,-1
6098,14290,1,2002,190,1,2,3694395392,0x3f8a60b7,-1
6099,14291,1,2003,190,1,3,1546911744,0xbeb74ce6,-1
6100,14292,1,2004,190,1,4,2083782656,0xbd185011,-1
6101,14293,1,2005,190,1,5,4231266304,0x400b2bff,-1
6102,14294,1,2006,190,1,6,3157524480,0x3f20e6b7,-1
6103,14295,1,2007,190,1,7,1010040832,0xbf38d078,-1
6104,14296,1,2008,190,1,8,741605376,0xbf719489,-1
6105,14297,1,2009,190,1,9,2889089024,0x3ee503ab,-1
6106,14298,1,2010,190,1,10,3962830848,0x3fb62d20,-1
6107,14299,1,2011,190,1,11,1815347200,0xbe47c0d8,-1
6108,14300,1,2012,190,1,12,1278476288,0xbf07f75c,-1
6109,14301,1,2013,190,1,13,3425959936,0x3f555499,-1
6110,14302,1,2014,190,1,14,2352218112,0x3df54b78,-1
6111,14303,1,2015,190,1,15,204734464,0xbfd57d87,-1
6112,14304,1,2016,191,0,0,137625600,0xbfed0067,-1
6113,14305,1,2017,191,0,1,2285109248,0x3da4acbd,-1
6114,14306,1,2018,191,0,2,3358851072,0x3f4773f5,-1
6115,14307,1,2019,191,0,3,1211367424,0xbf13a7f8,-1
6116,14308,1,2020,191,0,4,1748238336,0xbe70ccfc,-1
6117,14309,1,2021,191,0,5,3895721984,0x3fa95069,-1
6118,14310,1,2022,191,0,6,2821980160,0x3ecf0e80,-1
6119,14311,1,2023,191,0,7,674496512,0xbf80db01,-1
6120,14312,1,2024,191,0,8,942931968,0xbf461390,-1
6121,14313,1,2025,191,0,9,3090415616,0x3f14dc41,-1
6122,14314,1,2026,191,0,10,4164157440,0x3fefe35b,-1
6123,14315,1,2027,191,0,11,2016673792,0xbd9c80cd,-1
6124,14316,1,2028,191,0,12,1479802880,0xbeccd930,-1
6125,14317,1,2029,191,0,13,3627286528,0x3f81b413,-1
6126,14318,1,2030,191,0,14,2553544704,0x3e74fd7f,-1
6127,14319,1,2031,191,0,15,406061056,0xbfa819b9,-1
6128,14320,1,2032,191,1,0,271843328,0xbfc38bb1,-1
6129,14321,1,2033,191,1,1,2419326976,0x3e232602,-1
6130,14322,1,2034,191,1,2,3493068800,0x3f63dd7c,-1
6131,14323,1,2035,191,1,3,1345585152,0xbef91b4c,-1
6132,14324,1,2036,191,1,4,1882456064,0xbe1f0644,-1
6133,14325,1,2037,191,1,5,4029939712,0x3fc53287,-1
6134,14326,1,2038,191,1,6,2956197888,0x3efb66d4,-1
6135,14327,1,2039,191,1,7,808714240,0xbf625b18,-1
6136,14328,1,2040,191,1,8,540278784,0xbf92c0a0,-1
6137,14329,1,2041,191,1,9,2687762432,0x3ea4370e,-1
6138,14330,1,2042,191,1,10,3761504256,0x3f93bd3c,-1
6139,14331,1,2043,191,1,11,1614020608,0xbea21286,-1
6140,14332,1,2044,191,1,12,1077149696,0xbf2c07dc,-1
6141,14333,1,2045,191,1,13,3224633344,0x3f2d4f23,-1
6142,14334,1,2046,191,1,14,2150891520,0x3b025843,-1
6143,14335,1,2047,191,1,15,3407872,0xc04a219c,50
6144,14336,1,2048,192,0,0,2359296,0xc050e4dd,55
6145,14337,1,2049,192,0,1,2149842944,0x3ab47a32,-1
6146,14338,1,2050,192,0,2,3223584768,0x3f2d1cb7,-1
6147,14339,1,2051,192,0,3,1076101120,0xbf2c3a24,-1
6148,14340,1,2052,192,0,4,1612972032,0xbea266de,-1
6149,14341,1,2053,192,0,5,3760455680,0x3f939639,-1
6150,14342,1,2054,192,0,6,2686713856,0x3ea3e29e,-1
6151,14343,1,2055,192,0,7,539230208,0xbf92e757,-1
6152,14344,1,2056,192,0,8,807665664,0xbf629668,-1
6153,14345,1,2057,192,0,9,2955149312,0x3efb0c5b,-1
6154,14346,1,2058,192,0,10,4028891136,0x3fc4f0ed,-1
6155,14347,1,2059,192,0,11,1881407488,0xbe1fa8a5,-1
6156,14348,1,2060,192,0,12,1344536576,0xbef9759a,-1
6157,14349,1,2061,192,0,13,3492020224,0x3f63a1e8,-1
6158,14350,1,2062,192,0,14,2418278400,0x3e22838a,-1
6159,14351,1,2063,192,0,15,270794752,0xbfc3cc33,-1
6160,14352,1,2064,192,1,0,405012480,0xbfa84945,-1
6161,14353,1,2065,192,1,1,2552496128,0x3e74586d,-1
6162,14354,1,2066,192,1,2,3626237952,0x3f819296,-1
6163,14355,1,2067,192,1,3,1478754304,0xbecd3018,-1
6164,14356,1,2068,192,1,4,2015625216,0xbd9dc298,-1
6165,14357,1,2069,192,1,5,4163108864,0x3fef6fa0,-1
6166,14358,1,2070,192,1,6,3089367040,0x3f14acc5,-1
6167,14359,1,2071,192,1,7,941883392,0xbf4649af,-1
6168,14360,1,2072,192,1,8,673447936,0xbf80fc4e,-1
6169,14361,1,2073,192,1,9,2820931584,0x3eceb777,-1
6170,14362,1,2074,192,1,10,3894673408,0x3fa9205b,-1
6171,14363,1,2075,192,1,11,1747189760,0xbe7171eb,-1
6172,14364,1,2076,192,1,12,1210318848,0xbf13d757,-1
6173,14365,1,2077,192,1,13,3357802496,0x3f473da6,-1
6174,14366,1,2078,192,1,14,2284060672,0x3da36adc,-1
6175,14367,1,2079,192,1,15,136577024,0xbfed7016,-1
6176,14368,1,2080,193,0,0,203685888,0xbfd5ce47,-1
6177,14369,1,2081,193,0,1,2351169536,0x3df40853,-1
6178,14370,1,2082,193,0,2,3424911360,0x3f551bdd,-1
6179,14371,1,2083,193,0,3,1277427712,0xbf08258c,-1
6180,14372,1,2084,193,0,4,1814298624,0xbe48645c,-1
6181,14373,1,2085,193,0,5,3961782272,0x3fb5f5fa,-1
6182,14374,1,2086,193,0,6,2888040448,0x3ee4ab07,-1
6183,14375,1,2087,193,0,7,740556800,0xbf71d32a,-1
6184,14376,1,2088,193,0,8,1008992256,0xbf390487,-1
6185,14377,1,2089,193,0,9,3156475904,0x3f20b5dc,-1
6186,14378,1,2090,193,0,10,4230217728,0x400ac217,-1
6187,14379,1,2091,193,0,11,2082734080,0xbd1ad237,-1
6188,14380,1,2092,193,0,12,1545863168,0xbeb7a26d,-1
6189,14381,1,2093,193,0,13,3693346816,0x3f8a3cc4,-1
6190,14382,1,2094,193,0,14,2619604992,0x3e8ee90d,-1
6191,14383,1,2095,193,0,15,472121344,0xbf9d0c11,-1
6192,14384,1,2096,193,1,0,337903616,0xbfb4ff6f,-1
6193,14385,1,2097,193,1,1,2485387264,0x3e4b446d,-1
6194,14386,1,2098,193,1,2,3559129088,0x3f72edb4,-1
6195,14387,1,2099,193,1,3,1411645440,0xbee31c7d,-1
6196,14388,1,2100,193,1,4,1948516352,0xbdee5a75,-1
6197,14389,1,2101,193,1,5,4096000000,0x3fd73dd6,-1
6198,14390,1,2102,193,1,6,3022258176,0x3f08f59e,-1
6199,14391,1,2103,193,1,7,874774528,0xbf541d10,-1
6200,14392,1,2104,193,1,8,606339072,0xbf899b83,-1
6201,14393,1,2105,193,1,9,2753822720,0x3eb92391,-1
6202,14394,1,2106,193,1,10,3827564544,0x3f9dcc4e,-1
6203,14395,1,2107,193,1,11,1680080896,0xbe8d71e8,-1
6204,14396,1,2108,193,1,12,1143209984,0xbf1fda4e,-1
6205,14397,1,2109,193,1,13,3290693632,0x3f39ef2c,-1
6206,14398,1,2110,193,1,14,2216951808,0x3d261c12,-1
6207,14399,1,2111,193,1,15,69468160,0xc008f701,-1
6208,14400,1,2112,194,0,0,103022592,0xbffd220f,-1
6209,14401,1,2113,194,0,1,2250506240,0x3d766cc0,-1
6210,14402,1,2114,194,0,2,3324248064,0x3f4085c3,-1
6211,14403,1,2115,194,0,3,1176764416,0xbf19cdfd,-1
6212,14404,1,2116,194,0,4,1713635328,0xbe830e90,-1
6213,14405,1,2117,194,0,5,3861118976,0x3fa34d67,-1
6214,14406,1,2118,194,0,6,2787377152,0x3ec3e261,-1
6215,14407,1,2119,194,0,7,639893504,0xbf853890,-1
6216,14408,1,2120,194,0,8,908328960,0xbf4d203a,-1
6217,14409,1,2121,194,0,9,3055812608,0x3f0ec7a0,-1
6218,14410,1,2122,194,0,10,4129554432,0x3fe25498,-1
6219,14411,1,2123,194,0,11,1982070784,0xbdc604b6,-1
6220,14412,1,2124,194,0,12,1445199872,0xbed8199d,-1
6221,14413,1,2125,194,0,13,3592683520,0x3f7ae937,-1
6222,14414,1,2126,194,0,14,2518941696,0x3e5fc2e7,-1
6223,14415,1,2127,194,0,15,371458048,0xbfae6d50,-1
6224,14416,1,2128,194,1,0,505675776,0xbf97db30,-1
6225,14417,1,2129,194,1,1,2653159424,0x3e995d99,-1
6226,14418,1,2130,194,1,2,3726901248,0x3f8ed11c,-1
6227,14419,1,2131,194,1,3,1579417600,0xbeacfb20,-1
6228,14420,1,2132,194,1,4,2116288512,0xbc952712,-1
6229,14421,1,2133,194,1,5,4263772160,0x401c6a1d,-1
6230,14422,1,2134,194,1,6,3190030336,0x3f26dcc1,-1
6231,14423,1,2135,194,1,7,1042546688,0xbf329111,-1
6232,14424,1,2136,194,1,8,774111232,0xbf6a1a3f,-1
6233,14425,1,2137,194,1,9,2921594880,0x3eefcd07,-1
6234,14426,1,2138,194,1,10,3995336704,0x3fbd2097,-1
6235,14427,1,2139,194,1,11,1847853056,0xbe33fd63,-1
6236,14428,1,2140,194,1,12,1310982144,0xbf0267e0,-1
6237,14429,1,2141,194,1,13,3458465792,0x3f5c4832,-1
6238,14430,1,2142,194,1,14,2384723968,0x3e0e3cbb,-1
6239,14431,1,2143,194,1,15,237240320,0xbfcc4bf4,-1
6240,14432,1,2144,195,0,0,170131456,0xbfe0aaad,-1
6241,14433,1,2145,195,0,1,2317615104,0x3dcbaf7e,-1
6242,14434,1,2146,195,0,2,3391356928,0x3f4e1966,-1
6243,14435,1,2147,195,0,3,1243873280,0xbf0df4f7,-1
6244,14436,1,2148,195,0,4,1780744192,0xbe5cdfc7,-1
6245,14437,1,2149,195,0,5,3928227840,0x3faf52c5,-1
6246,14438,1,2150,195,0,6,2854486016,0x3ed9a472,-1
6247,14439,1,2151,195,0,7,707002368,0xbf79c617,-1
6248,14440,1,2152,195,0,8,975437824,0xbf3f96a1,-1
6249,14441,1,2153,195,0,9,3122921472,0x3f1aa660,-1
6250,14442,1,2154,195,0,10,4196663296,0x3fffac6d,-1
6251,14443,1,2155,195,0,11,2049179648,0xbd6b201f,-1
6252,14444,1,2156,195,0,12,1512308736,0xbec25e3d,-1
6253,14445,1,2157,195,0,13,3659792384,0x3f85d40c,-1
6254,14446,1,2158,195,0,14,2586050560,0x3e8483ad,-1
6255,14447,1,2159,195,0,15,438566912,0xbfa28293,-1
6256,14448,1,2160,195,1,0,304349184,0xbfbc1562,-1
6257,14449,1,2161,195,1,1,2451832832,0x3e36dab7,-1
6258,14450,1,2162,195,1,2,3525574656,0x3f6b2cef,-1
6259,14451,1,2163,195,1,3,1378091008,0xbeee3a85,-1
6260,14452,1,2164,195,1,4,1914961920,0xbe0b63f7,-1
6261,14453,1,2165,195,1,5,4062445568,0x3fcd910b,-1
6262,14454,1,2166,195,1,6,2988703744,0x3f033585,-1
6263,14455,1,2167,195,1,7,841220096,0xbf5b434e,-1
6264,14456,1,2168,195,1,8,572784640,0xbf8e296e,-1
6265,14457,1,2169,195,1,9,2720268288,0x3eae7978,-1
6266,14458,1,2170,195,1,10,3794010112,0x3f989231,-1
6267,14459,1,2171,195,1,11,1646526464,0xbe97e43e,-1
6268,14460,1,2172,195,1,12,1109655552,0xbf25fdcf,-1
6269,14461,1,2173,195,1,13,3257139200,0x3f337789,-1
6270,14462,1,2174,195,1,14,2183397376,0x3cabb774,-1
6271,14463,1,2175,195,1,15,35913728,0xc0192275,-1
6272,14464,1,2176,196,0,0,52690944,0xc00fe988,-1
6273,14465,1,2177,196,0,1,2200174592,0x3cfbf4b3,-1
6274,14466,1,2178,196,0,2,3273916416,0x3f36af9f,-1
6275,14467,1,2179,196,0,3,1126432768,0xbf22e90f,-1
6276,14468,1,2180,196,0,4,1663303680,0xbe92a91f,-1
6277,14469,1,2181,196,0,5,3810787328,0x3f9b26f8,-1
6278,14470,1,2182,196,0,6,2737045504,0x3eb3cc05,-1
6279,14471,1,2183,196,0,7,589561856,0xbf8bdcce,-1
6280,14472,1,2184,196,0,8,857997312,0xbf57aacd,-1
6281,14473,1,2185,196,0,9,3005480960,0x3f061367,-1
6282,14474,1,2186,196,0,10,4079222784,0x3fd24103,-1
6283,14475,1,2187,196,0,11,1931739136,0xbe0146fc,-1
6284,14476,1,2188,196,0,12,1394868224,0xbee8a7ff,-1
6285,14477,1,2189,196,0,13,3542351872,0x3f6f064d,-1
6286,14478,1,2190,196,0,14,2468610048,0x3e410d1e,-1
6287,14479,1,2191,196,0,15,321126400,0xbfb87852,-1
6288,14480,1,2192,196,1,0,455344128,0xbf9fbe03,-1
6289,14481,1,2193,196,1,1,2602827776,0x3e89b48c,-1
6290,14482,1,2194,196,1,2,3676569600,0x3f88033e,-1
6291,14483,1,2195,196,1,3,1529085952,0xbebcfdad,-1
6292,14484,1,2196,196,1,4,2065956864,0xbd42f6c5,-1
6293,14485,1,2197,196,1,5,4213440512,0x4004d0cf,-1
6294,14486,1,2198,196,1,6,3139698688,0x3f1dab4a,-1
6295,14487,1,2199,196,1,7,992215040,0xbf3c499c,-1
6296,14488,1,2200,196,1,8,723779584,0xbf75c50b,-1
6297,14489,1,2201,196,1,9,2871263232,0x3edf246d,-1
6298,14490,1,2202,196,1,10,3945005056,0x3fb29502,-1
6299,14491,1,2203,196,1,11,1797521408,0xbe529f5f,-1
6300,14492,1,2204,196,1,12,1260650496,0xbf0b0af7,-1
6301,14493,1,2205,196,1,13,3408134144,0x3f51959a,-1
6302,14494,1,2206,196,1,14,2334392320,0x3ddfd921,-1
6303,14495,1,2207,196,1,15,186908672,0xbfdb0a09,-1
6304,14496,1,2208,197,0,0,254017536,0xbfc7efe0,-1
6305,14497,1,2209,197,0,1,2401501184,0x3e185e39,-1
6306,14498,1,2210,197,0,2,3475243008,0x3f5fef25,-1
6307,14499,1,2211,197,0,3,1327759360,0xbeff1ea9,-1
6308,14500,1,2212,197,0,4,1864630272,0xbe29d0df,-1
6309,14501,1,2213,197,0,5,4012113920,0x3fc0f1c1,-1
6310,14502,1,2214,197,0,6,2938372096,0x3ef568e7,-1
6311,14503,1,2215,197,0,7,790888448,0xbf6651fa,-1
6312,14504,1,2216,197,0,8,1059323904,0xbf2f6229,-1
6313,14505,1,2217,197,0,9,3206807552,0x3f29f97e,-1
6314,14506,1,2218,197,0,10,4280549376,0x402d7c53,11
6315,14507,1,2219,197,0,11,2133065728,0xbc09ddbe,-1
6316,14508,1,2220,197,0,12,1596194816,0xbea7aeb5,-1
6317,14509,1,2221,197,0,13,3743678464,0x3f912d37,-1
6318,14510,1,2222,197,0,14,2669936640,0x3e9e9df7,-1
6319,14511,1,2223,197,0,15,522452992,0xbf955a1c,-1
6320,14512,1,2224,197,1,0,388235264,0xbfab4ead,-1
6321,14513,1,2225,197,1,1,2535718912,0x3e6a0aa3,-1
6322,14514,1,2226,197,1,2,3609460736,0x3f7efec0,-1
6323,14515,1,2227,197,1,3,1461977088,0xbed2a1ca,-1
6324,14516,1,2228,197,1,4,1998848000,0xbdb1e174,-1
6325,14517,1,2229,197,1,5,4146331648,0x3fe89427,-1
6326,14518,1,2230,197,1,6,3072589824,0x3f11b7b9,-1
6327,14519,1,2231,197,1,7,925106176,0xbf49b059,-1
6328,14520,1,2232,197,1,8,656670720,0xbf8315d7,-1
6329,14521,1,2233,197,1,9,2804154368,0x3ec94a0a,-1
6330,14522,1,2234,197,1,10,3877896192,0x3fa62bdf,-1
6331,14523,1,2235,197,1,11,1730412544,0xbe7bc43d,-1
6332,14524,1,2236,197,1,12,1193541632,0xbf16d00c,-1
6333,14525,1,2237,197,1,13,3341025280,0x3f43dd63,-1
6334,14526,1,2238,197,1,14,2267283456,0x3d8f4ed9,-1
6335,14527,1,2239,197,1,15,119799808,0xbff4d371,-1
6336,14528,1,2240,198,0,0,86245376,0xc0035568,-1
6337,14529,1,2241,198,0,1,2233729024,0x3d4e41df,-1
6338,14530,1,2242,198,0,2,3307470848,0x3f3d3675,-1
6339,14531,1,2243,198,0,3,1159987200,0xbf1cd158,-1
6340,14532,1,2244,198,0,4,1696858112,0xbe883e71,-1
6341,14533,1,2245,198,0,5,3844341760,0x3fa0835b,-1
6342,14534,1,2246,198,0,6,2770599936,0x3ebe804a,-1
6343,14535,1,2247,198,0,7,623116288,0xbf8764f3,-1
6344,14536,1,2248,198,0,8,891551744,0xbf5099ac,-1
6345,14537,1,2249,198,0,9,3039035392,0x3f0bdc4f,-1
6346,14538,1,2250,198,0,10,4112777216,0x3fdc9444,-1
6347,14539,1,2251,198,0,11,1965293568,0xbdda2ce1,-1
6348,14540,1,2252,198,0,12,1428422656,0xbedd97c5,-1
6349,14541,1,2253,198,0,13,3575906304,0x3f76e3c7,-1
6350,14542,1,2254,198,0,14,2502164480,0x3e5580ee,-1
6351,14543,1,2255,198,0,15,354680832,0xbfb1a764,-1
6352,14544,1,2256,198,1,0,488898560,0xbf9a6b80,-1
6353,14545,1,2257,198,1,1,2636382208,0x3e942159,-1
6354,14546,1,2258,198,1,2,3710124032,0x3f8c812f,-1
6355,14547,1,2259,198,1,3,1562640384,0xbeb24c4f,-1
6356,14548,1,2260,198,1,4,2099511296,0xbce562ef,-1
6357,14549,1,2261,198,1,5,4246994944,0x4012362b,-1
6358,14550,1,2262,198,1,6,3173253120,0x3f23c648,-1
6359,14551,1,2263,198,1,7,1025769472,0xbf35c71b,-1
6360,14552,1,2264,198,1,8,757334016,0xbf6defc7,-1
6361,14553,1,2265,198,1,9,2904817664,0x3eea387c,-1
6362,14554,1,2266,198,1,10,3978559488,0x3fb978ae,-1
6363,14555,1,2267,198,1,11,1831075840,0xbe3e2e75,-1
6364,14556,1,2268,198,1,12,1294204928,0xbf054491,-1
6365,14557,1,2269,198,1,13,3441688576,0x3f58ac96,-1
6366,14558,1,2270,198,1,14,2367946752,0x3e041ecc,-1
6367,14559,1,2271,198,1,15,220463104,0xbfd0e83b,-1
6368,14560,1,2272,199,0,0,153354240,0xbfe6c3ec,-1
6369,14561,1,2273,199,0,1,2300837888,0x3db78ae7,-1
6370,14562,1,2274,199,0,2,3374579712,0x3f4aa6de,-1
6371,14563,1,2275,199,0,3,1227096064,0xbf10e3b4,-1
6372,14564,1,2276,199,0,4,1763966976,0xbe6725dd,-1
6373,14565,1,2277,199,0,5,3911450624,0x3fac2ca7,-1
6374,14566,1,2278,199,0,6,2837708800,0x3ed42add,-1
6375,14567,1,2279,199,0,7,690225152,0xbf7dd705,-1
6376,14568,1,2280,199,0,8,958660608,0xbf42ebe2,-1
6377,14569,1,2281,199,0,9,3106144256,0x3f17a6ee,-1
6378,14570,1,2282,199,0,10,4179886080,0x3ff70efe,-1
6379,14571,1,2283,199,0,11,2032402432,0xbd89a7a1,-1
6380,14572,1,2284,199,0,12,1495531520,0xbec7c450,-1
6381,14573,1,2285,199,0,13,3643015168,0x3f83aea9,-1
6382,14574,1,2286,199,0,14,2569273344,0x3e7eac90,-1
6383,14575,1,2287,199,0,15,421789696,0xbfa55b26,-1
6384,14576,1,2288,199,1,0,287571968,0xbfbfda7f,-1
6385,14577,1,2289,199,1,1,2435055616,0x3e2cacf3,-1
6386,14578,1,2290,199,1,2,3508797440,0x3f6760fe,-1
6387,14579,1,2291,199,1,3,1361313792,0xbef3d44f,-1
6388,14580,1,2292,199,1,4,1898184704,0xbe15846e,-1
6389,14581,1,2293,199,1,5,4045668352,0x3fc923c3,-1
6390,14582,1,2294,199,1,6,2971926528,0x3f005bd3,-1
6391,14583,1,2295,199,1,7,824442880,0xbf5ee704,-1
6392,14584,1,2296,199,1,8,556007424,0xbf90820a,-1
6393,14585,1,2297,199,1,9,2703491072,0x3ea92bba,-1
6394,14586,1,2298,199,1,10,3777232896,0x3f960ced,-1
6395,14587,1,2299,199,1,11,1629749248,0xbe9d2370,-1
6396,14588,1,2300,199,1,12,1092878336,0xbf2918c4,-1
6397,14589,1,2301,199,1,13,3240361984,0x3f3046a6,-1
6398,14590,1,2302,199,1,14,2166620160,0x3c36fcd8,-1
6399,14591,1,2303,199,1,15,19136512,0xc0276372,-1
6400,14592,1,2304,200,0,0,27525120,0xc01f488e,-1
6401,14593,1,2305,200,0,1,2175008768,0x3c839a89,-1
6402,14594,1,2306,200,0,2,3248750592,0x3f31de35,-1
6403,14595,1,2307,200,0,3,1101266944,0xbf278a7f,-1
6404,14596,1,2308,200,0,4,1638137856,0xbe9a8352,-1
6405,14597,1,2309,200,0,5,3785621504,0x3f974daf,-1
6406,14598,1,2310,200,0,6,2711879680,0x3eabd202,-1
6407,14599,1,2311,200,0,7,564396032,0xbf8f5431,-1
6408,14600,1,2312,200,0,8,832831488,0xbf5d13bb,-1
6409,14601,1,2313,200,0,9,2980315136,0x3f01c828,-1
6410,14602,1,2314,200,0,10,4054056960,0x3fcb529f,-1
6411,14603,1,2315,200,0,11,1906573312,0xbe1073bf,-1
6412,14604,1,2316,200,0,12,1369702400,0xbef1067e,-1
6413,14605,1,2317,200,0,13,3517186048,0x3f694552,-1
6414,14606,1,2318,200,0,14,2443444224,0x3e31c345,-1
6415,14607,1,2319,200,0,15,295960576,0xbfbdf2ab,-1
6416,14608,1,2320,200,1,0,430178304,0xbfa3ec45,-1
6417,14609,1,2321,200,1,1,2577661952,0x3e81ec8d,-1
6418,14610,1,2322,200,1,2,3651403776,0x3f84c029,-1
6419,14611,1,2323,200,1,3,1503920128,0xbec51093,-1
6420,14612,1,2324,200,1,4,2040791040,0xbd7f36e7,-1
6421,14613,1,2325,200,1,5,4188274688,0x3ffb394f,-1
6422,14614,1,2326,200,1,6,3114532864,0x3f1925fb,-1
6423,14615,1,2327,200,1,7,967049216,0xbf414036,-1
6424,14616,1,2328,200,1,8,698613760,0xbf7bcc86,-1
6425,14617,1,2329,200,1,9,2846097408,0x3ed6e6de,-1
6426,14618,1,2330,200,1,10,3919839232,0x3fadbc59,-1
6427,14619,1,2331,200,1,11,1772355584,0xbe620218,-1
6428,14620,1,2332,200,1,12,1235484672,0xbf0f6bbb,-1
6429,14621,1,2333,200,1,13,3382968320,0x3f4c5ef3,-1
6430,14622,1,2334,200,1,14,2309226496,0x3dc19c99,-1
6431,14623,1,2335,200,1,15,161742848,0xbfe3a6c4,-1
6432,14624,1,2336,201,0,0,228851712,0xbfce9184,-1
6433,14625,1,2337,201,0,1,2376335360,0x3e092d56,-1
6434,14626,1,2338,201,0,2,3450077184,0x3f5a7901,-1
6435,14627,1,2339,201,0,3,1302593536,0xbf03d5b1,-1
6436,14628,1,2340,201,0,4,1839464448,0xbe391556,-1
6437,14629,1,2341,201,0,5,3986948096,0x3fbb47bf,-1
6438,14630,1,2342,201,0,6,2913206272,0x3eed01db,-1
6439,14631,1,2343,201,0,7,765722624,0xbf6c0351,-1
6440,14632,1,2344,201,0,8,1034158080,0xbf342b2e,-1
6441,14633,1,2345,201,0,9,3181641728,0x3f2550bf,-1
6442,14634,1,2346,201,0,10,4255383552,0x4016d5ff,-1
6443,14635,1,2347,201,0,11,2107899904,0xbcbd446c,-1
6444,14636,1,2348,201,0,12,1571028992,0xbeafa31c,-1
6445,14637,1,2349,201,0,13,3718512640,0x3f8da7ab,-1
6446,14638,1,2350,201,0,14,2644770816,0x3e96bef8,-1
6447,14639,1,2351,201,0,15,497287168,0xbf992161,-1
6448,14640,1,2352,201,1,0,363069440,0xbfb006c6,-1
6449,14641,1,2353,201,1,1,2510553088,0x3e5aa137,-1
6450,14642,1,2354,201,1,2,3584294912,0x3f78e488,-1
6451,14643,1,2355,201,1,3,1436811264,0xbedad7e3,-1
6452,14644,1,2356,201,1,4,1973682176,0xbdd01826,-1
6453,14645,1,2357,201,1,5,4121165824,0x3fdf6600,-1
6454,14646,1,2358,201,1,6,3047424000,0x3f0d5161,-1
6455,14647,1,2359,201,1,7,899940352,0xbf4edbbb,-1
6456,14648,1,2360,201,1,8,631504896,0xbf864d84,-1
6457,14649,1,2361,201,1,9,2778988544,0x3ec130a7,-1
6458,14650,1,2362,201,1,10,3852730368,0x3fa1e5eb,-1
6459,14651,1,2363,201,1,11,1705246720,0xbe85a610,-1
6460,14652,1,2364,201,1,12,1168375808,0xbf1b4efa,-1
6461,14653,1,2365,201,1,13,3315859456,0x3f3edd17,-1
6462,14654,1,2366,201,1,14,2242117632,0x3d62569d,-1
6463,14655,1,2367,201,1,15,94633984,0xc000dc5a,-1
6464,14656,1,2368,202,0,0,128188416,0xbff10813,-1
6465,14657,1,2369,202,0,1,2275672064,0x3d995c61,-1
6466,14658,1,2370,202,0,2,3349413888,0x3f458c6b,-1
6467,14659,1,2371,202,0,3,1201930240,0xbf15530d,-1
6468,14660,1,2372,202,0,4,1738801152,0xbe769a47,-1
6469,14661,1,2373,202,0,5,3886284800,0x3fa7a341,-1
6470,14662,1,2374,202,0,6,2812542976,0x3ecc0005,-1
6471,14663,1,2375,202,0,7,665059328,0xbf8207f4,-1
6472,14664,1,2376,202,0,8,933494784,0xbf47fbe3,-1
6473,14665,1,2377,202,0,9,3080978432,0x3f13319e,-1
6474,14666,1,2378,202,0,10,4154720256,0x3febec3a,-1
6475,14667,1,2379,202,0,11,2007236608,0xbda7d181,-1
6476,14668,1,2380,202,0,12,1470365696,0xbecfe831,-1
6477,14669,1,2381,202,0,13,3617849344,0x3f8087e6,-1
6478,14670,1,2382,202,0,14,2544107520,0x3e6f30c2,-1
6479,14671,1,2383,202,0,15,396623872,0xbfa9c8f2,-1
6480,14672,1,2384,202,1,0,530841600,0xbf941efe,-1
6481,14673,1,2385,202,1,1,2678325248,0x3ea13fbf,-1
6482,14674,1,2386,202,1,2,3752067072,0x3f92600f,-1
6483,14675,1,2387,202,1,3,1604583424,0xbea50a39,-1
6484,14676,1,2388,202,1,4,2141454336,0xbb669c3a,-1
6485,14677,1,2389,202,1,5,4288937984,0x403f3c3f,43
6486,14678,1,2390,202,1,6,3215196160,0x3f2b8a47,-1
6487,14679,1,2391,202,1,7,1067712512,0xbf2dcd4e,-1
6488,14680,1,2392,202,1,8,799277056,0xbf6472a3,-1
6489,14681,1,2393,202,1,9,2946760704,0x3ef839aa,-1
6490,14682,1,2394,202,1,10,4020502528,0x3fc2eb42,-1
6491,14683,1,2395,202,1,11,1873018880,0xbe24bc3d,-1
6492,14684,1,2396,202,1,12,1336147968,0xbefc4925,-1
6493,14685,1,2397,202,1,13,3483631616,0x3f61c705,-1
6494,14686,1,2398,202,1,14,2409889792,0x3e1d7063,-1
6495,14687,1,2399,202,1,15,262406144,0xbfc5d76b,-1
6496,14688,1,2400,203,0,0,195297280,0xbfd86095,-1
6497,14689,1,2401,203,0,1,2342780928,0x3de9f000,-1
6498,14690,1,2402,203,0,2,3416522752,0x3f535774,-1
6499,14691,1,2403,203,0,3,1269039104,0xbf0997b1,-1
6500,14692,1,2404,203,0,4,1805910016,0xbe4d8135,-1
6501,14693,1,2405,203,0,5,3953393664,0x3fb44179,-1
6502,14694,1,2406,203,0,6,2879651840,0x3ee1e6e3,-1
6503,14695,1,2407,203,0,7,732168192,0xbf73ca41,-1
6504,14696,1,2408,203,0,8,1000603648,0xbf3aa618,-1
6505,14697,1,2409,203,0,9,3148087296,0x3f1f2fdb,-1
6506,14698,1,2410,203,0,10,4221829120,0x4007a411,-1
6507,14699,1,2411,203,0,11,2074345472,0xbd2ee3f4,-1
6508,14700,1,2412,203,0,12,1537474560,0xbeba4f66,-1
6509,14701,1,2413,203,0,13,3684958208,0x3f891ead,-1
6510,14702,1,2414,203,0,14,2611216384,0x3e8c4e55,-1
6511,14703,1,2415,203,0,15,463732736,0xbf9e62ca,-1
6512,14704,1,2416,203,1,0,329515008,0xbfb6b793,-1
6513,14705,1,2417,203,1,1,2476998656,0x3e462824,-1
6514,14706,1,2418,203,1,2,3550740480,0x3f70f835,-1
6515,14707,1,2419,203,1,3,1403256832,0xbee5e161,-1
6516,14708,1,2420,203,1,4,1940127744,0xbdf87371,-1
6517,14709,1,2421,203,1,5,4087611392,0x3fd4b517,-1
6518,14710,1,2422,203,1,6,3013869568,0x3f0783f6,-1
6519,14711,1,2423,203,1,7,866385920,0xbf55e29d,-1
6520,14712,1,2424,203,1,8,597950464,0xbf8abac7,-1
6521,14713,1,2425,203,1,9,2745434112,0x3eb67728,-1
6522,14714,1,2426,203,1,10,3819175936,0x3f9c777f,-1
6523,14715,1,2427,203,1,11,1671692288,0xbe900d09,-1
6524,14716,1,2428,203,1,12,1134821376,0xbf2160f2,-1
6525,14717,1,2429,203,1,13,3282305024,0x3f384e73,-1
6526,14718,1,2430,203,1,14,2208563200,0x3d120ac3,-1
6527,14719,1,2431,203,1,15,61079552,0xc00c3b7a,-1
6528,14720,1,2432,204,0,0,44302336,0xc01423e3,-1
6529,14721,1,2433,204,0,1,2191785984,0x3cd3d56d,-1
6530,14722,1,2434,204,0,2,3265527808,0x3f3512aa,-1
6531,14723,1,2435,204,0,3,1118044160,0xbf2472ac,-1
6532,14724,1,2436,204,0,4,1654915072,0xbe95462f,-1
6533,14725,1,2437,204,0,5,3802398720,0x3f99da94,-1
6534,14726,1,2438,204,0,6,2728656896,0x3eb12222,-1
6535,14727,1,2439,204,0,7,581173248,0xbf8d01a9,-1
6536,14728,1,2440,204,0,8,849608704,0xbf5975ae,-1
6537,14729,1,2441,204,0,9,2997092352,0x3f04a3ee,-1
6538,14730,1,2442,204,0,10,4070834176,0x3fcfe01b,-1
6539,14731,1,2443,204,0,11,1923350528,0xbe06550e,-1
6540,14732,1,2444,204,0,12,1386479616,0xbeeb705d,-1
6541,14733,1,2445,204,0,13,3533963264,0x3f6d17e7,-1
6542,14734,1,2446,204,0,14,2460221440,0x3e3bf352,-1
6543,14735,1,2447,204,0,15,312737792,0xbfba421a,-1
6544,14736,1,2448,204,1,0,446955520,0xbfa11de2,-1
6545,14737,1,2449,204,1,1,2594439168,0x3e871baa,-1
6546,14738,1,2450,204,1,2,3668180992,0x3f86ea63,-1
6547,14739,1,2451,204,1,3,1520697344,0xbebfad48,-1
6548,14740,1,2452,204,1,4,2057568256,0xbd570ac8,-1
6549,14741,1,2453,204,1,5,4205051904,0x40023a4f,-1
6550,14742,1,2454,204,1,6,3131310080,0x3f1c2823,-1
6551,14743,1,2455,204,1,7,983826432,0xbf3def1c,-1
6552,14744,1,2456,204,1,8,715390976,0xbf77c3a1,-1
6553,14745,1,2457,204,1,9,2862874624,0x3edc639f,-1
6554,14746,1,2458,204,1,10,3936616448,0x3fb0f038,-1
6555,14747,1,2459,204,1,11,1789132800,0xbe57bee2,-1
6556,14748,1,2460,204,1,12,1252261888,0xbf0c7f62,-1
6557,14749,1,2461,204,1,13,3399745536,0x3f4fd645,-1
6558,14750,1,2462,204,1,14,2326003712,0x3dd5c3a5,-1
6559,14751,1,2463,204,1,15,178520064,0xbfddcca3,-1
6560,14752,1,2464,205,0,0,245628928,0xbfca1669,-1
6561,14753,1,2465,205,0,1,2393112576,0x3e134d04,-1
6562,14754,1,2466,205,0,2,3466854400,0x3f5e1a39,-1
6563,14755,1,2467,205,0,3,1319370752,0xbf00fb18,-1
6564,14756,1,2468,205,0,4,1856241664,0xbe2ee694,-1
6565,14757,1,2469,205,0,5,4003725312,0x3fbf03bd,-1
6566,14758,1,2470,205,0,6,2929983488,0x3ef29a09,-1
6567,14759,1,2471,205,0,7,782499840,0xbf68347d,-1
6568,14760,1,2472,205,0,8,1050935296,0xbf30f8bd,-1
6569,14761,1,2473,205,0,9,3198418944,0x3f286a54,-1
6570,14762,1,2474,205,0,10,4272160768,0x40238467,-1
6571,14763,1,2475,205,0,11,2124677120,0xbc5a1546,-1
6572,14764,1,2476,205,0,12,1587806208,0xbeaa5455,-1
6573,14765,1,2477,205,0,13,3735289856,0x3f8ffd99,-1
6574,14766,1,2478,205,0,14,2661548032,0x3e9bfd42,-1
6575,14767,1,2479,205,0,15,514064384,0xbf9698ce,-1
6576,14768,1,2480,205,1,0,379846656,0xbfacdab5,-1
6577,14769,1,2481,205,1,1,2527330304,0x3e64e608,-1
6578,14770,1,2482,205,1,2,3601072128,0x3f7cf1ec,-1
6579,14771,1,2483,205,1,3,1453588480,0xbed55cec,-1
6580,14772,1,2484,205,1,4,1990459392,0xbdbbf280,-1
6581,14773,1,2485,205,1,5,4137943040,0x3fe562e2,-1
6582,14774,1,2486,205,1,6,3064201216,0x3f103f11,-1
6583,14775,1,2487,205,1,7,916717568,0xbf4b671d,-1
6584,14776,1,2488,205,1,8,648282112,0xbf842606,-1
6585,14777,1,2489,205,1,9,2795765760,0x3ec69580,-1
6586,14778,1,2490,205,1,10,3869507584,0x3fa4b9fd,-1
6587,14779,1,2491,205,1,11,1722023936,0xbe8077ec,-1
6588,14780,1,2492,205,1,12,1185153024,0xbf184e5a,-1
6589,14781,1,2493,205,1,13,3332636672,0x3f423084,-1
6590,14782,1,2494,205,1,14,2258894848,0x3d854234,-1
6591,14783,1,2495,205,1,15,111411200,0xbff8d939,-1
6592,14784,1,2496,206,0,0,77856768,0xc0060509,-1
6593,14785,1,2497,206,0,1,2225340416,0x3d3a2e66,-1
6594,14786,1,2498,206,0,2,3299082240,0x3f3b91d5,-1
6595,14787,1,2499,206,0,3,1151598592,0xbf1e551d,-1
6596,14788,1,2500,206,0,4,1688469504,0xbe8ad7b7,-1
6597,14789,1,2501,206,0,5,3835953152,0x3f9f258a,-1
6598,14790,1,2502,206,0,6,2762211328,0x3ebbd144,-1
6599,14791,1,2503,206,0,7,614727680,0xbf887eec,-1
6600,14792,1,2504,206,0,8,883163136,0xbf525a19,-1
6601,14793,1,2505,206,0,9,3030646784,0x3f0a6865,-1
6602,14794,1,2506,206,0,10,4104388608,0x3fd9dcee,-1
6603,14795,1,2507,206,0,11,1956904960,0xbde442f5,-1
6604,14796,1,2508,206,0,12,1420034048,0xbee0594c,-1
6605,14797,1,2509,206,0,13,3567517696,0x3f74e6dd,-1
6606,14798,1,2510,206,0,14,2493775872,0x3e506203,-1
6607,14799,1,2511,206,0,15,346292224,0xbfb34f7f,-1
6608,14800,1,2512,206,1,0,480509952,0xbf9bb9af,-1
6609,14801,1,2513,206,1,1,2627993600,0x3e9184b7,-1
6610,14802,1,2514,206,1,2,3701735424,0x3f8b5d93,-1
6611,14803,1,2515,206,1,3,1554251776,0xbeb4f6bd,-1
6612,14804,1,2516,206,1,4,2091122688,0xbd06c16d,-1
6613,14805,1,2517,206,1,5,4238606336,0x400e3e83,-1
6614,14806,1,2518,206,1,6,3164864512,0x3f223d54,-1
6615,14807,1,2519,206,1,7,1017380864,0xbf3764e0,-1
6616,14808,1,2520,206,1,8,748945408,0xbf6fdfb3,-1
6617,14809,1,2521,206,1,9,2896429056,0x3ee770e3,-1
6618,14810,1,2522,206,1,10,3970170880,0x3fb7b2e8,-1
6619,14811,1,2523,206,1,11,1822687232,0xbe4348c9,-1
6620,14812,1,2524,206,1,12,1285816320,0xbf06b483,-1
6621,14813,1,2525,206,1,13,3433299968,0x3f56e2e4,-1
6622,14814,1,2526,206,1,14,2359558144,0x3dfe222b,-1
6623,14815,1,2527,206,1,15,212074496,0xbfd3515a,-1
6624,14816,1,2528,207,0,0,144965632,0xbfea05a9,-1
6625,14817,1,2529,207,0,1,2292449280,0x3dad7a58,-1
6626,14818,1,2530,207,0,2,3366191104,0x3f48f11e,-1
6627,14819,1,2531,207,0,3,1218707456,0xbf125ce6,-1
6628,14820,1,2532,207,0,4,1755578368,0xbe6c4b20,-1
6629,14821,1,2533,207,0,5,3903062016,0x3faaa368,-1
6630,14822,1,2534,207,0,6,2829320192,0x3ed17067,-1
6631,14823,1,2535,207,0,7,681836544,0xbf7fe5af,-1
6632,14824,1,2536,207,0,8,950272000,0xbf4499b2,-1
6633,14825,1,2537,207,0,9,3097755648,0x3f162933,-1
6634,14826,1,2538,207,0,10,4171497472,0x3ff323ba,-1
6635,14827,1,2539,207,0,11,2024013824,0xbd93b4a8,-1
6636,14828,1,2540,207,0,12,1487142912,0xbeca797a,-1
6637,14829,1,2541,207,0,13,3634626560,0x3f829f7c,-1
6638,14830,1,2542,207,0,14,2560884736,0x3e7981ae,-1
6639,14831,1,2543,207,0,15,413401088,0xbfa6cf69,-1
6640,14832,1,2544,207,1,0,279183360,0xbfc1cd76,-1
6641,14833,1,2545,207,1,1,2426667008,0x3e2797b7,-1
6642,14834,1,2546,207,1,2,3500408832,0x3f657fe1,-1
6643,14835,1,2547,207,1,3,1352925184,0xbef6a400,-1
6644,14836,1,2548,207,1,4,1889796096,0xbe1a960d,-1
6645,14837,1,2549,207,1,5,4037279744,0x3fc7037e,-1
6646,14838,1,2550,207,1,6,2963537920,0x3efde101,-1
6647,14839,1,2551,207,1,7,816054272,0xbf60bd39,-1
6648,14840,1,2552,207,1,8,547618816,0xbf91b30f,-1
6649,14841,1,2553,207,1,9,2695102464,0x3ea6869b,-1
6650,14842,1,2554,207,1,10,3768844288,0x3f94cfd0,-1
6651,14843,1,2555,207,1,11,1621360640,0xbe9fc49c,-1
6652,14844,1,2556,207,1,12,1084489728,0xbf2aa8a3,-1
6653,14845,1,2557,207,1,13,3231973376,0x3f2eb0d4,-1
6654,14846,1,2558,207,1,14,2158231552,0x3bcd8b7d,-1
6655,14847,1,2559,207,1,15,10747904,0xc033a14a,23
6656,14848,1,2560,208,0,0,14942208,0xc02cb9ea,7
6657,14849,1,2561,208,0,1,2162425856,0x3c0ee12f,-1
6658,14850,1,2562,208,0,2,3236167680,0x3f2f7b86,-1
6659,14851,1,2563,208,0,3,1088684032,0xbf29e07f,-1
6660,14852,1,2564,208,0,4,1625554944,0xbe9e73e4,-1
6661,14853,1,2565,208,0,5,3773038592,0x3f956dec,-1
6662,14854,1,2566,208,0,6,2699296768,0x3ea7d906,-1
6663,14855,1,2567,208,0,7,551813120,0xbf911a25,-1
6664,14856,1,2568,208,0,8,820248576,0xbf5fd1c0,-1
6665,14857,1,2569,208,0,9,2967732224,0x3eff4c13,-1
6666,14858,1,2570,208,0,10,4041474048,0x3fc811dc,-1
6667,14859,1,2571,208,0,11,1893990400,0xbe180d1f,-1
6668,14860,1,2572,208,0,12,1357119488,0xbef53beb,-1
6669,14861,1,2573,208,0,13,3504603136,0x3f66700a,-1
6670,14862,1,2574,208,0,14,2430861312,0x3e2a2233,-1
6671,14863,1,2575,208,0,15,283377664,0xbfc0d28c,-1
6672,14864,1,2576,208,1,0,417595392,0xbfa61498,-1
6673,14865,1,2577,208,1,1,2565079040,0x3e7c16eb,-1
6674,14866,1,2578,208,1,2,3638820864,0x3f8326c9,-1
6675,14867,1,2579,208,1,3,1491337216,0xbec91eb7,-1
6676,14868,1,2580,208,1,4,2028208128,0xbd8eae09,-1
6677,14869,1,2581,208,1,5,4175691776,0x3ff51202,-1
6678,14870,1,2582,208,1,6,3101949952,0x3f16e7e7,-1
6679,14871,1,2583,208,1,7,954466304,0xbf43c285,-1
6680,14872,1,2584,208,1,8,686030848,0xbf7eddd3,-1
6681,14873,1,2585,208,1,9,2833514496,0x3ed2cd71,-1
6682,14874,1,2586,208,1,10,3907256320,0x3fab673d,-1
6683,14875,1,2587,208,1,11,1759772672,0xbe69b84e,-1
6684,14876,1,2588,208,1,12,1222901760,0xbf11a026,-1
6685,14877,1,2589,208,1,13,3370385408,0x3f49cbb4,-1
6686,14878,1,2590,208,1,14,2296643584,0x3db2827d,-1
6687,14879,1,2591,208,1,15,149159936,0xbfe85ffa,-1
6688,14880,1,2592,209,0,0,216268800,0xbfd21a68,-1
6689,14881,1,2593,209,0,1,2363752448,0x3e0197d7,-1
6690,14882,1,2594,209,0,2,3437494272,0x3f57c767,-1
6691,14883,1,2595,209,0,3,1290010624,0xbf05fc67,-1
6692,14884,1,2596,209,0,4,1826881536,0xbe40bb78,-1
6693,14885,1,2597,209,0,5,3974365184,0x3fb894a9,-1
6694,14886,1,2598,209,0,6,2900623360,0x3ee8d477,-1
6695,14887,1,2599,209,0,7,753139712,0xbf6ee74d,-1
6696,14888,1,2600,209,0,8,1021575168,0xbf3695c2,-1
6697,14889,1,2601,209,0,9,3169058816,0x3f23019e,-1
6698,14890,1,2602,209,0,10,4242800640,0x4010289f,-1
6699,14891,1,2603,209,0,11,2095316992,0xbcf972b4,-1
6700,14892,1,2604,209,0,12,1558446080,0xbeb3a15e,-1
6701,14893,1,2605,209,0,13,3705929728,0x3f8bef06,-1
6702,14894,1,2606,209,0,14,2632187904,0x3e92d2e9,-1
6703,14895,1,2607,209,0,15,484704256,0xbf9b1213,-1
6704,14896,1,2608,209,1,0,350486528,0xbfb27a7d,-1
6705,14897,1,2609,209,1,1,2497970176,0x3e52f14d,-1
6706,14898,1,2610,209,1,2,3571712000,0x3f75e4d8,-1
6707,14899,1,2611,209,1,3,1424228352,0xbedef854,-1
6708,14900,1,2612,209,1,4,1961099264,0xbddf37bf,-1
6709,14901,1,2613,209,1,5,4108582912,0x3fdb3570,-1
6710,14902,1,2614,209,1,6,3034841088,0x3f0b2235,-1
6711,14903,1,2615,209,1,7,887357440,0xbf517992,-1
6712,14904,1,2616,209,1,8,618921984,0xbf87f19d,-1
6713,14905,1,2617,209,1,9,2766405632,0x3ebd289c,-1
6714,14906,1,2618,209,1,10,3840147456,0x3f9fd3dd,-1
6715,14907,1,2619,209,1,11,1692663808,0xbe898af7,-1
6716,14908,1,2620,209,1,12,1155792896,0xbf1d930d,-1
6717,14909,1,2621,209,1,13,3303276544,0x3f3c63e5,-1
6718,14910,1,2622,209,1,14,2229534720,0x3d4437fc,-1
6719,14911,1,2623,209,1,15,82051072,0xc004a5bf,-1
6720,14912,1,2624,210,0,0,115605504,0xbff6ce88,-1
6721,14913,1,2625,210,0,1,2263089152,0x3d8a486b,-1
6722,14914,1,2626,210,0,2,3336830976,0x3f4306af,-1
6723,14915,1,2627,210,0,3,1189347328,0xbf178f08,-1
6724,14916,1,2628,210,0,4,1726218240,0xbe7e59d5,-1
6725,14917,1,2629,210,0,5,3873701888,0x3fa57241,-1
6726,14918,1,2630,210,0,6,2799960064,0x3ec7ef97,-1
6727,14919,1,2631,210,0,7,652476416,0xbf839da5,-1
6728,14920,1,2632,210,0,8,920911872,0xbf4a8b71,-1
6729,14921,1,2633,210,0,9,3068395520,0x3f10fb3e,-1
6730,14922,1,2634,210,0,10,4142137344,0x3fe6f6ec,-1
6731,14923,1,2635,210,0,11,1994653696,0xbdb6e9d6,-1
6732,14924,1,2636,210,0,12,1457782784,0xbed3ff2a,-1
6733,14925,1,2637,210,0,13,3605266432,0x3f7df7d0,-1
6734,14926,1,2638,210,0,14,2531524608,0x3e677826,-1
6735,14927,1,2639,210,0,15,384040960,0xbfac13e3,-1
6736,14928,1,2640,210,1,0,518258688,0xbf95f901,-1
6737,14929,1,2641,210,1,1,2665742336,0x3e9d4d7a,-1
6738,14930,1,2642,210,1,2,3739484160,0x3f909502,-1
6739,14931,1,2643,210,1,3,1592000512,0xbea90160,-1
6740,14932,1,2644,210,1,4,2128871424,0xbc31f95f,-1
6741,14933,1,2645,210,1,5,4276355072,0x4027fea7,-1
6742,14934,1,2646,210,1,6,3202613248,0x3f2931b5,-1
6743,14935,1,2647,210,1,7,1055129600,0xbf302d3c,-1
6744,14936,1,2648,210,1,8,786694144,0xbf6742d4,-1
6745,14937,1,2649,210,1,9,2934177792,0x3ef4013c,-1
6746,14938,1,2650,210,1,10,4007919616,0x3fbff959,-1
6747,14939,1,2651,210,1,11,1860435968,0xbe2c5b97,-1
6748,14940,1,2652,210,1,12,1323565056,0xbf004516,-1
6749,14941,1,2653,210,1,13,3471048704,0x3f5f0452,-1
6750,14942,1,2654,210,1,14,2397306880,0x3e15d581,-1
6751,14943,1,2655,210,1,15,249823232,0xbfc90154,-1
6752,14944,1,2656,211,0,0,182714368,0xbfdc680e,-1
6753,14945,1,2657,211,0,1,2330198016,0x3ddace38,-1
6754,14946,1,2658,211,0,2,3403939840,0x3f50b5a0,-1
6755,14947,1,2659,211,0,3,1256456192,0xbf0bc507,-1
6756,14948,1,2660,211,0,4,1793327104,0xbe552ef5,-1
6757,14949,1,2661,211,0,5,3940810752,0x3fb1c1ad,-1
6758,14950,1,2662,211,0,6,2867068928,0x3eddc3d1,-1
6759,14951,1,2663,211,0,7,719585280,0xbf76c3db,-1
6760,14952,1,2664,211,0,8,988020736,0xbf3d1c1c,-1
6761,14953,1,2665,211,0,9,3135504384,0x3f1ce98a,-1
6762,14954,1,2666,211,0,10,4209246208,0x40037eae,-1
6763,14955,1,2667,211,0,11,2061762560,0xbd4d009e,-1
6764,14956,1,2668,211,0,12,1524891648,0xbebe554f,-1
6765,14957,1,2669,211,0,13,3672375296,0x3f87767f,-1
6766,14958,1,2670,211,0,14,2598633472,0x3e8867fe,-1
6767,14959,1,2671,211,0,15,451149824,0xbfa06d5b,-1
6768,14960,1,2672,211,1,0,316932096,0xbfb95c0e,-1
6769,14961,1,2673,211,1,1,2464415744,0x3e3e8011,-1
6770,14962,1,2674,211,1,2,3538157568,0x3f6e0eab,-1
6771,14963,1,2675,211,1,3,1390673920,0xbeea0bf5,-1
6772,14964,1,2676,211,1,4,1927544832,0xbe03cdeb,-1
6773,14965,1,2677,211,1,5,4075028480,0x3fd10e40,-1
6774,14966,1,2678,211,1,6,3001286656,0x3f055b88,-1
6775,14967,1,2679,211,1,7,853803008,0xbf588fe7,-1
6776,14968,1,2680,211,1,8,585367552,0xbf8c6edf,-1
6777,14969,1,2681,211,1,9,2732851200,0x3eb276ec,-1
6778,14970,1,2682,211,1,10,3806593024,0x3f9a8044,-1
6779,14971,1,2683,211,1,11,1659109376,0xbe93f787,-1
6780,14972,1,2684,211,1,12,1122238464,0xbf23adad,-1
6781,14973,1,2685,211,1,13,3269722112,0x3f35e0e9,-1
6782,14974,1,2686,211,1,14,2195980288,0x3ce7e4e3,-1
6783,14975,1,2687,211,1,15,48496640,0xc011f257,-1
6784,14976,1,2688,212,0,0,65273856,0xc00a8db0,-1
6785,14977,1,2689,212,0,1,2212757504,0x3d1c134c,-1
6786,14978,1,2690,212,0,2,3286499328,0x3f391e92,-1
6787,14979,1,2691,212,0,3,1139015680,0xbf209d71,-1
6788,14980,1,2692,212,0,4,1675886592,0xbe8ebf5a,-1
6789,14981,1,2693,212,0,5,3823370240,0x3f9d215b,-1
6790,14982,1,2694,212,0,6,2749628416,0x3eb7cd33,-1
6791,14983,1,2695,212,0,7,602144768,0xbf8a2ace,-1
6792,14984,1,2696,212,0,8,870580224,0xbf54ff83,-1
6793,14985,1,2697,212,0,9,3018063872,0x3f083ca6,-1
6794,14986,1,2698,212,0,10,4091805696,0x3fd5f6c7,-1
6795,14987,1,2699,212,0,11,1944322048,0xbdf366c3,-1
6796,14988,1,2700,212,0,12,1407451136,0xbee47eb8,-1
6797,14989,1,2701,212,0,13,3554934784,0x3f71f280,-1
6798,14990,1,2702,212,0,14,2481192960,0x3e48b620,-1
6799,14991,1,2703,212,0,15,333709312,0xbfb5da74,-1
6800,14992,1,2704,212,1,0,467927040,0xbf9db6e0,-1
6801,14993,1,2705,212,1,1,2615410688,0x3e8d9b93,-1
6802,14994,1,2706,212,1,2,3689152512,0x3f89ad63,-1
6803,14995,1,2707,212,1,3,1541668864,0xbeb8f8c0,-1
6804,14996,1,2708,212,1,4,2078539776,0xbd24daf5,-1
6805,14997,1,2709,212,1,5,4226023424,0x400928ab,-1
6806,14998,1,2710,212,1,6,3152281600,0x3f1ff2ad,-1
6807,14999,1,2711,212,1,7,1004797952,0xbf39d512,-1
6808,15000,1,2712,212,1,8,736362496,0xbf72ce40,-1
6809,15001,1,2713,212,1,9,2883846144,0x3ee348bf,-1
6810,15002,1,2714,212,1,10,3957587968,0x3fb51ab3,-1
6811,15003,1,2715,212,1,11,1810104320,0xbe4af29f,-1
6812,15004,1,2716,212,1,12,1273233408,0xbf08de7b,-1
6813,15005,1,2717,212,1,13,3420717056,0x3f543956,-1
6814,15006,1,2718,212,1,14,2346975232,0x3deefbfa,-1
6815,15007,1,2719,212,1,15,199491584,0xbfd714a7,-1
6816,15008,1,2720,213,0,0,266600448,0xbfc4d034,-1
6817,15009,1,2721,213,0,1,2414084096,0x3e1ff9d7,-1
6818,15010,1,2722,213,0,2,3487825920,0x3f62b415,-1
6819,15011,1,2723,213,0,3,1340342272,0xbefadf21,-1
6820,15012,1,2724,213,0,4,1877213184,0xbe223250,-1
6821,15013,1,2725,213,0,5,4024696832,0x3fc3ec87,-1
6822,15014,1,2726,213,0,6,2950955008,0x3ef9a2c4,-1
6823,15015,1,2727,213,0,7,803471360,0xbf638423,-1
6824,15016,1,2728,213,0,8,1071906816,0xbf2d0383,-1
6825,15017,1,2729,213,0,9,3219390464,0x3f2c534a,-1
6826,15018,1,2730,213,0,10,4293132288,0x405568a5,59
6827,15019,1,2731,213,0,11,2145648640,0xba8c5f05,-1
6828,15020,1,2732,213,0,12,1608777728,0xbea3b868,-1
6829,15021,1,2733,213,0,13,3756261376,0x3f92fab8,-1
6830,15022,1,2734,213,0,14,2682519552,0x3ea2910b,-1
6831,15023,1,2735,213,0,15,535035904,0xbf9382bd,-1
6832,15024,1,2736,213,1,0,400818176,0xbfa9085e,-1
6833,15025,1,2737,213,1,1,2548301824,0x3e71c465,-1
6834,15026,1,2738,213,1,2,3622043648,0x3f810cf8,-1
6835,15027,1,2739,213,1,3,1474560000,0xbece8bf5,-1
6836,15028,1,2740,213,1,4,2011430912,0xbda2c9ed,-1
6837,15029,1,2741,213,1,5,4158914560,0x3feda832,-1
6838,15030,1,2742,213,1,6,3085172736,0x3f13ef09,-1
6839,15031,1,2743,213,1,7,937689088,0xbf472281,-1
6840,15032,1,2744,213,1,8,669253632,0xbf8181da,-1
6841,15033,1,2745,213,1,9,2816737280,0x3ecd5b8e,-1
6842,15034,1,2746,213,1,10,3890479104,0x3fa86114,-1
6843,15035,1,2747,213,1,11,1742995456,0xbe7405e6,-1
6844,15036,1,2748,213,1,12,1206124544,0xbf149509,-1
6845,15037,1,2749,213,1,13,3353608192,0x3f4664c1,-1
6846,15038,1,2750,213,1,14,2279866368,0x3d9e637f,-1
6847,15039,1,2751,213,1,15,132382720,0xbfef360c,-1
6848,15040,1,2752,214,0,0,98828288,0xbfff62e2,-1
6849,15041,1,2753,214,0,1,2246311936,0x3d6c6180,-1
6850,15042,1,2754,214,0,2,3320053760,0x3f3fb12b,-1
6851,15043,1,2755,214,0,3,1172570112,0xbf1a8e50,-1
6852,15044,1,2756,214,0,4,1709441024,0xbe845a34,-1
6853,15045,1,2757,214,0,5,3856924672,0x3fa29909,-1
6854,15046,1,2758,214,0,6,2783182848,0x3ec28958,-1
6855,15047,1,2759,214,0,7,635699200,0xbf85c2bc,-1
6856,15048,1,2760,214,0,8,904134656,0xbf4dfdad,-1
6857,15049,1,2761,214,0,9,3051618304,0x3f0e0c5a,-1
6858,15050,1,2762,214,0,10,4125360128,0x3fe0d986,-1
6859,15051,1,2763,214,0,11,1977876480,0xbdcb0e46,-1
6860,15052,1,2764,214,0,12,1441005568,0xbed9788c,-1
6861,15053,1,2765,214,0,13,3588489216,0x3f79e660,-1
6862,15054,1,2766,214,0,14,2514747392,0x3e5d31e1,-1
6863,15055,1,2767,214,0,15,367263744,0xbfaf392b,-1
6864,15056,1,2768,214,1,0,501481472,0xbf987dcc,-1
6865,15057,1,2769,214,1,1,2648965120,0x3e980e28,-1
6866,15058,1,2770,214,1,2,3722706944,0x3f8e3c03,-1
6867,15059,1,2771,214,1,3,1575223296,0xbeae4ef8,-1
6868,15060,1,2772,214,1,4,2112094208,0xbca9359e,-1
6869,15061,1,2773,214,1,5,4259577856,0x40197aca,-1
6870,15062,1,2774,214,1,6,3185836032,0x3f26168f,-1
6871,15063,1,2775,214,1,7,1038352384,0xbf335de6,-1
6872,15064,1,2776,214,1,8,769916928,0xbf6b0e5d,-1
6873,15065,1,2777,214,1,9,2917400576,0x3eee6737,-1
6874,15066,1,2778,214,1,10,3991142400,0x3fbc32ea,-1
6875,15067,1,2779,214,1,11,1843658752,0xbe368937,-1
6876,15068,1,2780,214,1,12,1306787840,0xbf031ea7,-1
6877,15069,1,2781,214,1,13,3454271488,0x3f5b6040,-1
6878,15070,1,2782,214,1,14,2380529664,0x3e0bb4ed,-1
6879,15071,1,2783,214,1,15,233046016,0xbfcd6caa,-1
6880,15072,1,2784,215,0,0,165937152,0xbfe224c9,-1
6881,15073,1,2785,215,0,1,2313420800,0x3dc6a5e4,-1
6882,15074,1,2786,215,0,2,3387162624,0x3f4d3be0,-1
6883,15075,1,2787,215,0,3,1239678976,0xbf0eb033,-1
6884,15076,1,2788,215,0,4,1776549888,0xbe5f70c1,-1
6885,15077,1,2789,215,0,5,3924033536,0x3fae86b3,-1
6886,15078,1,2790,215,0,6,2850291712,0x3ed84575,-1
6887,15079,1,2791,215,0,7,702808064,0xbf7ac8ce,-1
6888,15080,1,2792,215,0,8,971243520,0xbf406b29,-1
6889,15081,1,2793,215,0,9,3118727168,0x3f19e602,-1
6890,15082,1,2794,215,0,10,4192468992,0x3ffd6912,-1
6891,15083,1,2795,215,0,11,2044985344,0xbd752b53,-1
6892,15084,1,2796,215,0,12,1508114432,0xbec3b73b,-1
6893,15085,1,2797,215,0,13,3655598080,0x3f8549cd,-1
6894,15086,1,2798,215,0,14,2581856256,0x3e833802,-1
6895,15087,1,2799,215,0,15,434372608,0xbfa336c9,-1
6896,15088,1,2800,215,1,0,300154880,0xbfbd02be,-1
6897,15089,1,2801,215,1,1,2447638528,0x3e344eda,-1
6898,15090,1,2802,215,1,2,3521380352,0x3f6a38b7,-1
6899,15091,1,2803,215,1,3,1373896704,0xbeefa047,-1
6900,15092,1,2804,215,1,4,1910767616,0xbe0debbe,-1
6901,15093,1,2805,215,1,5,4058251264,0x3fcc6fd2,-1
6902,15094,1,2806,215,1,6,2984509440,0x3f027eb5,-1
6903,15095,1,2807,215,1,7,837025792,0xbf5c2b2a,-1
6904,15096,1,2808,215,1,8,568590336,0xbf8ebe6e,-1
6905,15097,1,2809,215,1,9,2716073984,0x3ead2597,-1
6906,15098,1,2810,215,1,10,3789815808,0x3f97ef76,-1
6907,15099,1,2811,215,1,11,1642332160,0xbe9933a7,-1
6908,15100,1,2812,215,1,12,1105461248,0xbf26c3f5,-1
6909,15101,1,2813,215,1,13,3252944896,0x3f32aaa6,-1
6910,15102,1,2814,215,1,14,2179203072,0x3c97a8e1,-1
6911,15103,1,2815,215,1,15,31719424,0xc01c077f,-1
6912,15104,1,2816,216,0,0,23330816,0xc023029e,-1
6913,15105,1,2817,216,0,1,2170814464,0x3c5f18c9,-1
6914,15106,1,2818,216,0,2,3244556288,0x3f311235,-1
6915,15107,1,2819,216,0,3,1097072640,0xbf28516f,-1
6916,15108,1,2820,216,0,4,1633943552,0xbe9bd33f,-1
6917,15109,1,2821,216,0,5,3781427200,0x3f96acd8,-1
6918,15110,1,2822,216,0,6,2707685376,0x3eaa7eb9,-1
6919,15111,1,2823,216,0,7,560201728,0xbf8feaba,-1
6920,15112,1,2824,216,0,8,828637184,0xbf5dfd03,-1
6921,15113,1,2825,216,0,9,2976120832,0x3f0111dd,-1
6922,15114,1,2826,216,0,10,4049862656,0x3fca394f,-1
6923,15115,1,2827,216,0,11,1902379008,0xbe12fbf9,-1
6924,15116,1,2828,216,0,12,1365508096,0xbef26d2b,-1
6925,15117,1,2829,216,0,13,3512991744,0x3f6852c0,-1
6926,15118,1,2830,216,0,14,2439249920,0x3e2f37f8,-1
6927,15119,1,2831,216,0,15,291766272,0xbfbee53a,-1
6928,15120,1,2832,216,1,0,425984000,0xbfa4a30c,-1
6929,15121,1,2833,216,1,1,2573467648,0x3e80a150,-1
6930,15122,1,2834,216,1,2,3647209472,0x3f84371d,-1
6931,15123,1,2835,216,1,3,1499725824,0xbec66a44,-1
6932,15124,1,2836,216,1,4,2036596736,0xbd84a170,-1
6933,15125,1,2837,216,1,5,4184080384,0x3ff91bb6,-1
6934,15126,1,2838,216,1,6,3110338560,0x3f18664a,-1
6935,15127,1,2839,216,1,7,962854912,0xbf4215c8,-1
6936,15128,1,2840,216,1,8,694419456,0xbf7cd142,-1
6937,15129,1,2841,216,1,9,2841903104,0x3ed588ab,-1
6938,15130,1,2842,216,1,10,3915644928,0x3facf3ad,-1
6939,15131,1,2843,216,1,11,1768161280,0xbe6493cb,-1
6940,15132,1,2844,216,1,12,1231290368,0xbf102791,-1
6941,15133,1,2845,216,1,13,3378774016,0x3f4b829d,-1
6942,15134,1,2846,216,1,14,2305032192,0x3dbc939b,-1
6943,15135,1,2847,216,1,15,157548544,0xbfe53101,-1
6944,15136,1,2848,217,0,0,224657408,0xbfcfbaa8,-1
6945,15137,1,2849,217,0,1,2372141056,0x3e06a5f6,-1
6946,15138,1,2850,217,0,2,3445882880,0x3f599273,-1
6947,15139,1,2851,217,0,3,1298399232,0xbf048cff,-1
6948,15140,1,2852,217,0,4,1835270144,0xbe3ba1bf,-1
6949,15141,1,2853,217,0,5,3982753792,0x3fba5f06,-1
6950,15142,1,2854,217,0,6,2909011968,0x3eeb9cf3,-1
6951,15143,1,2855,217,0,7,761528320,0xbf6cf91e,-1
6952,15144,1,2856,217,0,8,1029963776,0xbf34f8ea,-1
6953,15145,1,2857,217,0,9,3177447424,0x3f248b53,-1
6954,15146,1,2858,217,0,10,4251189248,0x40146d4e,-1
6955,15147,1,2859,217,0,11,2103705600,0xbcd15384,-1
6956,15148,1,2860,217,0,12,1566834688,0xbeb0f78e,-1
6957,15149,1,2861,217,0,13,3714318336,0x3f8d140f,-1
6958,15150,1,2862,217,0,14,2640576512,0x3e957008,-1
6959,15151,1,2863,217,0,15,493092864,0xbf99c5f0,-1
6960,15152,1,2864,217,1,0,358875136,0xbfb0d62b,-1
6961,15153,1,2865,217,1,1,2506358784,0x3e5810e6,-1
6962,15154,1,2866,217,1,2,3580100608,0x3f77e3ab,-1
6963,15155,1,2867,217,1,3,1432616960,0xbedc37a0,-1
6964,15156,1,2868,217,1,4,1969487872,0xbdd52259,-1
6965,15157,1,2869,217,1,5,4116971520,0x3fddf9b0,-1
6966,15158,1,2870,217,1,6,3043229696,0x3f0c96b2,-1
6967,15159,1,2871,217,1,7,895746048,0xbf4fba64,-1
6968,15160,1,2872,217,1,8,627310592,0xbf86d8eb,-1
6969,15161,1,2873,217,1,9,2774794240,0x3ebfd84d,-1
6970,15162,1,2874,217,1,10,3848536064,0x3fa13408,-1
6971,15163,1,2875,217,1,11,1701052416,0xbe86f224,-1
6972,15164,1,2876,217,1,12,1164181504,0xbf1c0ffd,-1
6973,15165,1,2877,217,1,13,3311665152,0x3f3e0985,-1
6974,15166,1,2878,217,1,14,2237923328,0x3d584c14,-1
6975,15167,1,2879,217,1,15,90439680,0xc00212ab,-1
6976,15168,1,2880,218,0,0,123994112,0xbff2e6ed,-1
6977,15169,1,2881,218,0,1,2271477760,0x3d945580,-1
6978,15170,1,2882,218,0,2,3345219584,0x3f44b4a1,-1
6979,15171,1,2883,218,0,3,1197735936,0xbf161163,-1
6980,15172,1,2884,218,0,4,1734606848,0xbe792f0e,-1
6981,15173,1,2885,218,0,5,3882090496,0x3fa6e6dd,-1
6982,15174,1,2886,218,0,6,2808348672,0x3ecaa4d9,-1
6983,15175,1,2887,218,0,7,660865024,0xbf828e9d,-1
6984,15176,1,2888,218,0,8,929300480,0xbf48d5d5,-1
6985,15177,1,2889,218,0,9,3076784128,0x3f127484,-1
6986,15178,1,2890,218,0,10,4150525952,0x3fea3b13,-1
6987,15179,1,2891,218,0,11,2003042304,0xbdacd959,-1
6988,15180,1,2892,218,0,12,1466171392,0xbed144cd,-1
6989,15181,1,2893,218,0,13,3613655040,0x3f80035f,-1
6990,15182,1,2894,218,0,14,2539913216,0x3e6c9d81,-1
6991,15183,1,2895,218,0,15,392429568,0xbfaa8b0a,-1
6992,15184,1,2896,218,1,0,526647296,0xbf94bc1c,-1
6993,15185,1,2897,218,1,1,2674130944,0x3e9feeb8,-1
6994,15186,1,2898,218,1,2,3747872768,0x3f91c63a,-1
6995,15187,1,2899,218,1,3,1600389120,0xbea65c53,-1
6996,15188,1,2900,218,1,4,2137260032,0xbbc384a6,-1
6997,15189,1,2901,218,1,5,4284743680,0x4034a8a1,27
6998,15190,1,2902,218,1,6,3211001856,0x3f2ac1ae,-1
6999,15191,1,2903,218,1,7,1063518208,0xbf2e9785,-1
7000,15192,1,2904,218,1,8,795082752,0xbf6561ea,-1
7001,15193,1,2905,218,1,9,2942566400,0x3ef6d10b,-1
7002,15194,1,2906,218,1,10,4016308224,0x3fc1ed07,-1
7003,15195,1,2907,218,1,11,1868824576,0xbe27466d,-1
7004,15196,1,2908,218,1,12,1331953664,0xbefdb3a8,-1
7005,15197,1,2909,218,1,13,3479437312,0x3f60dab5,-1
7006,15198,1,2910,218,1,14,2405695488,0x3e1ae72f,-1
7007,15199,1,2911,218,1,15,258211840,0xbfc6e1f1,-1
7008,15200,1,2912,219,0,0,191102976,0xbfd9b24c,-1
7009,15201,1,2913,219,0,1,2338586624,0x3de4e463,-1
7010,15202,1,2914,219,0,2,3412328448,0x3f527636,-1
7011,15203,1,2915,219,0,3,1264844800,0xbf0a5130,-1
7012,15204,1,2916,219,0,4,1801715712,0xbe501020,-1
7013,15205,1,2917,219,0,5,3949199360,0x3fb36a42,-1
7014,15206,1,2918,219,0,6,2875457536,0x3ee08572,-1
7015,15207,1,2919,219,0,7,727973888,0xbf74c72e,-1
7016,15208,1,2920,219,0,8,996409344,0xbf3b779b,-1
7017,15209,1,2921,219,0,9,3143892992,0x3f1e6d65,-1
7018,15210,1,2922,219,0,10,4217634816,0x40063212,-1
7019,15211,1,2923,219,0,11,2070151168,0xbd38ed38,-1
7020,15212,1,2924,219,0,12,1533280256,0xbebba65f,-1
7021,15213,1,2925,219,0,13,3680763904,0x3f8890a2,-1
7022,15214,1,2926,219,0,14,2607022080,0x3e8b0153,-1
7023,15215,1,2927,219,0,15,459538432,0xbf9f0fd4,-1
7024,15216,1,2928,219,1,0,325320704,0xbfb796d8,-1
7025,15217,1,2929,219,1,1,2472804352,0x3e439a79,-1
7026,15218,1,2930,219,1,2,3546546176,0x3f6ffed0,-1
7027,15219,1,2931,219,1,3,1399062528,0xbee74478,-1
7028,15220,1,2932,219,1,4,1935933440,0xbdfd8082,-1
7029,15221,1,2933,219,1,5,4083417088,0x3fd37890,-1
7030,15222,1,2934,219,1,6,3009675264,0x3f06cb8b,-1
7031,15223,1,2935,219,1,7,862191616,0xbf56c660,-1
7032,15224,1,2936,219,1,8,593756160,0xbf8b4b71,-1
7033,15225,1,2937,219,1,9,2741239808,0x3eb5216f,-1
7034,15226,1,2938,219,1,10,3814981632,0x3f9bceb5,-1
7035,15227,1,2939,219,1,11,1667497984,0xbe915af5,-1
7036,15228,1,2940,219,1,12,1130627072,0xbf2224d1,-1
7037,15229,1,2941,219,1,13,3278110720,0x3f377ecd,-1
7038,15230,1,2942,219,1,14,2204368896,0x3d080274,-1
7039,15231,1,2943,219,1,15,56885248,0xc00e037c,-1
7040,15232,1,2944,220,0,0,40108032,0xc01685de,-1
7041,15233,1,2945,220,0,1,2187591680,0x3cbfc64b,-1
7042,15234,1,2946,220,0,2,3261333504,0x3f3444df,-1
7043,15235,1,2947,220,0,3,1113849856,0xbf25380c,-1
7044,15236,1,2948,220,0,4,1650720768,0xbe969516,-1
7045,15237,1,2949,220,0,5,3798204416,0x3f9935e5,-1
7046,15238,1,2950,220,0,6,2724462592,0x3eafcda6,-1
7047,15239,1,2951,220,0,7,576978944,0xbf8d952d,-1
7048,15240,1,2952,220,0,8,845414400,0xbf5a5c25,-1
7049,15241,1,2953,220,0,9,2992898048,0x3f03ec97,-1
7050,15242,1,2954,220,0,10,4066639872,0x3fceb66c,-1
7051,15243,1,2955,220,0,11,1919156224,0xbe08dc67,-1
7052,15244,1,2956,220,0,12,1382285312,0xbeecd538,-1
7053,15245,1,2957,220,0,13,3529768960,0x3f6c21ff,-1
7054,15246,1,2958,220,0,14,2456027136,0x3e3966df,-1
7055,15247,1,2959,220,0,15,308543488,0xbfbb2a86,-1
7056,15248,1,2960,220,1,0,442761216,0xbfa1cf9e,-1
7057,15249,1,2961,220,1,1,2590244864,0x3e85cf8f,-1
7058,15250,1,2962,220,1,2,3663986688,0x3f865ee9,-1
7059,15251,1,2963,220,1,3,1516503040,0xbec10596,-1
7060,15252,1,2964,220,1,4,2053373952,0xbd611547,-1
7061,15253,1,2965,220,1,5,4200857600,0x40010280,-1
7062,15254,1,2966,220,1,6,3127115776,0x3f1b6716,-1
7063,15255,1,2967,220,1,7,979632128,0xbf3ec29e,-1
7064,15256,1,2968,220,1,8,711196672,0xbf78c45e,-1
7065,15257,1,2969,220,1,9,2858680320,0x3edb03d5,-1
7066,15258,1,2970,220,1,10,3932422144,0x3fb02099,-1
7067,15259,1,2971,220,1,11,1784938496,0xbe5a4f28,-1
7068,15260,1,2972,220,1,12,1248067584,0xbf0d3a07,-1
7069,15261,1,2973,220,1,13,3395551232,0x3f4ef787,-1
7070,15262,1,2974,220,1,14,2321809408,0x3dd0b968,-1
7071,15263,1,2975,220,1,15,174325760,0xbfdf3812,-1
7072,15264,1,2976,221,0,0,241434624,0xbfcb2f3f,-1
7073,15265,1,2977,221,0,1,2388918272,0x3e10c4c3,-1
7074,15266,1,2978,221,0,2,3462660096,0x3f5d30da,-1
7075,15267,1,2979,221,0,3,1315176448,0xbf01b15b,-1
7076,15268,1,2980,221,0,4,1852047360,0xbe3171d7,-1
7077,15269,1,2981,221,0,5,3999531008,0x3fbe10d7,-1
7078,15270,1,2982,221,0,6,2925789184,0x3ef1334d,-1
7079,15271,1,2983,221,0,7,778305536,0xbf6926f5,-1
7080,15272,1,2984,221,0,8,1046740992,0xbf31c4af,-1
7081,15273,1,2985,221,0,9,3194224640,0x3f27a358,-1
7082,15274,1,2986,221,0,10,4267966464,0x401fb876,-1
7083,15275,1,2987,221,0,11,2120482816,0xbc8118c1,-1
7084,15276,1,2988,221,0,12,1583611904,0xbeaba795,-1
7085,15277,1,2989,221,0,13,3731095552,0x3f8f66f8,-1
7086,15278,1,2990,221,0,14,2657353728,0x3e9aad4c,-1
7087,15279,1,2991,221,0,15,509870080,0xbf973987,-1
7088,15280,1,2992,221,1,0,375652352,0xbfada32c,-1
7089,15281,1,2993,221,1,1,2523136000,0x3e625449,-1
7090,15282,1,2994,221,1,2,3596877824,0x3f7bed0f,-1
7091,15283,1,2995,221,1,3,1449394176,0xbed6bb12,-1
7092,15284,1,2996,221,1,4,1986265088,0xbdc0fb75,-1
7093,15285,1,2997,221,1,5,4133748736,0x3fe3d796,-1
7094,15286,1,2998,221,1,6,3060006912,0x3f0f8332,-1
7095,15287,1,2999,221,1,7,912523264,0xbf4c4360,-1
7096,15288,1,3000,221,1,8,644087808,0xbf84aeff,-1
7097,15289,1,3001,221,1,9,2791571456,0x3ec53bc4,-1
7098,15290,1,3002,221,1,10,3865313280,0x3fa4030c,-1
7099,15291,1,3003,221,1,11,1717829632,0xbe81c323,-1
7100,15292,1,3004,221,1,12,1180958720,0xbf190e00,-1
7101,15293,1,3005,221,1,13,3328442368,0x3f415ae1,-1
7102,15294,1,3006,221,1,14,2254700544,0x3d803c31,-1
7103,15295,1,3007,221,1,15,107216896,0xbffaf4a5,-1
7104,15296,1,3008,222,0,0,73662464,0xc00774d7,-1
7105,15297,1,3009,222,0,1,2221146112,0x3d302519,-1
7106,15298,1,3010,222,0,2,3294887936,0x3f3ac042,-1
7107,15299,1,3011,222,0,3,1147404288,0xbf1f1787,-1
7108,15300,1,3012,222,0,4,1684275200,0xbe8c24b2,-1
7109,15301,1,3013,222,0,5,3831758848,0x3f9e785c,-1
7110,15302,1,3014,222,0,6,2758017024,0x3eba7a41,-1
7111,15303,1,3015,222,0,7,610533376,0xbf890ce3,-1
7112,15304,1,3016,222,0,8,878968832,0xbf533b43,-1
7113,15305,1,3017,222,0,9,3026452480,0x3f09aedd,-1
7114,15306,1,3018,222,0,10,4100194304,0x3fd88a7a,-1
7115,15307,1,3019,222,0,11,1952710656,0xbde94e87,-1
7116,15308,1,3020,222,0,12,1415839744,0xbee1baaf,-1
7117,15309,1,3021,222,0,13,3563323392,0x3f73e9d1,-1
7118,15310,1,3022,222,0,14,2489581568,0x3e4dd30e,-1
7119,15311,1,3023,222,0,15,342097920,0xbfb42677,-1
7120,15312,1,3024,222,1,0,476315648,0xbf9c6257,-1
7121,15313,1,3025,222,1,1,2623799296,0x3e9036c3,-1
7122,15314,1,3026,222,1,2,3697541120,0x3f8accd3,-1
7123,15315,1,3027,222,1,3,1550057472,0xbeb64c6d,-1
7124,15316,1,3028,222,1,4,2086928384,0xbd10c9b6,-1
7125,15317,1,3029,222,1,5,4234412032,0x400c72f9,-1
7126,15318,1,3030,222,1,6,3160670208,0x3f217969,-1
7127,15319,1,3031,222,1,7,1013186560,0xbf383477,-1
7128,15320,1,3032,222,1,8,744751104,0xbf70d8fc,-1
7129,15321,1,3033,222,1,9,2892234752,0x3ee60dbe,-1
7130,15322,1,3034,222,1,10,3965976576,0x3fb6d35d,-1
7131,15323,1,3035,222,1,11,1818492928,0xbe45d66a,-1
7132,15324,1,3036,222,1,12,1281622016,0xbf076ce5,-1
7133,15325,1,3037,222,1,13,3429105664,0x3f55ff0c,-1
7134,15326,1,3038,222,1,14,2355363840,0x3df9150d,-1
7135,15327,1,3039,222,1,15,207880192,0xbfd48d3f,-1
7136,15328,1,3040,223,0,0,140771328,0xbfebb581,-1
7137,15329,1,3041,223,0,1,2288254976,0x3da87279,-1
7138,15330,1,3042,223,0,2,3361996800,0x3f481719,-1
7139,15331,1,3043,223,0,3,1214513152,0xbf1319f7,-1
7140,15332,1,3044,223,0,4,1751384064,0xbe6ede54,-1
7141,15333,1,3045,223,0,5,3898867712,0x3fa9e120,-1
7142,15334,1,3046,223,0,6,2825125888,0x3ed013bf,-1
7143,15335,1,3047,223,0,7,677642240,0xbf80774e,-1
7144,15336,1,3048,223,0,8,946077696,0xbf45716a,-1
7145,15337,1,3049,223,0,9,3093561344,0x3f156ad3,-1
7146,15338,1,3050,223,0,10,4167303168,0x3ff14337,-1
7147,15339,1,3051,223,0,11,2019819520,0xbd98bb82,-1
7148,15340,1,3052,223,0,12,1482948608,0xbecbd49a,-1
7149,15341,1,3053,223,0,13,3630432256,0x3f8218c1,-1
7150,15342,1,3054,223,0,14,2556690432,0x3e76ecda,-1
7151,15343,1,3055,223,0,15,409206784,0xbfa78ba1,-1
7152,15344,1,3056,223,1,0,274989056,0xbfc2cb51,-1
7153,15345,1,3057,223,1,1,2422472704,0x3e250d80,-1
7154,15346,1,3058,223,1,2,3496214528,0x3f649081,-1
7155,15347,1,3059,223,1,3,1348730880,0xbef80c90,-1
7156,15348,1,3060,223,1,4,1885601792,0xbe1d1f39,-1
7157,15349,1,3061,223,1,5,4033085440,0x3fc5f88d,-1
7158,15350,1,3062,223,1,6,2959343616,0x3efc766f,-1
7159,15351,1,3063,223,1,7,811859968,0xbf61a970,-1
7160,15352,1,3064,223,1,8,543424512,0xbf924cc9,-1
7161,15353,1,3065,223,1,9,2690908160,0x3ea53479,-1
7162,15354,1,3066,223,1,10,3764649984,0x3f943295,-1
7163,15355,1,3067,223,1,11,1617166336,0xbea1159a,-1
7164,15356,1,3068,223,1,12,1080295424,0xbf2b712e,-1
7165,15357,1,3069,223,1,13,3227779072,0x3f2de68f,-1
7166,15358,1,3070,223,1,14,2154037248,0x3b7aa9d8,-1
7167,15359,1,3071,223,1,15,6553600,0xc03d9934,39
7168,15360,1,3072,224,0,0,4456448,0xc0451280,47
7169,15361,1,3073,224,0,1,2151940096,0x3b2a7370,-1
7170,15362,1,3074,224,0,2,3225681920,0x3f2d8195,-1
7171,15363,1,3075,224,0,3,1078198272,0xbf2bd59c,-1
7172,15364,1,3076,224,0,4,1615069184,0xbea1be33,-1
7173,15365,1,3077,224,0,5,3762552832,0x3f93e44c,-1
7174,15366,1,3078,224,0,6,2688811008,0x3ea48b83,-1
7175,15367,1,3079,224,0,7,541327360,0xbf9299f5,-1
7176,15368,1,3080,224,0,8,809762816,0xbf621fd4,-1
7177,15369,1,3081,224,0,9,2957246464,0x3efbc155,-1
7178,15370,1,3082,224,0,10,4030988288,0x3fc57454,-1
7179,15371,1,3083,224,0,11,1883504640,0xbe1e63e7,-1
7180,15372,1,3084,224,0,12,1346633728,0xbef8c106,-1
7181,15373,1,3085,224,0,13,3494117376,0x3f64191c,-1
7182,15374,1,3086,224,0,14,2420375552,0x3e23c87d,-1
7183,15375,1,3087,224,0,15,272891904,0xbfc34b60,-1
7184,15376,1,3088,224,1,0,407109632,0xbfa7ea45,-1
7185,15377,1,3089,224,1,1,2554593280,0x3e75a297,-1
7186,15378,1,3090,224,1,2,3628335104,0x3f81d59a,-1
7187,15379,1,3091,224,1,3,1480851456,0xbecc824d,-1
7188,15380,1,3092,224,1,4,2017722368,0xbd9b3f05,-1
7189,15381,1,3093,224,1,5,4165206016,0x3ff057db,-1
7190,15382,1,3094,224,1,6,3091464192,0x3f150bc2,-1
7191,15383,1,3095,224,1,7,943980544,0xbf45dd7b,-1
7192,15384,1,3096,224,1,8,675545088,0xbf80b9bc,-1
7193,15385,1,3097,224,1,9,2823028736,0x3ecf658f,-1
7194,15386,1,3098,224,1,10,3896770560,0x3fa9808e,-1
7195,15387,1,3099,224,1,11,1749286912,0xbe702813,-1
7196,15388,1,3100,224,1,12,1212416000,0xbf13789d,-1
7197,15389,1,3101,224,1,13,3359899648,0x3f47aa4d,-1
7198,15390,1,3102,224,1,14,2286157824,0x3da5eea2,-1
7199,15391,1,3103,224,1,15,138674176,0xbfec916a,-1
7200,15392,1,3104,225,0,0,205783040,0xbfd52d1b,-1
7201,15393,1,3105,225,0,1,2353266688,0x3df68ea4,-1
7202,15394,1,3106,225,0,2,3427008512,0x3f558d60,-1
7203,15395,1,3107,225,0,3,1279524864,0xbf07c930,-1
7204,15396,1,3108,225,0,4,1816395776,0xbe471d59,-1
7205,15397,1,3109,225,0,5,3963879424,0x3fb66468,-1
7206,15398,1,3110,225,0,6,2890137600,0x3ee55c55,-1
7207,15399,1,3111,225,0,7,742653952,0xbf7155f6,-1
7208,15400,1,3112,225,0,8,1011089408,0xbf389c70,-1
7209,15401,1,3113,225,0,9,3158573056,0x3f211797,-1
7210,15402,1,3114,225,0,10,4232314880,0x400b9769,-1
7211,15403,1,3115,225,0,11,2084831232,0xbd15cdef,-1
7212,15404,1,3116,225,0,12,1547960320,0xbeb6f763,-1
7213,15405,1,3117,225,0,13,3695443968,0x3f8a84b5,-1
7214,15406,1,3118,225,0,14,2621702144,0x3e8f8fe0,-1
7215,15407,1,3119,225,0,15,474218496,0xbf9cb712,-1
7216,15408,1,3120,225,1,0,340000768,0xbfb492b2,-1
7217,15409,1,3121,225,1,1,2487484416,0x3e4c8bb3,-1
7218,15410,1,3122,225,1,2,3561226240,0x3f736ba5,-1
7219,15411,1,3123,225,1,3,1413742592,0xbee26b88,-1
7220,15412,1,3124,225,1,4,1950613504,0xbdebd472,-1
7221,15413,1,3125,225,1,5,4098097152,0x3fd7e371,-1
7222,15414,1,3126,225,1,6,3024355328,0x3f095235,-1
7223,15415,1,3127,225,1,7,876871680,0xbf53ac15,-1
7224,15416,1,3128,225,1,8,608436224,0xbf89541d,-1
7225,15417,1,3129,225,1,9,2755919872,0x3eb9cede,-1
7226,15418,1,3130,225,1,10,3829661696,0x3f9e2231,-1
7227,15419,1,3131,225,1,11,1682178048,0xbe8ccb46,-1
7228,15420,1,3132,225,1,12,1145307136,0xbf1f78df,-1
7229,15421,1,3133,225,1,13,3292790784,0x3f3a57a7,-1
7230,15422,1,3134,225,1,14,2219048960,0x3d2b208d,-1
7231,15423,1,3135,225,1,15,71565312,0xc0083380,-1
7232,15424,1,3136,226,0,0,105119744,0xbffc0905,-1
7233,15425,1,3137,226,0,1,2252603392,0x3d7b7284,-1
7234,15426,1,3138,226,0,2,3326345216,0x3f40f041,-1
7235,15427,1,3139,226,0,3,1178861568,0xbf196df4,-1
7236,15428,1,3140,226,0,4,1715732480,0xbe8268d3,-1
7237,15429,1,3141,226,0,5,3863216128,0x3fa3a810,-1
7238,15430,1,3142,226,0,6,2789474304,0x3ec48f07,-1
7239,15431,1,3143,226,0,7,641990656,0xbf84f3b4,-1
7240,15432,1,3144,226,0,8,910426112,0xbf4cb1ba,-1
7241,15433,1,3145,226,0,9,3057909760,0x3f0f255f,-1
7242,15434,1,3146,226,0,10,4131651584,0x3fe31513,-1
7243,15435,1,3147,226,0,11,1984167936,0xbdc3800c,-1
7244,15436,1,3148,226,0,12,1447297024,0xbed76a4b,-1
7245,15437,1,3149,226,0,13,3594780672,0x3f7b6b02,-1
7246,15438,1,3150,226,0,14,2521038848,0x3e610b8c,-1
7247,15439,1,3151,226,0,15,373555200,0xbfae0807,-1
7248,15440,1,3152,226,1,0,507772928,0xbf978a3d,-1
7249,15441,1,3153,226,1,1,2655256576,0x3e9a056a,-1
7250,15442,1,3154,226,1,2,3728998400,0x3f8f1bf1,-1
7251,15443,1,3155,226,1,3,1581514752,0xbeac5151,-1
7252,15444,1,3156,226,1,4,2118385664,0xbc8b1fe3,-1
7253,15445,1,3157,226,1,5,4265869312,0x401e03cd,-1
7254,15446,1,3158,226,1,6,3192127488,0x3f274000,-1
7255,15447,1,3159,226,1,7,1044643840,0xbf322ad2,-1
7256,15448,1,3160,226,1,8,776208384,0xbf69a07f,-1
7257,15449,1,3161,226,1,9,2923692032,0x3ef0801b,-1
7258,15450,1,3162,226,1,10,3997433856,0x3fbd9864,-1
7259,15451,1,3163,226,1,11,1849950208,0xbe32b794,-1
7260,15452,1,3164,226,1,12,1313079296,0xbf020c95,-1
7261,15453,1,3165,226,1,13,3460562944,0x3f5cbc6f,-1
7262,15454,1,3166,226,1,14,2386821120,0x3e0f80b8,-1
7263,15455,1,3167,226,1,15,239337472,0xbfcbbd1b,-1
7264,15456,1,3168,227,0,0,172228608,0xbfdff075,-1
7265,15457,1,3169,227,0,1,2319712256,0x3dce3469,-1
7266,15458,1,3170,227,0,2,3393454080,0x3f4e8863,-1
7267,15459,1,3171,227,0,3,1245970432,0xbf0d9775,-1
7268,15460,1,3172,227,0,4,1782841344,0xbe5b976c,-1
7269,15461,1,3173,227,0,5,3930324992,0x3fafb976,-1
7270,15462,1,3174,227,0,6,2856583168,0x3eda5416,-1
7271,15463,1,3175,227,0,7,709099520,0xbf79451b,-1
7272,15464,1,3176,227,0,8,977534976,0xbf3f2c8f,-1
7273,15465,1,3177,227,0,9,3125018624,0x3f1b06b0,-1
7274,15466,1,3178,227,0,10,4198760448,0x40006afa,-1
7275,15467,1,3179,227,0,11,2051276800,0xbd661aa7,-1
7276,15468,1,3180,227,0,12,1514405888,0xbec1b1df,-1
7277,15469,1,3181,227,0,13,3661889536,0x3f861967,-1
7278,15470,1,3182,227,0,14,2588147712,0x3e852997,-1
7279,15471,1,3183,227,0,15,440664064,0xbfa228f1,-1
7280,15472,1,3184,227,1,0,306446336,0xbfbb9fa5,-1
7281,15473,1,3185,227,1,1,2453929984,0x3e3820c2,-1
7282,15474,1,3186,227,1,2,3527671808,0x3f6ba75c,-1
7283,15475,1,3187,227,1,3,1380188160,0xbeed87d0,-1
7284,15476,1,3188,227,1,4,1917059072,0xbe0a2028,-1
7285,15477,1,3189,227,1,5,4064542720,0x3fce2334,-1
7286,15478,1,3190,227,1,6,2990800896,0x3f039106,-1
7287,15479,1,3191,227,1,7,843317248,0xbf5acfa3,-1
7288,15480,1,3192,227,1,8,574881792,0xbf8ddf36,-1
7289,15481,1,3193,227,1,9,2722365440,0x3eaf2386,-1
7290,15482,1,3194,227,1,10,3796107264,0x3f98e3ec,-1
7291,15483,1,3195,227,1,11,1648623616,0xbe973ca2,-1
7292,15484,1,3196,227,1,12,1111752704,0xbf259ae2,-1
7293,15485,1,3197,227,1,13,3259236352,0x3f33de25,-1
7294,15486,1,3198,227,1,14,2185494528,0x3cb5bed7,-1
7295,15487,1,3199,227,1,15,38010880,0xc017cc13,-1
7296,15488,1,3200,228,0,0,54788096,0xc00ef27c,-1
7297,15489,1,3201,228,0,1,2202271744,0x3d02fe60,-1
7298,15490,1,3202,228,0,2,3276013568,0x3f371727,-1
7299,15491,1,3203,228,0,3,1128529920,0xbf2286e4,-1
7300,15492,1,3204,228,0,4,1665400832,0xbe920202,-1
7301,15493,1,3205,228,0,5,3812884480,0x3f9b7ab5,-1
7302,15494,1,3206,228,0,6,2739142656,0x3eb476b0,-1
7303,15495,1,3207,228,0,7,591659008,0xbf8b9409,-1
7304,15496,1,3208,228,0,8,860094464,0xbf573881,-1
7305,15497,1,3209,228,0,9,3007578112,0x3f066f71,-1
7306,15498,1,3210,228,0,10,4081319936,0x3fd2dc2d,-1
7307,15499,1,3211,228,0,11,1933836288,0xbe000398,-1
7308,15500,1,3212,228,0,12,1396965376,0xbee7f62d,-1
7309,15501,1,3213,228,0,13,3544449024,0x3f6f8272,-1
7310,15502,1,3214,228,0,14,2470707200,0x3e4253c2,-1
7311,15503,1,3215,228,0,15,323223552,0xbfb8074e,-1
7312,15504,1,3216,228,1,0,457441280,0xbf9f66c6,-1
7313,15505,1,3217,228,1,1,2604924928,0x3e8a5ae8,-1
7314,15506,1,3218,228,1,2,3678666752,0x3f8849db,-1
7315,15507,1,3219,228,1,3,1531183104,0xbebc51fb,-1
7316,15508,1,3220,228,1,4,2068054016,0xbd3df1f5,-1
7317,15509,1,3221,228,1,5,4215537664,0x40057f74,-1
7318,15510,1,3222,228,1,6,3141795840,0x3f1e0c4c,-1
7319,15511,1,3223,228,1,7,994312192,0xbf3be08c,-1
7320,15512,1,3224,228,1,8,725876736,0xbf7545ff,-1
7321,15513,1,3225,228,1,9,2873360384,0x3edfd4e2,-1
7322,15514,1,3226,228,1,10,3947102208,0x3fb2ff64,-1
7323,15515,1,3227,228,1,11,1799618560,0xbe5157b5,-1
7324,15516,1,3228,228,1,12,1262747648,0xbf0aae0a,-1
7325,15517,1,3229,228,1,13,3410231296,0x3f5205d4,-1
7326,15518,1,3230,228,1,14,2336489472,0x3de25eb6,-1
7327,15519,1,3231,228,1,15,189005824,0xbfda5d65,-1
7328,15520,1,3232,229,0,0,256114688,0xbfc76879,-1
7329,15521,1,3233,229,0,1,2403598336,0x3e19a2ad,-1
7330,15522,1,3234,229,0,2,3477340160,0x3f6064d5,-1
7331,15523,1,3235,229,0,3,1329856512,0xbefe6919,-1
7332,15524,1,3236,229,0,4,1866727424,0xbe288b9e,-1
7333,15525,1,3237,229,0,5,4014211072,0x3fc16f07,-1
7334,15526,1,3238,229,0,6,2940469248,0x3ef61cea,-1
7335,15527,1,3239,229,0,7,792985600,0xbf65d9d8,-1
7336,15528,1,3240,229,0,8,1061421056,0xbf2efcca,-1
7337,15529,1,3241,229,0,9,3208904704,0x3f2a5d89,-1
7338,15530,1,3242,229,0,10,4282646528,0x4030cba3,19
7339,15531,1,3243,229,0,11,2135162880,0xbbeba005,-1
7340,15532,1,3244,229,0,12,1598291968,0xbea7057b,-1
7341,15533,1,3245,229,0,13,3745775616,0x3f91799f,-1
7342,15534,1,3246,229,0,14,2672033792,0x3e9f464f,-1
7343,15535,1,3247,229,0,15,524550144,0xbf950b00,-1
7344,15536,1,3248,229,1,0,390332416,0xbfaaeca9,-1
7345,15537,1,3249,229,1,1,2537816064,0x3e6b5406,-1
7346,15538,1,3250,229,1,2,3611557888,0x3f7f829d,-1
7347,15539,1,3251,229,1,3,1464074240,0xbed1f340,-1
7348,15540,1,3252,229,1,4,2000945152,0xbdaf5d5e,-1
7349,15541,1,3253,229,1,5,4148428800,0x3fe9665e,-1
7350,15542,1,3254,229,1,6,3074686976,0x3f121615,-1
7351,15543,1,3255,229,1,7,927203328,0xbf494305,-1
7352,15544,1,3256,229,1,8,658767872,0xbf82d228,-1
7353,15545,1,3257,229,1,9,2806251520,0x3ec9f766,-1
7354,15546,1,3258,229,1,10,3879993344,0x3fa68931,-1
7355,15547,1,3259,229,1,11,1732509696,0xbe7a7999,-1
7356,15548,1,3260,229,1,12,1195638784,0xbf1670ad,-1
7357,15549,1,3261,229,1,13,3343122432,0x3f4448f1,-1
7358,15550,1,3262,229,1,14,2269380608,0x3d91d226,-1
7359,15551,1,3263,229,1,15,121896960,0xbff3db6c,-1
7360,15552,1,3264,230,0,0,88342528,0xc002b26a,-1
7361,15553,1,3265,230,0,1,2235826176,0x3d5346ef,-1
7362,15554,1,3266,230,0,2,3309568000,0x3f3d9fed,-1
7363,15555,1,3267,230,0,3,1162084352,0xbf1c709f,-1
7364,15556,1,3268,230,0,4,1698955264,0xbe879843,-1
7365,15557,1,3269,230,0,5,3846438912,0x3fa0db8b,-1
7366,15558,1,3270,230,0,6,2772697088,0x3ebf2c40,-1
7367,15559,1,3271,230,0,7,625213440,0xbf871edb,-1
7368,15560,1,3272,230,0,8,893648896,0xbf5029f4,-1
7369,15561,1,3273,230,0,9,3041132544,0x3f0c3977,-1
7370,15562,1,3274,230,0,10,4114874368,0x3fdd4622,-1
7371,15563,1,3275,230,0,11,1967390720,0xbdd7a792,-1
7372,15564,1,3276,230,0,12,1430519808,0xbedce7a5,-1
7373,15565,1,3277,230,0,13,3578003456,0x3f77639a,-1
7374,15566,1,3278,230,0,14,2504261632,0x3e56c8df,-1
7375,15567,1,3279,230,0,15,356777984,0xbfb13e8c,-1
7376,15568,1,3280,230,1,0,490995712,0xbf9a1898,-1
7377,15569,1,3281,230,1,1,2638479360,0x3e94c8a9,-1
7378,15570,1,3282,230,1,2,3712221184,0x3f8cca88,-1
7379,15571,1,3283,230,1,3,1564737536,0xbeb1a1e5,-1
7380,15572,1,3284,230,1,4,2101608448,0xbcdb5b2f,-1
7381,15573,1,3285,230,1,5,4249092096,0x40134c17,-1
7382,15574,1,3286,230,1,6,3175350272,0x3f2428c1,-1
7383,15575,1,3287,230,1,7,1027866624,0xbf355ff4,-1
7384,15576,1,3288,230,1,8,759431168,0xbf6d7457,-1
7385,15577,1,3289,230,1,9,2906914816,0x3eeaeaa9,-1
7386,15578,1,3290,230,1,10,3980656640,0x3fb9eb8f,-1
7387,15579,1,3291,230,1,11,1833172992,0xbe3ce811,-1
7388,15580,1,3292,230,1,12,1296302080,0xbf04e8c0,-1
7389,15581,1,3293,230,1,13,3443785728,0x3f591f6f,-1
7390,15582,1,3294,230,1,14,2370043904,0x3e05625b,-1
7391,15583,1,3295,230,1,15,222560256,0xbfd050e1,-1
7392,15584,1,3296,231,0,0,155451392,0xbfe5f95a,-1
7393,15585,1,3297,231,0,1,2302935040,0x3dba0f38,-1
7394,15586,1,3298,231,0,2,3376676864,0x3f4b14ab,-1
7395,15587,1,3299,231,0,3,1229193216,0xbf108599,-1
7396,15588,1,3300,231,0,4,1766064128,0xbe65dcc8,-1
7397,15589,1,3301,231,0,5,3913547776,0x3fac8ff5,-1
7398,15590,1,3302,231,0,6,2839805952,0x3ed4d9b8,-1
7399,15591,1,3303,231,0,7,692322304,0xbf7d5402,-1
7400,15592,1,3304,231,0,8,960757760,0xbf4280c4,-1
7401,15593,1,3305,231,0,9,3108241408,0x3f180691,-1
7402,15594,1,3306,231,0,10,4181983232,0x3ff81351,-1
7403,15595,1,3307,231,0,11,2034499584,0xbd872482,-1
7404,15596,1,3308,231,0,12,1497628672,0xbec7173e,-1
7405,15597,1,3309,231,0,13,3645112320,0x3f83f2d0,-1
7406,15598,1,3310,231,0,14,2571370496,0x3e7ff78a,-1
7407,15599,1,3311,231,0,15,423886848,0xbfa4feee,-1
7408,15600,1,3312,231,1,0,289669120,0xbfbf5f85,-1
7409,15601,1,3313,231,1,1,2437152768,0x3e2df26d,-1
7410,15602,1,3314,231,1,2,3510894592,0x3f67d9c5,-1
7411,15603,1,3315,231,1,3,1363410944,0xbef320ae,-1
7412,15604,1,3316,231,1,4,1900281856,0xbe14402c,-1
7413,15605,1,3317,231,1,5,4047765504,0x3fc9ae13,-1
7414,15606,1,3318,231,1,6,2974023680,0x3f00b6cf,-1
7415,15607,1,3319,231,1,7,826540032,0xbf5e71ec,-1
7416,15608,1,3320,231,1,8,558104576,0xbf903649,-1
7417,15609,1,3321,231,1,9,2705588224,0x3ea9d530,-1
7418,15610,1,3322,231,1,10,3779330048,0x3f965cc5,-1
7419,15611,1,3323,231,1,11,1631846400,0xbe9c7b4f,-1
7420,15612,1,3324,231,1,12,1094975488,0xbf28b50c,-1
7421,15613,1,3325,231,1,13,3242459136,0x3f30ac60,-1
7422,15614,1,3326,231,1,14,2168717312,0x3c4b0ac7,-1
7423,15615,1,3327,231,1,15,21233664,0xc0251a55,-1
7424,15616,1,3328,232,0,0,29622272,0xc01d9afe,-1
7425,15617,1,3329,232,0,1,2177105920,0x3c8da1ae,-1
7426,15618,1,3330,232,0,2,3250847744,0x3f32445f,-1
7427,15619,1,3331,232,0,3,1103364096,0xbf27272e,-1
7428,15620,1,3332,232,0,4,1640235008,0xbe99db74,-1
7429,15621,1,3333,232,0,5,3787718656,0x3f979e74,-1
7430,15622,1,3334,232,0,6,2713976832,0x3eac7bc3,-1
7431,15623,1,3335,232,0,7,566493184,0xbf8f0937,-1
7432,15624,1,3336,232,0,8,834928640,0xbf5c9f5c,-1
7433,15625,1,3337,232,0,9,2982412288,0x3f022366,-1
7434,15626,1,3338,232,0,10,4056154112,0x3fcbe0ba,-1
7435,15627,1,3339,232,0,11,1908670464,0xbe0f2fb7,-1
7436,15628,1,3340,232,0,12,1371799552,0xbef05354,-1
7437,15629,1,3341,232,0,13,3519283200,0x3f69beea,-1
7438,15630,1,3342,232,0,14,2445541376,0x3e330906,-1
7439,15631,1,3343,232,0,15,298057728,0xbfbd7a61,-1
7440,15632,1,3344,232,1,0,432275456,0xbfa3915e,-1
7441,15633,1,3345,232,1,1,2579759104,0x3e829241,-1
7442,15634,1,3346,232,1,2,3653500928,0x3f8504e8,-1
7443,15635,1,3347,232,1,3,1506017280,0xbec463dc,-1
7444,15636,1,3348,232,1,4,2042888192,0xbd7a3111,-1
7445,15637,1,3349,232,1,5,4190371840,0x3ffc4ed6,-1
7446,15638,1,3350,232,1,6,3116630016,0x3f1985f4,-1
7447,15639,1,3351,232,1,7,969146368,0xbf40d59f,-1
7448,15640,1,3352,232,1,8,700710912,0xbf7b4a89,-1
7449,15641,1,3353,232,1,9,2848194560,0x3ed7961d,-1
7450,15642,1,3354,232,1,10,3921936384,0x3fae214f,-1
7451,15643,1,3355,232,1,11,1774452736,0xbe60b961,-1
7452,15644,1,3356,232,1,12,1237581824,0xbf0f0ded,-1
7453,15645,1,3357,232,1,13,3385065472,0x3f4ccd56,-1
7454,15646,1,3358,232,1,14,2311323648,0x3dc42135,-1
7455,15647,1,3359,232,1,15,163840000,0xbfe2e4c4,-1
7456,15648,1,3360,233,0,0,230948864,0xbfcdfe90,-1
7457,15649,1,3361,233,0,1,2378432512,0x3e0a711b,-1
7458,15650,1,3362,233,0,2,3452174336,0x3f5aec8a,-1
7459,15651,1,3363,233,0,3,1304690688,0xbf037a24,-1
7460,15652,1,3364,233,0,4,1841561600,0xbe37cf3d,-1
7461,15653,1,3365,233,0,5,3989045248,0x3fbbbd06,-1
7462,15654,1,3366,233,0,6,2915303424,0x3eedb47b,-1
7463,15655,1,3367,233,0,7,767819776,0xbf6b88bc,-1
7464,15656,1,3368,233,0,8,1036255232,0xbf33c47c,-1
7465,15657,1,3369,233,0,9,3183738880,0x3f25b39b,-1
7466,15658,1,3370,233,0,10,4257480704,0x40182016,-1
7467,15659,1,3371,233,0,11,2109997056,0xbcb33cfc,-1
7468,15660,1,3372,233,0,12,1573126144,0xbeaef900,-1
7469,15661,1,3373,233,0,13,3720609792,0x3f8df1bf,-1
7470,15662,1,3374,233,0,14,2646867968,0x3e976688,-1
7471,15663,1,3375,233,0,15,499384320,0xbf98cf77,-1
7472,15664,1,3376,233,1,0,365166592,0xbfaf9fbf,-1
7473,15665,1,3377,233,1,1,2512650240,0x3e5be981,-1
7474,15666,1,3378,233,1,2,3586392064,0x3f796554,-1
7475,15667,1,3379,233,1,3,1438908416,0xbeda282b,-1
7476,15668,1,3380,233,1,4,1975779328,0xbdcd932c,-1
7477,15669,1,3381,233,1,5,4123262976,0x3fe01ed7,-1
7478,15670,1,3382,233,1,6,3049521152,0x3f0daed4,-1
7479,15671,1,3383,233,1,7,902037504,0xbf4e6ca0,-1
7480,15672,1,3384,233,1,8,633602048,0xbf86080c,-1
7481,15673,1,3385,233,1,9,2781085696,0x3ec1dcf4,-1
7482,15674,1,3386,233,1,10,3854827520,0x3fa23f52,-1
7483,15675,1,3387,233,1,11,1707343872,0xbe85001b,-1
7484,15676,1,3388,233,1,12,1170472960,0xbf1aee9a,-1
7485,15677,1,3389,233,1,13,3317956608,0x3f3f4711,-1
7486,15678,1,3390,233,1,14,2244214784,0x3d675c03,-1
7487,15679,1,3391,233,1,15,96731136,0xc0004588,-1
7488,15680,1,3392,234,0,0,130285568,0xbff01d82,-1
7489,15681,1,3393,234,0,1,2277769216,0x3d9bdfe9,-1
7490,15682,1,3394,234,0,2,3351511040,0x3f45f884,-1
7491,15683,1,3395,234,0,3,1204027392,0xbf14f401,-1
7492,15684,1,3396,234,0,4,1740898304,0xbe75500a,-1
7493,15685,1,3397,234,0,5,3888381952,0x3fa801fc,-1
7494,15686,1,3398,234,0,6,2814640128,0x3eccadbe,-1
7495,15687,1,3399,234,0,7,667156480,0xbf81c4d5,-1
7496,15688,1,3400,234,0,8,935591936,0xbf478f20,-1
7497,15689,1,3401,234,0,9,3083075584,0x3f13904a,-1
7498,15690,1,3402,234,0,10,4156817408,0x3fecc8d2,-1
7499,15691,1,3403,234,0,11,2009333760,0xbda54daf,-1
7500,15692,1,3404,234,0,12,1472462848,0xbecf3a07,-1
7501,15693,1,3405,234,0,13,3619946496,0x3f80ca5e,-1
7502,15694,1,3406,234,0,14,2546204672,0x3e707a87,-1
7503,15695,1,3407,234,0,15,398721024,0xbfa96878,-1
7504,15696,1,3408,234,1,0,532938752,0xbf93d0c2,-1
7505,15697,1,3409,234,1,1,2680422400,0x3ea1e85c,-1
7506,15698,1,3410,234,1,2,3754164224,0x3f92ad49,-1
7507,15699,1,3411,234,1,3,1606680576,0xbea46148,-1
7508,15700,1,3412,234,1,4,2143551488,0xbb1665d7,-1
7509,15701,1,3413,234,1,5,4291035136,0x40477243,51
7510,15702,1,3414,234,1,6,3217293312,0x3f2beebb,-1
7511,15703,1,3415,234,1,7,1069809664,0xbf2d685b,-1
7512,15704,1,3416,234,1,8,801374208,0xbf63fb4a,-1
7513,15705,1,3417,234,1,9,2948857856,0x3ef8ee28,-1
7514,15706,1,3418,234,1,10,4022599680,0x3fc36b82,-1
7515,15707,1,3419,234,1,11,1875116032,0xbe23773f,-1
7516,15708,1,3420,234,1,12,1338245120,0xbefb9414,-1
7517,15709,1,3421,234,1,13,3485728768,0x3f623d75,-1
7518,15710,1,3422,234,1,14,2411986944,0x3e1eb515,-1
7519,15711,1,3423,234,1,15,264503296,0xbfc55367,-1
7520,15712,1,3424,235,0,0,197394432,0xbfd7b9e9,-1
7521,15713,1,3425,235,0,1,2344878080,0x3dec75f1,-1
7522,15714,1,3426,235,0,2,3418619904,0x3f53c850,-1
7523,15715,1,3427,235,0,3,1271136256,0xbf093b0d,-1
7524,15716,1,3428,235,0,4,1808007168,0xbe4c39e0,-1
7525,15717,1,3429,235,0,5,3955490816,0x3fb4add5,-1
7526,15718,1,3430,235,0,6,2881748992,0x3ee297c3,-1
7527,15719,1,3431,235,0,7,734265344,0xbf734c23,-1
7528,15720,1,3432,235,0,8,1002700800,0xbf3a3d86,-1
7529,15721,1,3433,235,0,9,3150184448,0x3f1f9139,-1
7530,15722,1,3434,235,0,10,4223926272,0x400863ea,-1
7531,15723,1,3435,235,0,11,2076442624,0xbd29df6c,-1
7532,15724,1,3436,235,0,12,1539571712,0xbeb9a409,-1
7533,15725,1,3437,235,0,13,3687055360,0x3f8965f3,-1
7534,15726,1,3438,235,0,14,2613313536,0x3e8cf4ed,-1
7535,15727,1,3439,235,0,15,465829888,0xbf9e0cb2,-1
7536,15728,1,3440,235,1,0,331612160,0xbfb648c0,-1
7537,15729,1,3441,235,1,1,2479095808,0x3e476f18,-1
7538,15730,1,3442,235,1,2,3552837632,0x3f71753e,-1
7539,15731,1,3443,235,1,3,1405353984,0xbee52fff,-1
7540,15732,1,3444,235,1,4,1942224896,0xbdf5ed0d,-1
7541,15733,1,3445,235,1,5,4089708544,0x3fd55547,-1
7542,15734,1,3446,235,1,6,3015966720,0x3f07e045,-1
7543,15735,1,3447,235,1,7,868483072,0xbf5570fb,-1
7544,15736,1,3448,235,1,8,600047616,0xbf8a72b5,-1
7545,15737,1,3449,235,1,9,2747531264,0x3eb72224,-1
7546,15738,1,3450,235,1,10,3821273088,0x3f9ccc4b,-1
7547,15739,1,3451,235,1,11,1673789440,0xbe8f662a,-1
7548,15740,1,3452,235,1,12,1136918528,0xbf20ff26,-1
7549,15741,1,3453,235,1,13,3284402176,0x3f38b673,-1
7550,15742,1,3454,235,1,14,2210660352,0x3d170f00,-1
7551,15743,1,3455,235,1,15,63176704,0xc00b6183,-1
7552,15744,1,3456,236,0,0,46399488,0xc0130597,-1
7553,15745,1,3457,236,0,1,2193883136,0x3cdddd1d,-1
7554,15746,1,3458,236,0,2,3267624960,0x3f3579bb,-1
7555,15747,1,3459,236,0,3,1120141312,0xbf241021,-1
7556,15748,1,3460,236,0,4,1657012224,0xbe949ed3,-1
7557,15749,1,3461,236,0,5,3804495872,0x3f9a2d4c,-1
7558,15750,1,3462,236,0,6,2730754048,0x3eb1cc7d,-1
7559,15751,1,3463,236,0,7,583270400,0xbf8cb82d,-1
7560,15752,1,3464,236,0,8,851705856,0xbf5902b4,-1
7561,15753,1,3465,236,0,9,2999189504,0x3f04ffb2,-1
7562,15754,1,3466,236,0,10,4072931328,0x3fd0769c,-1
7563,15755,1,3467,236,0,11,1925447680,0xbe051176,-1
7564,15756,1,3468,236,0,12,1388576768,0xbeeabe1b,-1
7565,15757,1,3469,236,0,13,3536060416,0x3f6d932e,-1
7566,15758,1,3470,236,0,14,2462318592,0x3e3d39a8,-1
7567,15759,1,3471,236,0,15,314834944,0xbfb9cec9,-1
7568,15760,1,3472,236,1,0,449052672,0xbfa0c578,-1
7569,15761,1,3473,236,1,1,2596536320,0x3e87c1cd,-1
7570,15762,1,3474,236,1,2,3670278144,0x3f87305d,-1
7571,15763,1,3475,236,1,3,1522794496,0xbebf0141,-1
7572,15764,1,3476,236,1,4,2059665408,0xbd5205a9,-1
7573,15765,1,3477,236,1,5,4207149056,0x4002dada,-1
7574,15766,1,3478,236,1,6,3133407232,0x3f1c88cb,-1
7575,15767,1,3479,236,1,7,985923584,0xbf3d858c,-1
7576,15768,1,3480,236,1,8,717488128,0xbf77439f,-1
7577,15769,1,3481,236,1,9,2864971776,0x3edd13ab,-1
7578,15770,1,3482,236,1,10,3938713600,0x3fb158b7,-1
7579,15771,1,3483,236,1,11,1791229952,0xbe5676e0,-1
7580,15772,1,3484,236,1,12,1254359040,0xbf0c222b,-1
7581,15773,1,3485,236,1,13,3401842688,0x3f5045de,-1
7582,15774,1,3486,236,1,14,2328100864,0x3dd848e4,-1
7583,15775,1,3487,236,1,15,180617216,0xbfdd1982,-1
7584,15776,1,3488,237,0,0,247726080,0xbfc98b69,-1
7585,15777,1,3489,237,0,1,2395209728,0x3e14913b,-1
7586,15778,1,3490,237,0,2,3468951552,0x3f5e8f2e,-1
7587,15779,1,3491,237,0,3,1321467904,0xbf00a00f,-1
7588,15780,1,3492,237,0,4,1858338816,0xbe2da10d,-1
7589,15781,1,3493,237,0,5,4005822464,0x3fbf7e33,-1
7590,15782,1,3494,237,0,6,2932080640,0x3ef34d93,-1
7591,15783,1,3495,237,0,7,784596992,0xbf67bb8f,-1
7592,15784,1,3496,237,0,8,1053032448,0xbf3092ef,-1
7593,15785,1,3497,237,0,9,3200516096,0x3f28cdf8,-1
7594,15786,1,3498,237,0,10,4274257920,0x4025a79c,-1
7595,15787,1,3499,237,0,11,2126774272,0xbc460749,-1
7596,15788,1,3500,237,0,12,1589903360,0xbea9aad1,-1
7597,15789,1,3501,237,0,13,3737387008,0x3f904934,-1
7598,15790,1,3502,237,0,14,2663645184,0x3e9ca556,-1
7599,15791,1,3503,237,0,15,516161536,0xbf9648ca,-1
7600,15792,1,3504,237,1,0,381943808,0xbfac7718,-1
7601,15793,1,3505,237,1,1,2529427456,0x3e662f0b,-1
7602,15794,1,3506,237,1,2,3603169280,0x3f7d74bd,-1
7603,15795,1,3507,237,1,3,1455685632,0xbed4adff,-1
7604,15796,1,3508,237,1,4,1992556544,0xbdb96e22,-1
7605,15797,1,3509,237,1,5,4140040192,0x3fe62bc8,-1
7606,15798,1,3510,237,1,6,3066298368,0x3f109d1e,-1
7607,15799,1,3511,237,1,7,918814720,0xbf4af934,-1
7608,15800,1,3512,237,1,8,650379264,0xbf83e1c3,-1
7609,15801,1,3513,237,1,9,2797862912,0x3ec74281,-1
7610,15802,1,3514,237,1,10,3871604736,0x3fa515f4,-1
7611,15803,1,3515,237,1,11,1724121088,0xbe7fa4c9,-1
7612,15804,1,3516,237,1,12,1187250176,0xbf17eea6,-1
7613,15805,1,3517,237,1,13,3334733824,0x3f429b89,-1
7614,15806,1,3518,237,1,14,2260992000,0x3d87c549,-1
7615,15807,1,3519,237,1,15,113508352,0xbff7d1dc,-1
7616,15808,1,3520,238,0,0,79953920,0xc005536e,-1
7617,15809,1,3521,238,0,1,2227437568,0x3d3f3328,-1
7618,15810,1,3522,238,0,2,3301179392,0x3f3bfacd,-1
7619,15811,1,3523,238,0,3,1153695744,0xbf1df40a,-1
7620,15812,1,3524,238,0,4,1690566656,0xbe8a3150,-1
7621,15813,1,3525,238,0,5,3838050304,0x3f9f7c8f,-1
7622,15814,1,3526,238,0,6,2764308480,0x3ebc7ce6,-1
7623,15815,1,3527,238,0,7,616824832,0xbf883830,-1
7624,15816,1,3528,238,0,8,885260288,0xbf51e9c2,-1
7625,15817,1,3529,238,0,9,3032743936,0x3f0ac544,-1
7626,15818,1,3530,238,0,10,4106485760,0x3fda8869,-1
7627,15819,1,3531,238,0,11,1959002112,0xbde1bd4f,-1
7628,15820,1,3532,238,0,12,1422131200,0xbedfa8c2,-1
7629,15821,1,3533,238,0,13,3569614848,0x3f7565bc,-1
7630,15822,1,3534,238,0,14,2495873024,0x3e51a99d,-1
7631,15823,1,3535,238,0,15,348389376,0xbfb2e4c0,-1
7632,15824,1,3536,238,1,0,482607104,0xbf9b65c0,-1
7633,15825,1,3537,238,1,1,2630090752,0x3e922bc8,-1
7634,15826,1,3538,238,1,2,3703832576,0x3f8ba636,-1
7635,15827,1,3539,238,1,3,1556348928,0xbeb44c03,-1
7636,15828,1,3540,238,1,4,2093219840,0xbd01bd5d,-1
7637,15829,1,3541,238,1,5,4240703488,0x400f2f78,-1
7638,15830,1,3542,238,1,6,3166961664,0x3f229f6d,-1
7639,15831,1,3543,238,1,7,1019478016,0xbf36fd42,-1
7640,15832,1,3544,238,1,8,751042560,0xbf6f6364,-1
7641,15833,1,3545,238,1,9,2898526208,0x3ee8229f,-1
7642,15834,1,3546,238,1,10,3972268032,0x3fb82381,-1
7643,15835,1,3547,238,1,11,1824784384,0xbe420217,-1
7644,15836,1,3548,238,1,12,1287913472,0xbf06586d,-1
7645,15837,1,3549,238,1,13,3435397120,0x3f575510,-1
7646,15838,1,3550,238,1,14,2361655296,0x3e005470,-1
7647,15839,1,3551,238,1,15,214171648,0xbfd2b546,-1
7648,15840,1,3552,239,0,0,147062784,0xbfe93195,-1
7649,15841,1,3553,239,0,1,2294546432,0x3daffe62,-1
7650,15842,1,3554,239,0,2,3368288256,0x3f495e57,-1
7651,15843,1,3555,239,0,3,1220804608,0xbf11fe7c,-1
7652,15844,1,3556,239,0,4,1757675520,0xbe6b01ab,-1
7653,15845,1,3557,239,0,5,3905159168,0x3fab0521,-1
7654,15846,1,3558,239,0,6,2831417344,0x3ed21ee0,-1
7655,15847,1,3559,239,0,7,683933696,0xbf7f619f,-1
7656,15848,1,3560,239,0,8,952369152,0xbf442e0a,-1
7657,15849,1,3561,239,0,9,3099852800,0x3f168882,-1
7658,15850,1,3562,239,0,10,4173594624,0x3ff41917,-1
7659,15851,1,3563,239,0,11,2026110976,0xbd913151,-1
7660,15852,1,3564,239,0,12,1489240064,0xbec9cc0d,-1
7661,15853,1,3565,239,0,13,3636723712,0x3f82e310,-1
7662,15854,1,3566,239,0,14,2562981888,0x3e7acc3f,-1
7663,15855,1,3567,239,0,15,415498240,0xbfa671d4,-1
7664,15856,1,3568,239,1,0,281280512,0xbfc14fa4,-1
7665,15857,1,3569,239,1,1,2428764160,0x3e28dcec,-1
7666,15858,1,3570,239,1,2,3502505984,0x3f65f7dc,-1
7667,15859,1,3571,239,1,3,1355022336,0xbef5efe6,-1
7668,15860,1,3572,239,1,4,1891893248,0xbe19518e,-1
7669,15861,1,3573,239,1,5,4039376896,0x3fc78a3e,-1
7670,15862,1,3574,239,1,6,2965635072,0x3efe967a,-1
7671,15863,1,3575,239,1,7,818151424,0xbf604765,-1
7672,15864,1,3576,239,1,8,549715968,0xbf916680,-1
7673,15865,1,3577,239,1,9,2697199616,0x3ea72fc7,-1
7674,15866,1,3578,239,1,10,3770941440,0x3f951ec1,-1
7675,15867,1,3579,239,1,11,1623457792,0xbe9f1c37,-1
7676,15868,1,3580,239,1,12,1086586880,0xbf2a4484,-1
7677,15869,1,3581,239,1,13,3234070528,0x3f2f161f,-1
7678,15870,1,3582,239,1,14,2160328704,0x3bf5a6e2,-1
7679,15871,1,3583,239,1,15,12845056,0xc02fec49,15
7680,15872,1,3584,240,0,0,8650752,0xc0380f54,31
7681,15873,1,3585,240,0,1,2156134400,0x3ba5702c,-1
7682,15874,1,3586,240,0,2,3229876224,0x3f2e4ba4,-1
7683,15875,1,3587,240,0,3,1082392576,0xbf2b0cdb,-1
7684,15876,1,3588,240,0,4,1619263488,0xbea06d13,-1
7685,15877,1,3589,240,0,5,3766747136,0x3f948117,-1
7686,15878,1,3590,240,0,6,2693005312,0x3ea5dd81,-1
7687,15879,1,3591,240,0,7,545521664,0xbf91ffd1,-1
7688,15880,1,3592,240,0,8,813957120,0xbf61333d,-1
7689,15881,1,3593,240,0,9,2961440768,0x3efd2ba8,-1
7690,15882,1,3594,240,0,10,4035182592,0x3fc67d99,-1
7691,15883,1,3595,240,0,11,1887698944,0xbe1bda9b,-1
7692,15884,1,3596,240,0,12,1350828032,0xbef75839,-1
7693,15885,1,3597,240,0,13,3498311680,0x3f650818,-1
7694,15886,1,3598,240,0,14,2424569856,0x3e265293,-1
7695,15887,1,3599,240,0,15,277086208,0xbfc24c04,-1
7696,15888,1,3600,240,1,0,411303936,0xbfa72d58,-1
7697,15889,1,3601,240,1,1,2558787584,0x3e783737,-1
7698,15890,1,3602,240,1,2,3632529408,0x3f825c0d,-1
7699,15891,1,3603,240,1,3,1485045760,0xbecb26fe,-1
7700,15892,1,3604,240,1,4,2021916672,0xbd96380e,-1
7701,15893,1,3605,240,1,5,4169400320,0x3ff231ce,-1
7702,15894,1,3606,240,1,6,3095658496,0x3f15c9f9,-1
7703,15895,1,3607,240,1,7,948174848,0xbf45057d,-1
7704,15896,1,3608,240,1,8,679739392,0xbf803501,-1
7705,15897,1,3609,240,1,9,2827223040,0x3ed0c207,-1
7706,15898,1,3610,240,1,10,3900964864,0x3faa4213,-1
7707,15899,1,3611,240,1,11,1753481216,0xbe6d94ae,-1
7708,15900,1,3612,240,1,12,1216610304,0xbf12bb64,-1
7709,15901,1,3613,240,1,13,3364093952,0x3f488409,-1
7710,15902,1,3614,240,1,14,2290352128,0x3daaf660,-1
7711,15903,1,3615,240,1,15,142868480,0xbfeadc47,-1
7712,15904,1,3616,241,0,0,209977344,0xbfd3eeab,-1
7713,15905,1,3617,241,0,1,2357460992,0x3dfb9b90,-1
7714,15906,1,3618,241,0,2,3431202816,0x3f5670e3,-1
7715,15907,1,3619,241,0,3,1283719168,0xbf0710ab,-1
7716,15908,1,3620,241,0,4,1820590080,0xbe448f90,-1
7717,15909,1,3621,241,0,5,3968073728,0x3fb742dd,-1
7718,15910,1,3622,241,0,6,2894331904,0x3ee6bf42,-1
7719,15911,1,3623,241,0,7,746848256,0xbf705c3b,-1
7720,15912,1,3624,241,0,8,1015283712,0xbf37cc9d,-1
7721,15913,1,3625,241,0,9,3162767360,0x3f21db52,-1
7722,15914,1,3626,241,0,10,4236509184,0x400d552f,-1
7723,15915,1,3627,241,0,11,2089025536,0xbd0bc58b,-1
7724,15916,1,3628,241,0,12,1552154624,0xbeb5a18b,-1
7725,15917,1,3629,241,0,13,3699638272,0x3f8b151d,-1
7726,15918,1,3630,241,0,14,2625896448,0x3e90ddb5,-1
7727,15919,1,3631,241,0,15,478412800,0xbf9c0de1,-1
7728,15920,1,3632,241,1,0,344195072,0xbfb3babb,-1
7729,15921,1,3633,241,1,1,2491678720,0x3e4f1a7e,-1
7730,15922,1,3634,241,1,2,3565420544,0x3f746839,-1
7731,15923,1,3635,241,1,3,1417936896,0xbee109f0,-1
7732,15924,1,3636,241,1,4,1954807808,0xbde6c8b3,-1
7733,15925,1,3637,241,1,5,4102291456,0x3fd932f6,-1
7734,15926,1,3638,241,1,6,3028549632,0x3f0a0b98,-1
7735,15927,1,3639,241,1,7,881065984,0xbf52ca9a,-1
7736,15928,1,3640,241,1,8,612630528,0xbf88c5d3,-1
7737,15929,1,3641,241,1,9,2760114176,0x3ebb25b8,-1
7738,15930,1,3642,241,1,10,3833856000,0x3f9ececf,-1
7739,15931,1,3643,241,1,11,1686372352,0xbe8b7e2d,-1
7740,15932,1,3644,241,1,12,1149501440,0xbf1eb647,-1
7741,15933,1,3645,241,1,13,3296985088,0x3f3b28fc,-1
7742,15934,1,3646,241,1,14,2223243264,0x3d3529b7,-1
7743,15935,1,3647,241,1,15,75759616,0xc006bac4,-1
7744,15936,1,3648,242,0,0,109314048,0xbff9e4c4,-1
7745,15937,1,3649,242,0,1,2256797696,0x3d82bf2c,-1
7746,15938,1,3650,242,0,2,3330539520,0x3f41c5a2,-1
7747,15939,1,3651,242,0,3,1183055872,0xbf18ae22,-1
7748,15940,1,3652,242,0,4,1719926784,0xbe811d81,-1
7749,15941,1,3653,242,0,5,3867410432,0x3fa45e5a,-1
7750,15942,1,3654,242,0,6,2793668608,0x3ec5e897,-1
7751,15943,1,3655,242,0,7,646184960,0xbf846a70,-1
7752,15944,1,3656,242,0,8,914620416,0xbf4bd52c,-1
7753,15945,1,3657,242,0,9,3062104064,0x3f0fe118,-1
7754,15946,1,3658,242,0,10,4135845888,0x3fe49c2b,-1
7755,15947,1,3659,242,0,11,1988362240,0xbdbe76f1,-1
7756,15948,1,3660,242,0,12,1451491328,0xbed60bf3,-1
7757,15949,1,3661,242,0,13,3598974976,0x3f7c6f5d,-1
7758,15950,1,3662,242,0,14,2525233152,0x3e639d1d,-1
7759,15951,1,3663,242,0,15,377749504,0xbfad3ebb,-1
7760,15952,1,3664,242,1,0,511967232,0xbf96e90c,-1
7761,15953,1,3665,242,1,1,2659450880,0x3e9b553e,-1
7762,15954,1,3666,242,1,2,3733192704,0x3f8fb22f,-1
7763,15955,1,3667,242,1,3,1585709056,0xbeaafdec,-1
7764,15956,1,3668,242,1,4,2122579968,0xbc6e2358,-1
7765,15957,1,3669,242,1,5,4270063616,0x40218c40,-1
7766,15958,1,3670,242,1,6,3196321792,0x3f2806c9,-1
7767,15959,1,3671,242,1,7,1048838144,0xbf315ea8,-1
7768,15960,1,3672,242,1,8,780402688,0xbf68ad9f,-1
7769,15961,1,3673,242,1,9,2927886336,0x3ef1e69c,-1
7770,15962,1,3674,242,1,10,4001628160,0x3fbe89f4,-1
7771,15963,1,3675,242,1,11,1854144512,0xbe302c2d,-1
7772,15964,1,3676,242,1,12,1317273600,0xbf015631,-1
7773,15965,1,3677,242,1,13,3464757248,0x3f5da573,-1
7774,15966,1,3678,242,1,14,2391015424,0x3e1208dc,-1
7775,15967,1,3679,242,1,15,243531776,0xbfcaa25a,-1
7776,15968,1,3680,243,0,0,176422912,0xbfde817b,-1
7777,15969,1,3681,243,0,1,2323906560,0x3dd33e7c,-1
7778,15970,1,3682,243,0,2,3397648384,0x3f4f66d2,-1
7779,15971,1,3683,243,0,3,1250164736,0xbf0cdcab,-1
7780,15972,1,3684,243,0,4,1787035648,0xbe5906fa,-1
7781,15973,1,3685,243,0,5,3934519296,0x3fb0882f,-1
7782,15974,1,3686,243,0,6,2860777472,0x3edbb3ad,-1
7783,15975,1,3687,243,0,7,713293824,0xbf7843e0,-1
7784,15976,1,3688,243,0,8,981729280,0xbf3e58cd,-1
7785,15977,1,3689,243,0,9,3129212928,0x3f1bc791,-1
7786,15978,1,3690,243,0,10,4202954752,0x40019ce7,-1
7787,15979,1,3691,243,0,11,2055471104,0xbd5c0ffd,-1
7788,15980,1,3692,243,0,12,1518600192,0xbec05964,-1
7789,15981,1,3693,243,0,13,3666083840,0x3f86a492,-1
7790,15982,1,3694,243,0,14,2592342016,0x3e867596,-1
7791,15983,1,3695,243,0,15,444858368,0xbfa17699,-1
7792,15984,1,3696,243,1,0,310640640,0xbfbab603,-1
7793,15985,1,3697,243,1,1,2458124288,0x3e3aad0f,-1
7794,15986,1,3698,243,1,2,3531866112,0x3f6c9cd8,-1
7795,15987,1,3699,243,1,3,1384382464,0xbeec22bc,-1
7796,15988,1,3700,243,1,4,1921253376,0xbe0798b4,-1
7797,15989,1,3701,243,1,5,4068737024,0x3fcf4ab7,-1
7798,15990,1,3702,243,1,6,2994995200,0x3f04483a,-1
7799,15991,1,3703,243,1,7,847511552,0xbf59e8d4,-1
7800,15992,1,3704,243,1,8,579076096,0xbf8d4b54,-1
7801,15993,1,3705,243,1,9,2726559744,0x3eb077da,-1
7802,15994,1,3706,243,1,10,3800301568,0x3f99881d,-1
7803,15995,1,3707,243,1,11,1652817920,0xbe95ed9b,-1
7804,15996,1,3708,243,1,12,1115947008,0xbf24d550,-1
7805,15997,1,3709,243,1,13,3263430656,0x3f34abb6,-1
7806,15998,1,3710,243,1,14,2189688832,0x3cc9cdd2,-1
7807,15999,1,3711,243,1,15,42205184,0xc0154e42,-1
7808,16000,1,3712,244,0,0,58982400,0xc00d1bfc,-1
7809,16001,1,3713,244,0,1,2206466048,0x3d0d0694,-1
7810,16002,1,3714,244,0,2,3280207872,0x3f37e691,-1
7811,16003,1,3715,244,0,3,1132724224,0xbf21c2d6,-1
7812,16004,1,3716,244,0,4,1669595136,0xbe90b3f7,-1
7813,16005,1,3717,244,0,5,3817078784,0x3f9c22f8,-1
7814,16006,1,3718,244,0,6,2743336960,0x3eb5cc41,-1
7815,16007,1,3719,244,0,7,595853312,0xbf8b0306,-1
7816,16008,1,3720,244,0,8,864288768,0xbf565469,-1
7817,16009,1,3721,244,0,9,3011772416,0x3f0727b8,-1
7818,16010,1,3722,244,0,10,4085514240,0x3fd41631,-1
7819,16011,1,3723,244,0,11,1938030592,0xbdfaf9ed,-1
7820,16012,1,3724,244,0,12,1401159680,0xbee692df,-1
7821,16013,1,3725,244,0,13,3548643328,0x3f707b66,-1
7822,16014,1,3726,244,0,14,2474901504,0x3e44e145,-1
7823,16015,1,3727,244,0,15,327417856,0xbfb726f0,-1
7824,16016,1,3728,244,1,0,461635584,0xbf9eb92b,-1
7825,16017,1,3729,244,1,1,2609119232,0x3e8ba7cd,-1
7826,16018,1,3730,244,1,2,3682861056,0x3f88d793,-1
7827,16019,1,3731,244,1,3,1535377408,0xbebafad8,-1
7828,16020,1,3732,244,1,4,2072248320,0xbd33e88d,-1
7829,16021,1,3733,244,1,5,4219731968,0x4006e8de,-1
7830,16022,1,3734,244,1,6,3145990144,0x3f1ece95,-1
7831,16023,1,3735,244,1,7,998506496,0xbf3b0eca,-1
7832,16024,1,3736,244,1,8,730071040,0xbf74489a,-1
7833,16025,1,3737,244,1,9,2877554688,0x3ee1361d,-1
7834,16026,1,3738,244,1,10,3951296512,0x3fb3d59e,-1
7835,16027,1,3739,244,1,11,1803812864,0xbe4ec8a0,-1
7836,16028,1,3740,244,1,12,1266941952,0xbf09f467,-1
7837,16029,1,3741,244,1,13,3414425600,0x3f52e6c0,-1
7838,16030,1,3742,244,1,14,2340683776,0x3de76a26,-1
7839,16031,1,3743,244,1,15,193200128,0xbfd908b3,-1
7840,16032,1,3744,245,0,0,260308992,0xbfc65c42,-1
7841,16033,1,3745,245,0,1,2407792640,0x3e1c2bc1,-1
7842,16034,1,3746,245,0,2,3481534464,0x3f6150c5,-1
7843,16035,1,3747,245,0,3,1334050816,0xbefcfe57,-1
7844,16036,1,3748,245,0,4,1870921728,0xbe26014d,-1
7845,16037,1,3749,245,0,5,4018405376,0x3fc26bc5,-1
7846,16038,1,3750,245,0,6,2944663552,0x3ef7854c,-1
7847,16039,1,3751,245,0,7,797179904,0xbf64ea2d,-1
7848,16040,1,3752,245,0,8,1065615360,0xbf2e325c,-1
7849,16041,1,3753,245,0,9,3213099008,0x3f2b25ee,-1
7850,16042,1,3754,245,0,10,4286840832,0x403951bc,35
7851,16043,1,3755,245,0,11,2139357184,0xbb9b695a,-1
7852,16044,1,3756,245,0,12,1602486272,0xbea5b33d,-1
7853,16045,1,3757,245,0,13,3749969920,0x3f92130a,-1
7854,16046,1,3758,245,0,14,2676228096,0x3ea09733,-1
7855,16047,1,3759,245,0,15,528744448,0xbf946d71,-1
7856,16048,1,3760,245,1,0,394526720,0xbfaa29cd,-1
7857,16049,1,3761,245,1,1,2542010368,0x3e6de715,-1
7858,16050,1,3762,245,1,2,3615752192,0x3f804591,-1
7859,16051,1,3763,245,1,3,1468268544,0xbed09673,-1
7860,16052,1,3764,245,1,4,2005139456,0xbdaa5565,-1
7861,16053,1,3765,245,1,5,4152623104,0x3feb1256,-1
7862,16054,1,3766,245,1,6,3078881280,0x3f12d307,-1
7863,16055,1,3767,245,1,7,931397632,0xbf4868ca,-1
7864,16056,1,3768,245,1,8,662962176,0xbf824b37,-1
7865,16057,1,3769,245,1,9,2810445824,0x3ecb5263,-1
7866,16058,1,3770,245,1,10,3884187648,0x3fa744e2,-1
7867,16059,1,3771,245,1,11,1736704000,0xbe77e49e,-1
7868,16060,1,3772,245,1,12,1199833088,0xbf15b22d,-1
7869,16061,1,3773,245,1,13,3347316736,0x3f452075,-1
7870,16062,1,3774,245,1,14,2273574912,0x3d96d8e9,-1
7871,16063,1,3775,245,1,15,126091264,0xbff1f5d9,-1
7872,16064,1,3776,246,0,0,92536832,0xc0017606,-1
7873,16065,1,3777,246,0,1,2240020480,0x3d5d514e,-1
7874,16066,1,3778,246,0,2,3313762304,0x3f3e733e,-1
7875,16067,1,3779,246,0,3,1166278656,0xbf1baf70,-1
7876,16068,1,3780,246,0,4,1703149568,0xbe864c13,-1
7877,16069,1,3781,246,0,5,3850633216,0x3fa18cd3,-1
7878,16070,1,3782,246,0,6,2776891392,0x3ec0846f,-1
7879,16071,1,3783,246,0,7,629407744,0xbf869324,-1
7880,16072,1,3784,246,0,8,897843200,0xbf4f4afc,-1
7881,16073,1,3785,246,0,9,3045326848,0x3f0cf400,-1
7882,16074,1,3786,246,0,10,4119068672,0x3fdeaef6,-1
7883,16075,1,3787,246,0,11,1971585024,0xbdd29d35,-1
7884,16076,1,3788,246,0,12,1434714112,0xbedb87b4,-1
7885,16077,1,3789,246,0,13,3582197760,0x3f7863fa,-1
7886,16078,1,3790,246,0,14,2508455936,0x3e595903,-1
7887,16079,1,3791,246,0,15,360972288,0xbfb06e3e,-1
7888,16080,1,3792,246,1,0,495190016,0xbf997389,-1
7889,16081,1,3793,246,1,1,2642673664,0x3e961778,-1
7890,16082,1,3794,246,1,2,3716415488,0x3f8d5dc5,-1
7891,16083,1,3795,246,1,3,1568931840,0xbeb04d4c,-1
7892,16084,1,3796,246,1,4,2105802752,0xbcc74bee,-1
7893,16085,1,3797,246,1,5,4253286400,0x40159ade,-1
7894,16086,1,3798,246,1,6,3179544576,0x3f24edfd,-1
7895,16087,1,3799,246,1,7,1032060928,0xbf3491fd,-1
7896,16088,1,3800,246,1,8,763625472,0xbf6c7e1c,-1
7897,16089,1,3801,246,1,9,2911109120,0x3eec4f58,-1
7898,16090,1,3802,246,1,10,3984850944,0x3fbad315,-1
7899,16091,1,3803,246,1,11,1837367296,0xbe3a5b81,-1
7900,16092,1,3804,246,1,12,1300496384,0xbf043150,-1
7901,16093,1,3805,246,1,13,3447980032,0x3f5a05a4,-1
7902,16094,1,3806,246,1,14,2374238208,0x3e07e99f,-1
7903,16095,1,3807,246,1,15,226754560,0xbfcf258a,-1
7904,16096,1,3808,247,0,0,159645696,0xbfe46ad3,-1
7905,16097,1,3809,247,0,1,2307129344,0x3dbf1811,-1
7906,16098,1,3810,247,0,2,3380871168,0x3f4bf0b5,-1
7907,16099,1,3811,247,0,3,1233387520,0xbf0fc99c,-1
7908,16100,1,3812,247,0,4,1770258432,0xbe634ae6,-1
7909,16101,1,3813,247,0,5,3917742080,0x3fad57cd,-1
7910,16102,1,3814,247,0,6,2844000256,0x3ed637b8,-1
7911,16103,1,3815,247,0,7,696516608,0xbf7c4ec3,-1
7912,16104,1,3816,247,0,8,964952064,0xbf41aaee,-1
7913,16105,1,3817,247,0,9,3112435712,0x3f18c618,-1
7914,16106,1,3818,247,0,10,4186177536,0x3ffa2853,-1
7915,16107,1,3819,247,0,11,2038693888,0xbd821e6c,-1
7916,16108,1,3820,247,0,12,1501822976,0xbec5bd60,-1
7917,16109,1,3821,247,0,13,3649306624,0x3f847b90,-1
7918,16110,1,3822,247,0,14,2575564800,0x3e8146e8,-1
7919,16111,1,3823,247,0,15,428081152,0xbfa4477f,-1
7920,16112,1,3824,247,1,0,293863424,0xbfbe6b9d,-1
7921,16113,1,3825,247,1,1,2441347072,0x3e307d96,-1
7922,16114,1,3826,247,1,2,3515088896,0x3f68cbef,-1
7923,16115,1,3827,247,1,3,1367605248,0xbef1b9c5,-1
7924,16116,1,3828,247,1,4,1904476160,0xbe11b7d4,-1
7925,16117,1,3829,247,1,5,4051959808,0x3fcac57c,-1
7926,16118,1,3830,247,1,6,2978217984,0x3f016cfa,-1
7927,16119,1,3831,247,1,7,830734336,0xbf5d8848,-1
7928,16120,1,3832,247,1,8,562298880,0xbf8f9f5d,-1
7929,16121,1,3833,247,1,9,2709782528,0x3eab2854,-1
7930,16122,1,3834,247,1,10,3783524352,0x3f96fd25,-1
7931,16123,1,3835,247,1,11,1636040704,0xbe9b2b40,-1
7932,16124,1,3836,247,1,12,1099169792,0xbf27edea,-1
7933,16125,1,3837,247,1,13,3246653440,0x3f317827,-1
7934,16126,1,3838,247,1,14,2172911616,0x3c7326e1,-1
7935,16127,1,3839,247,1,15,25427968,0xc021141f,-1
7936,16128,1,3840,248,0,0,17039360,0xc029e8ec,-1
7937,16129,1,3841,248,0,1,2164523008,0x3c22eefc,-1
7938,16130,1,3842,248,0,2,3238264832,0x3f2fe108,-1
7939,16131,1,3843,248,0,3,1090781184,0xbf297c94,-1
7940,16132,1,3844,248,0,4,1627652096,0xbe9dcba1,-1
7941,16133,1,3845,248,0,5,3775135744,0x3f95bd50,-1
7942,16134,1,3846,248,0,6,2701393920,0x3ea88257,-1
7943,16135,1,3847,248,0,7,553910272,0xbf90cdfe,-1
7944,16136,1,3848,248,0,8,822345728,0xbf5f5c4b,-1
7945,16137,1,3849,248,0,9,2969829376,0x3f0000e6,-1
7946,16138,1,3850,248,0,10,4043571200,0x3fc89a5d,-1
7947,16139,1,3851,248,0,11,1896087552,0xbe16c8bf,-1
7948,16140,1,3852,248,0,12,1359216640,0xbef4880e,-1
7949,16141,1,3853,248,0,13,3506700288,0x3f66e86a,-1
7950,16142,1,3854,248,0,14,2432958464,0x3e2b678a,-1
7951,16143,1,3855,248,0,15,285474816,0xbfc0562b,-1
7952,16144,1,3856,248,1,0,419692544,0xbfa5b7b4,-1
7953,16145,1,3857,248,1,1,2567176192,0x3e7d61b0,-1
7954,16146,1,3858,248,1,2,3640918016,0x3f836aa6,-1
7955,16147,1,3859,248,1,3,1493434368,0xbec87178,-1
7956,16148,1,3860,248,1,4,2030305280,0xbd8c2ace,-1
7957,16149,1,3861,248,1,5,4177788928,0x3ff60e9a,-1
7958,16150,1,3862,248,1,6,3104047104,0x3f174760,-1
7959,16151,1,3863,248,1,7,956563456,0xbf435723,-1
7960,16152,1,3864,248,1,8,688128000,0xbf7e5a4b,-1
7961,16153,1,3865,248,1,9,2835611648,0x3ed37c1b,-1
7962,16154,1,3866,248,1,10,3909353472,0x3fabc9bf,-1
7963,16155,1,3867,248,1,11,1761869824,0xbe686f0a,-1
7964,16156,1,3868,248,1,12,1224998912,0xbf1141e3,-1
7965,16157,1,3869,248,1,13,3372482560,0x3f4a3937,-1
7966,16158,1,3870,248,1,14,2298740736,0x3db506a9,-1
7967,16159,1,3871,248,1,15,151257088,0xbfe790c7,-1
7968,16160,1,3872,249,0,0,218365952,0xbfd180bc,-1
7969,16161,1,3873,249,0,1,2365849600,0x3e02db4b,-1
7970,16162,1,3874,249,0,2,3439591424,0x3f5839e9,-1
7971,16163,1,3875,249,0,3,1292107776,0xbf05a074,-1
7972,16164,1,3876,249,0,4,1828978688,0xbe3f74ed,-1
7973,16165,1,3877,249,0,5,3976462336,0x3fb90663,-1
7974,16166,1,3878,249,0,6,2902720512,0x3ee9866c,-1
7975,16167,1,3879,249,0,7,755236864,0xbf6e6b6e,-1
7976,16168,1,3880,249,0,8,1023672320,0xbf362e60,-1
7977,16169,1,3881,249,0,9,3171155968,0x3f2363e7,-1
7978,16170,1,3882,249,0,10,4244897792,0x40112a9e,-1
7979,16171,1,3883,249,0,11,2097414144,0xbcef6ac6,-1
7980,16172,1,3884,249,0,12,1560543232,0xbeb2f6cc,-1
7981,16173,1,3885,249,0,13,3708026880,0x3f8c3803,-1
7982,16174,1,3886,249,0,14,2634285056,0x3e937a19,-1
7983,16175,1,3887,249,0,15,486801408,0xbf9abea9,-1
7984,16176,1,3888,249,1,0,352583680,0xbfb210b4,-1
7985,16177,1,3889,249,1,1,2500067328,0x3e543913,-1
7986,16178,1,3890,249,1,2,3573809152,0x3f766431,-1
7987,16179,1,3891,249,1,3,1426325504,0xbede47ff,-1
7988,16180,1,3892,249,1,4,1963196416,0xbddcb245,-1
7989,16181,1,3893,249,1,5,4110680064,0x3fdbe40b,-1
7990,16182,1,3894,249,1,6,3036938240,0x3f0b7f38,-1
7991,16183,1,3895,249,1,7,889454592,0xbf51098b,-1
7992,16184,1,3896,249,1,8,621019136,0xbf87ab33,-1
7993,16185,1,3897,249,1,9,2768502784,0x3ebdd468,-1
7994,16186,1,3898,249,1,10,3842244608,0x3fa02b76,-1
7995,16187,1,3899,249,1,11,1694760960,0xbe88e4ac,-1
7996,16188,1,3900,249,1,12,1157890048,0xbf1d3228,-1
7997,16189,1,3901,249,1,13,3305373696,0x3f3ccd1d,-1
7998,16190,1,3902,249,1,14,2231631872,0x3d493ce4,-1
7999,16191,1,3903,249,1,15,84148224,0xc003fbcc,-1
8000,16192,1,3904,250,0,0,117702656,0xbff5cf1a,-1
8001,16193,1,3905,250,0,1,2265186304,0x3d8ccb9b,-1
8002,16194,1,3906,250,0,2,3338928128,0x3f4371f8,-1
8003,16195,1,3907,250,0,3,1191444480,0xbf172f7f,-1
8004,16196,1,3908,250,0,4,1728315392,0xbe7d0efc,-1
8005,16197,1,3909,250,0,5,3875799040,0x3fa5cee4,-1
8006,16198,1,3910,250,0,6,2802057216,0x3ec89cc5,-1
8007,16199,1,3911,250,0,7,654573568,0xbf8359ab,-1
8008,16200,1,3912,250,0,8,923009024,0xbf4a1dd3,-1
8009,16201,1,3913,250,0,9,3070492672,0x3f115972,-1
8010,16202,1,3914,250,0,10,4144234496,0x3fe7c45b,-1
8011,16203,1,3915,250,0,11,1996750848,0xbdb4659c,-1
8012,16204,1,3916,250,0,12,1459879936,0xbed3506e,-1
8013,16205,1,3917,250,0,13,3607363584,0x3f7e7b27,-1
8014,16206,1,3918,250,0,14,2533621760,0x3e68c159,-1
8015,16207,1,3919,250,0,15,386138112,0xbfabb115,-1
8016,16208,1,3920,250,1,0,520355840,0xbf95a971,-1
8017,16209,1,3921,250,1,1,2667839488,0x3e9df5b0,-1
8018,16210,1,3922,250,1,2,3741581312,0x3f90e103,-1
8019,16211,1,3923,250,1,3,1594097664,0xbea85801,-1
8020,16212,1,3924,250,1,4,2130968576,0xbc1deb87,-1
8021,16213,1,3925,250,1,5,4278452224,0x402a9560,3
8022,16214,1,3926,250,1,6,3204710400,0x3f29958d,-1
8023,16215,1,3927,250,1,7,1057226752,0xbf2fc7a5,-1
8024,16216,1,3928,250,1,8,788791296,0xbf66ca4d,-1
8025,16217,1,3929,250,1,9,2936274944,0x3ef4b502,-1
8026,16218,1,3930,250,1,10,4010016768,0x3fc07532,-1
8027,16219,1,3931,250,1,11,1862533120,0xbe2b1632,-1
8028,16220,1,3932,250,1,12,1325662208,0xbeffd45a,-1
8029,16221,1,3933,250,1,13,3473145856,0x3f5f79a4,-1
8030,16222,1,3934,250,1,14,2399404032,0x3e1719d6,-1
8031,16223,1,3935,250,1,15,251920384,0xbfc87827,-1
8032,16224,1,3936,251,0,0,184811520,0xbfdbb83e,-1
8033,16225,1,3937,251,0,1,2332295168,0x3ddd53a1,-1
8034,16226,1,3938,251,0,2,3406036992,0x3f512589,-1
8035,16227,1,3939,251,0,3,1258553344,0xbf0b67f6,-1
8036,16228,1,3940,251,0,4,1795424256,0xbe53e71f,-1
8037,16229,1,3941,251,0,5,3942907904,0x3fb22b1b,-1
8038,16230,1,3942,251,0,6,2869166080,0x3ede7412,-1
8039,16231,1,3943,251,0,7,721682432,0xbf764455,-1
8040,16232,1,3944,251,0,8,990117888,0xbf3cb2cc,-1
8041,16233,1,3945,251,0,9,3137601536,0x3f1d4a5f,-1
8042,16234,1,3946,251,0,10,4211343360,0x400425f1,-1
8043,16235,1,3947,251,0,11,2063859712,0xbd47fba8,-1
8044,16236,1,3948,251,0,12,1526988800,0xbebda973,-1
8045,16237,1,3949,251,0,13,3674472448,0x3f87bcca,-1
8046,16238,1,3950,251,0,14,2600730624,0x3e890e3e,-1
8047,16239,1,3951,251,0,15,453246976,0xbfa01589,-1
8048,16240,1,3952,251,1,0,319029248,0xbfb8e9e7,-1
8049,16241,1,3953,251,1,1,2466512896,0x3e3fc68e,-1
8050,16242,1,3954,251,1,2,3540254720,0x3f6e8a61,-1
8051,16243,1,3955,251,1,3,1392771072,0xbee959ec,-1
8052,16244,1,3956,251,1,4,1929641984,0xbe028a6d,-1
8053,16245,1,3957,251,1,5,4077125632,0x3fd1a70b,-1
8054,16246,1,3958,251,1,6,3003383808,0x3f05b76f,-1
8055,16247,1,3959,251,1,7,855900160,0xbf581d44,-1
8056,16248,1,3960,251,1,8,587464704,0xbf8c25c0,-1
8057,16249,1,3961,251,1,9,2734948352,0x3eb3216f,-1
8058,16250,1,3962,251,1,10,3808690176,0x3f9ad37d,-1
8059,16251,1,3963,251,1,11,1661206528,0xbe93504b,-1
8060,16252,1,3964,251,1,12,1124335616,0xbf234b52,-1
8061,16253,1,3965,251,1,13,3271819264,0x3f364835,-1
8062,16254,1,3966,251,1,14,2198077440,0x3cf1ecbf,-1
8063,16255,1,3967,251,1,15,50593792,0xc010e940,-1
8064,16256,1,3968,252,0,0,33816576,0xc01a8add,-1
8065,16257,1,3969,252,0,1,2181300224,0x3ca1b022,-1
8066,16258,1,3970,252,0,2,3255042048,0x3f331109,-1
8067,16259,1,3971,252,0,3,1107558400,0xbf2660d6,-1
8068,16260,1,3972,252,0,4,1644429312,0xbe988bea,-1
8069,16261,1,3973,252,0,5,3791912960,0x3f9840b5,-1
8070,16262,1,3974,252,0,6,2718171136,0x3eadcf7e,-1
8071,16263,1,3975,252,0,7,570687488,0xbf8e73d6,-1
8072,16264,1,3976,252,0,8,839122944,0xbf5bb725,-1
8073,16265,1,3977,252,0,9,2986606592,0x3f02da15,-1
8074,16266,1,3978,252,0,10,4060348416,0x3fccffec,-1
8075,16267,1,3979,252,0,11,1912864768,0xbe0ca7d4,-1
8076,16268,1,3980,252,0,12,1375993856,0xbeeeed58,-1
8077,16269,1,3981,252,0,13,3523477504,0x3f6ab2b8,-1
8078,16270,1,3982,252,0,14,2449735680,0x3e3594bf,-1
8079,16271,1,3983,252,0,15,302252032,0xbfbc8bbf,-1
8080,16272,1,3984,252,1,0,436469760,0xbfa2dc86,-1
8081,16273,1,3985,252,1,1,2583953408,0x3e83ddd0,-1
8082,16274,1,3986,252,1,2,3657695232,0x3f858ed9,-1
8083,16275,1,3987,252,1,3,1510211584,0xbec30ab1,-1
8084,16276,1,3988,252,1,4,2047082496,0xbd7025ad,-1
8085,16277,1,3989,252,1,5,4194566144,0x3ffe8834,-1
8086,16278,1,3990,252,1,6,3120824320,0x3f1a4626,-1
8087,16279,1,3991,252,1,7,973340672,0xbf4000d5,-1
8088,16280,1,3992,252,1,8,704905216,0xbf7a4752,-1
8089,16281,1,3993,252,1,9,2852388864,0x3ed8f4e7,-1
8090,16282,1,3994,252,1,10,3926130688,0x3faeec85,-1
8091,16283,1,3995,252,1,11,1778647040,0xbe5e2839,-1
8092,16284,1,3996,252,1,12,1241776128,0xbf0e528b,-1
8093,16285,1,3997,252,1,13,3389259776,0x3f4daa90,-1
8094,16286,1,3998,252,1,14,2315517952,0x3dc92aa7,-1
8095,16287,1,3999,252,1,15,168034304,0xbfe166c5,-1
8096,16288,1,4000,253,0,0,235143168,0xbfccdbcd,-1
8097,16289,1,4001,253,0,1,2382626816,0x3e0cf8cd,-1
8098,16290,1,4002,253,0,2,3456368640,0x3f5bd422,-1
8099,16291,1,4003,253,0,3,1308884992,0xbf02c33b,-1
8100,16292,1,4004,253,0,4,1845755904,0xbe354344,-1
8101,16293,1,4005,253,0,5,3993239552,0x3fbca96f,-1
8102,16294,1,4006,253,0,6,2919497728,0x3eef1a11,-1
8103,16295,1,4007,253,0,7,772014080,0xbf6a9433,-1
8104,16296,1,4008,253,0,8,1040449536,0xbf32f76d,-1
8105,16297,1,4009,253,0,9,3187933184,0x3f26799b,-1
8106,16298,1,4010,253,0,10,4261675008,0x401ae808,-1
8107,16299,1,4011,253,0,11,2114191360,0xbc9f2e50,-1
8108,16300,1,4012,253,0,12,1577320448,0xbeada503,-1
8109,16301,1,4013,253,0,13,3724804096,0x3f8e8678,-1
8110,16302,1,4014,253,0,14,2651062272,0x3e98b5d8,-1
8111,16303,1,4015,253,0,15,503578624,0xbf982c5f,-1
8112,16304,1,4016,253,1,0,369360896,0xbfaed306,-1
8113,16305,1,4017,253,1,1,2516844544,0x3e5e7a59,-1
8114,16306,1,4018,253,1,2,3590586368,0x3f7a67ab,-1
8115,16307,1,4019,253,1,3,1443102720,0xbed8c908,-1
8116,16308,1,4020,253,1,4,1979973632,0xbdc88974,-1
8117,16309,1,4021,253,1,5,4127457280,0x3fe19618,-1
8118,16310,1,4022,253,1,6,3053715456,0x3f0e69f3,-1
8119,16311,1,4023,253,1,7,906231808,0xbf4d8ee0,-1
8120,16312,1,4024,253,1,8,637796352,0xbf857d93,-1
8121,16313,1,4025,253,1,9,2785280000,0x3ec335d1,-1
8122,16314,1,4026,253,1,10,3859021824,0x3fa2f30f,-1
8123,16315,1,4027,253,1,11,1711538176,0xbe83b45b,-1
8124,16316,1,4028,253,1,12,1174667264,0xbf1a2e1b,-1
8125,16317,1,4029,253,1,13,3322150912,0x3f401b67,-1
8126,16318,1,4030,253,1,14,2248409088,0x3d716714,-1
8127,16319,1,4031,253,1,15,100925440,0xbffe3ff3,-1
8128,16320,1,4032,254,0,0,67371008,0xc009bfa1,-1
8129,16321,1,4033,254,0,1,2214854656,0x3d2117a7,-1
8130,16322,1,4034,254,0,2,3288596480,0x3f3986d0,-1
8131,16323,1,4035,254,0,3,1141112832,0xbf203bd4,-1
8132,16324,1,4036,254,0,4,1677983744,0xbe8e189a,-1
8133,16325,1,4037,254,0,5,3825467392,0x3f9d76b2,-1
8134,16326,1,4038,254,0,6,2751725568,0x3eb87858,-1
8135,16327,1,4039,254,0,7,604241920,0xbf89e313,-1
8136,16328,1,4040,254,0,8,872677376,0xbf548e35,-1
8137,16329,1,4041,254,0,9,3020161024,0x3f089919,-1
8138,16330,1,4042,254,0,10,4093902848,0x3fd6999f,-1
8139,16331,1,4043,254,0,11,1946419200,0xbdf0e090,-1
8140,16332,1,4044,254,0,12,1409548288,0xbee3cd8d,-1
8141,16333,1,4045,254,0,13,3557031936,0x3f726ffd,-1
8142,16334,1,4046,254,0,14,2483290112,0x3e49fd3c,-1
8143,16335,1,4047,254,0,15,335806464,0xbfb56caf,-1
8144,16336,1,4048,254,1,0,470024192,0xbf9d6156,-1
8145,16337,1,4049,254,1,1,2617507840,0x3e8e4248,-1
8146,16338,1,4050,254,1,2,3691249664,0x3f89f4fd,-1
8147,16339,1,4051,254,1,3,1543766016,0xbeb84d8d,-1
8148,16340,1,4052,254,1,4,2080636928,0xbd1fd68e,-1
8149,16341,1,4053,254,1,5,4228120576,0x4009f29f,-1
8150,16342,1,4054,254,1,6,3154378752,0x3f205439,-1
8151,16343,1,4055,254,1,7,1006895104,0xbf396cbd,-1
8152,16344,1,4056,254,1,8,738459648,0xbf725098,-1
8153,16345,1,4057,254,1,9,2885943296,0x3ee3f9d5,-1
8154,16346,1,4058,254,1,10,3959685120,0x3fb58814,-1
8155,16347,1,4059,254,1,11,1812201472,0xbe49ab73,-1
8156,16348,1,4060,254,1,12,1275330560,0xbf0881fb,-1
8157,16349,1,4061,254,1,13,3422814208,0x3f54aa85,-1
8158,16350,1,4062,254,1,14,2349072384,0x3df1821a,-1
8159,16351,1,4063,254,1,15,201588736,0xbfd670c9,-1
8160,16352,1,4064,255,0,0,134479872,0xbfee519b,-1
8161,16353,1,4065,255,0,1,2281963520,0x3da0e726,-1
8162,16354,1,4066,255,0,2,3355705344,0x3f46d122,-1
8163,16355,1,4067,255,0,3,1208221696,0xbf143626,-1
8164,16356,1,4068,255,0,4,1745092608,0xbe72bbdc,-1
8165,16357,1,4069,255,0,5,3892576256,0x3fa8c088,-1
8166,16358,1,4070,255,0,6,2818834432,0x3ece0977,-1
8167,16359,1,4071,255,0,7,671350784,0xbf813f03,-1
8168,16360,1,4072,255,0,8,939786240,0xbf46b606,-1
8169,16361,1,4073,255,0,9,3087269888,0x3f144ddd,-1
8170,16362,1,4074,255,0,10,4161011712,0x3fee8a70,-1
8171,16363,1,4075,255,0,11,2013528064,0xbda0463a,-1
8172,16364,1,4076,255,0,12,1476657152,0xbecdddfa,-1
8173,16365,1,4077,255,0,13,3624140800,0x3f814fb5,-1
8174,16366,1,4078,255,0,14,2550398976,0x3e730e5c,-1
8175,16367,1,4079,255,0,15,402915328,0xbfa8a8a2,-1
8176,16368,1,4080,255,1,0,268697600,0xbfc44dce,-1
8177,16369,1,4081,255,1,1,2416181248,0x3e213ea8,-1
8178,16370,1,4082,255,1,2,3489923072,0x3f632ae6,-1
8179,16371,1,4083,255,1,3,1342439424,0xbefa2a4e,-1
8180,16372,1,4084,255,1,4,1879310336,0xbe20ed72,-1
8181,16373,1,4085,255,1,5,4026793984,0x3fc46e55,-1
8182,16374,1,4086,255,1,6,2953052160,0x3efa5780,-1
8183,16375,1,4087,255,1,7,805568512,0xbf630d2d,-1
8184,16376,1,4088,255,1,8,537133056,0xbf9334ef,-1
8185,16377,1,4089,255,1,9,2684616704,0x3ea339cc,-1
8186,16378,1,4090,255,1,10,3758358528,0x3f93485e,-1
8187,16379,1,4091,255,1,11,1610874880,0xbea30f9a,-1
8188,16380,1,4092,255,1,12,1074003968,0xbf2c9ec6,-1
8189,16381,1,4093,255,1,13,3221487616,0x3f2cb7f3,-1
8190,16382,1,4094,255,1,14,2147745792,0x39206cad,-1
8191,16383,1,4095,255,1,15,262144,0xc075e22f,63
