N,contract,rate,q,sigma,maturity,max_abs_x3_difference,max_ulp_x3_difference,signed_mean_x3_difference,positive_count,negative_count,worst_payload,formerly_hard_tail
2,0,-0.02,0.01,0.050000000000000003,0.25,7.4505805969238281e-09,740,2.4700991252402105e-11,1843,1668,810,no
2,1,0,0,0.40000000000000002,0.25,1.1920928955078125e-07,183,2.104754148746224e-10,1755,1590,2730,yes
2,2,0.029999999999999999,0,0.20000000000000001,1,1.1920928955078125e-07,5089,2.6199330899201456e-10,1762,1579,8191,yes
2,3,0.029999999999999999,0.01,0.050000000000000003,5,5.9604644775390625e-08,1164,9.0704110888850664e-11,1774,1800,8191,yes
3,0,-0.02,0.01,0.050000000000000003,0.25,7.4505805969238281e-09,6199,1.1312990474965368e-11,1779,1677,2730,yes
3,1,0,0,0.40000000000000002,0.25,5.9604644775390625e-08,259,5.0342480184539795e-11,1747,1617,2730,yes
3,2,0.029999999999999999,0,0.20000000000000001,1,5.9604644775390625e-08,132,1.8130075218891761e-10,1722,1607,2730,yes
3,3,0.029999999999999999,0.01,0.050000000000000003,5,2.9802322387695312e-08,14581,6.5024392120749397e-11,1807,1808,1365,yes
4,0,-0.02,0.01,0.050000000000000003,0.25,7.4505805969238281e-09,555,1.6715951539625351e-11,1736,1657,2730,yes
4,1,0,0,0.40000000000000002,0.25,5.9604644775390625e-08,666,9.3124508104835968e-11,1706,1603,2730,yes
4,2,0.029999999999999999,0,0.20000000000000001,1,5.9604644775390625e-08,59,8.900175041404168e-11,1724,1617,2730,yes
4,3,0.029999999999999999,0.01,0.050000000000000003,5,2.9802322387695312e-08,569,2.2626567286465615e-11,1821,1813,2730,yes
5,0,-0.02,0.01,0.050000000000000003,0.25,7.4505805969238281e-09,1898,4.5848463914310855e-12,1781,1684,8191,yes
5,1,0,0,0.40000000000000002,0.25,2.9802322387695312e-08,40,1.0167833242036295e-10,1747,1621,0,yes
5,2,0.029999999999999999,0,0.20000000000000001,1,5.9604644775390625e-08,65,6.2490568275563874e-11,1741,1621,2730,yes
5,3,0.029999999999999999,0.01,0.050000000000000003,5,2.9802322387695312e-08,2597,4.335549974587849e-11,1782,1741,2730,yes
6,0,-0.02,0.01,0.050000000000000003,0.25,3.7252902984619141e-09,597,1.1958614654083988e-11,1847,1697,0,yes
6,1,0,0,0.40000000000000002,0.25,2.9802322387695312e-08,624,9.3281382618215503e-11,1791,1557,0,yes
6,2,0.029999999999999999,0,0.20000000000000001,1,2.9802322387695312e-08,45,7.7837014611503719e-11,1777,1629,0,yes
6,3,0.029999999999999999,0.01,0.050000000000000003,5,2.9802322387695312e-08,469,5.887926257663878e-11,1874,1791,8191,yes
7,0,-0.02,0.01,0.050000000000000003,0.25,3.7252902984619141e-09,238,2.4363996931064946e-11,1877,1593,149,no
7,1,0,0,0.40000000000000002,0.25,5.9604644775390625e-08,2511,8.6073063607083888e-11,1801,1571,8191,yes
7,2,0.029999999999999999,0,0.20000000000000001,1,2.9802322387695312e-08,49,5.6841753526271077e-12,1680,1683,149,no
7,3,0.029999999999999999,0.01,0.050000000000000003,5,2.9802322387695312e-08,512,3.1681740564337701e-11,1732,1760,8191,yes
8,0,-0.02,0.01,0.050000000000000003,0.25,3.7252902984619141e-09,180,1.2996242970686467e-11,1803,1609,810,no
8,1,0,0,0.40000000000000002,0.25,2.9802322387695312e-08,5089,-7.5158629320171144e-14,1687,1639,810,no
8,2,0.029999999999999999,0,0.20000000000000001,1,5.9604644775390625e-08,73,1.376260772012472e-10,1797,1544,8191,yes
8,3,0.029999999999999999,0.01,0.050000000000000003,5,2.9802322387695312e-08,533,6.0430938031430514e-11,1833,1719,8191,yes
9,0,-0.02,0.01,0.050000000000000003,0.25,3.7252902984619141e-09,553,9.2061150369637801e-12,1771,1641,2133,no
9,1,0,0,0.40000000000000002,0.25,2.9802322387695312e-08,235,7.1609385088322597e-13,1708,1607,2133,no
9,2,0.029999999999999999,0,0.20000000000000001,1,5.9604644775390625e-08,1026,7.9163578470264895e-11,1729,1612,2730,yes
9,3,0.029999999999999999,0.01,0.050000000000000003,5,1.4901161193847656e-08,901,1.5955986532034672e-11,1795,1798,170,yes
10,0,-0.02,0.01,0.050000000000000003,0.25,3.7252902984619141e-09,2757,1.235770166752026e-12,1774,1733,85,no
10,1,0,0,0.40000000000000002,0.25,2.9802322387695312e-08,125,1.0953757345610882e-10,1764,1512,2730,yes
10,2,0.029999999999999999,0,0.20000000000000001,1,2.9802322387695312e-08,292,6.5186189779353754e-11,1745,1558,2730,yes
10,3,0.029999999999999999,0.01,0.050000000000000003,5,1.4901161193847656e-08,2408,4.9354909048560103e-11,1795,1740,1024,yes
11,0,-0.02,0.01,0.050000000000000003,0.25,3.7252902984619141e-09,5938,-4.9943322047441008e-12,1705,1659,2730,yes
11,1,0,0,0.40000000000000002,0.25,2.9802322387695312e-08,391,1.5396486516272567e-10,1802,1529,1152,no
11,2,0.029999999999999999,0,0.20000000000000001,1,2.9802322387695312e-08,123,-8.0910278477119846e-12,1714,1627,2730,yes
11,3,0.029999999999999999,0.01,0.050000000000000003,5,1.4901161193847656e-08,2260,2.8725105627458447e-11,1783,1723,149,no
12,0,-0.02,0.01,0.050000000000000003,0.25,3.7252902984619141e-09,2919,1.3631417175585803e-11,1847,1620,2730,yes
12,1,0,0,0.40000000000000002,0.25,2.9802322387695312e-08,132,1.5133228004060584e-11,1732,1603,2730,yes
12,2,0.029999999999999999,0,0.20000000000000001,1,2.9802322387695312e-08,64,1.4657053348798854e-10,1746,1482,2730,yes
12,3,0.029999999999999999,0.01,0.050000000000000003,5,1.4901161193847656e-08,6125,4.2294744095894288e-11,1804,1762,1642,no
13,0,-0.02,0.01,0.050000000000000003,0.25,3.7252902984619141e-09,311,5.3163376478870816e-12,1722,1609,2730,yes
13,1,0,0,0.40000000000000002,0.25,1.4901161193847656e-08,92,1.1006162647930751e-10,1744,1551,85,no
13,2,0.029999999999999999,0,0.20000000000000001,1,2.9802322387695312e-08,86,1.0277945161618618e-11,1693,1610,2730,yes
13,3,0.029999999999999999,0.01,0.050000000000000003,5,1.4901161193847656e-08,790,7.2224837222023552e-11,1887,1686,2730,yes
14,0,-0.02,0.01,0.050000000000000003,0.25,3.7252902984619141e-09,304,5.6810493809233975e-12,1788,1617,2730,yes
14,1,0,0,0.40000000000000002,0.25,2.9802322387695312e-08,182,6.5272287574913435e-11,1712,1641,2730,yes
14,2,0.029999999999999999,0,0.20000000000000001,1,2.9802322387695312e-08,47,-2.5279750515139199e-11,1687,1636,2730,yes
14,3,0.029999999999999999,0.01,0.050000000000000003,5,1.4901161193847656e-08,3031,1.1262671351097708e-11,1738,1772,2730,yes
15,0,-0.02,0.01,0.050000000000000003,0.25,3.7252902984619141e-09,522,5.8479228404184624e-12,1751,1634,2730,yes
15,1,0,0,0.40000000000000002,0.25,2.9802322387695312e-08,209,6.9392686041780394e-11,1762,1615,2730,yes
15,2,0.029999999999999999,0,0.20000000000000001,1,2.9802322387695312e-08,48,5.1147308610666187e-11,1711,1559,1621,no
15,3,0.029999999999999999,0.01,0.050000000000000003,5,1.4901161193847656e-08,329,4.1515596516106257e-11,1798,1686,149,no
16,0,-0.02,0.01,0.050000000000000003,0.25,3.7252902984619141e-09,345,6.8767005978465079e-12,1731,1573,2730,yes
16,1,0,0,0.40000000000000002,0.25,2.9802322387695312e-08,59,4.3368392210751949e-11,1757,1615,2730,yes
16,2,0.029999999999999999,0,0.20000000000000001,1,2.9802322387695312e-08,26,5.2483850598861181e-11,1704,1554,2730,yes
16,3,0.029999999999999999,0.01,0.050000000000000003,5,1.4901161193847656e-08,1221,2.7836150051641084e-11,1832,1761,2730,yes
17,0,-0.02,0.01,0.050000000000000003,0.25,1.862645149230957e-09,5311,4.7037937780936012e-12,1797,1596,0,yes
17,1,0,0,0.40000000000000002,0.25,2.9802322387695312e-08,59,5.0076304214385914e-11,1821,1616,8191,yes
17,2,0.029999999999999999,0,0.20000000000000001,1,2.9802322387695312e-08,94,9.5592145310519072e-11,1792,1602,2730,yes
17,3,0.029999999999999999,0.01,0.050000000000000003,5,1.4901161193847656e-08,373,1.7209594860290167e-11,1777,1758,8191,yes
18,0,-0.02,0.01,0.050000000000000003,0.25,3.7252902984619141e-09,3934,8.9767688725081451e-12,1768,1675,8191,yes
18,1,0,0,0.40000000000000002,0.25,2.9802322387695312e-08,84,6.9798833379763892e-11,1736,1593,2730,yes
18,2,0.029999999999999999,0,0.20000000000000001,1,1.4901161193847656e-08,962,6.2498010239275814e-11,1748,1543,0,yes
18,3,0.029999999999999999,0.01,0.050000000000000003,5,7.4505805969238281e-09,577,3.3490099582422772e-11,1843,1754,0,yes
19,0,-0.02,0.01,0.050000000000000003,0.25,3.7252902984619141e-09,172,5.7178567436366734e-12,1795,1677,2730,yes
19,1,0,0,0.40000000000000002,0.25,2.9802322387695312e-08,37,5.7056859237292201e-11,1790,1634,2730,yes
19,2,0.029999999999999999,0,0.20000000000000001,1,2.9802322387695312e-08,1073,5.4107569119610233e-12,1715,1653,8191,yes
19,3,0.029999999999999999,0.01,0.050000000000000003,5,1.4901161193847656e-08,797,-7.8719530893778256e-12,1754,1766,2730,yes
20,0,-0.02,0.01,0.050000000000000003,0.25,1.862645149230957e-09,383,6.7502323175538947e-12,1771,1597,0,yes
20,1,0,0,0.40000000000000002,0.25,2.9802322387695312e-08,67,5.0468462742259135e-11,1745,1610,2730,yes
20,2,0.029999999999999999,0,0.20000000000000001,1,2.9802322387695312e-08,370,6.5166191887122693e-11,1768,1583,8191,yes
20,3,0.029999999999999999,0.01,0.050000000000000003,5,1.4901161193847656e-08,294,2.9987651251062175e-11,1763,1707,8191,yes
21,0,-0.02,0.01,0.050000000000000003,0.25,3.7252902984619141e-09,845,6.3303702557693242e-12,1785,1564,2730,yes
21,1,0,0,0.40000000000000002,0.25,1.4901161193847656e-08,122,3.9768466297829264e-11,1733,1594,0,yes
21,2,0.029999999999999999,0,0.20000000000000001,1,2.9802322387695312e-08,31,2.5654894875160039e-11,1736,1626,8191,yes
21,3,0.029999999999999999,0.01,0.050000000000000003,5,1.4901161193847656e-08,427,1.268667115805755e-11,1799,1741,2730,yes
22,0,-0.02,0.01,0.050000000000000003,0.25,3.7252902984619141e-09,741,4.0679438984003724e-13,1761,1643,2730,yes
22,1,0,0,0.40000000000000002,0.25,2.9802322387695312e-08,39,7.4545841721729289e-11,1758,1575,2730,yes
22,2,0.029999999999999999,0,0.20000000000000001,1,1.4901161193847656e-08,39,1.855821052387796e-11,1739,1596,768,no
22,3,0.029999999999999999,0.01,0.050000000000000003,5,1.4901161193847656e-08,158,-1.0053458066039411e-11,1760,1754,8191,yes
23,0,-0.02,0.01,0.050000000000000003,0.25,1.862645149230957e-09,197,2.4535304343764608e-12,1808,1655,0,yes
23,1,0,0,0.40000000000000002,0.25,2.9802322387695312e-08,18,2.5710433781966913e-11,1802,1715,2730,yes
23,2,0.029999999999999999,0,0.20000000000000001,1,1.4901161193847656e-08,44,4.9685533465293474e-11,1778,1659,0,yes
23,3,0.029999999999999999,0.01,0.050000000000000003,5,1.4901161193847656e-08,3428,1.7693409237740099e-11,1753,1764,2730,yes
24,0,-0.02,0.01,0.050000000000000003,0.25,3.7252902984619141e-09,1221,1.3941937881956079e-12,1736,1613,2730,yes
24,1,0,0,0.40000000000000002,0.25,1.4901161193847656e-08,45,3.2028296681474444e-11,1765,1655,0,yes
24,2,0.029999999999999999,0,0.20000000000000001,1,1.4901161193847656e-08,33,2.5063603970032489e-11,1770,1622,0,yes
24,3,0.029999999999999999,0.01,0.050000000000000003,5,1.4901161193847656e-08,1269,3.3313865555051336e-11,1842,1760,8191,yes
25,0,-0.02,0.01,0.050000000000000003,0.25,1.862645149230957e-09,332,5.636435762568226e-12,1757,1630,575,no
25,1,0,0,0.40000000000000002,0.25,1.4901161193847656e-08,35,9.1625082521140655e-11,1777,1539,575,no
25,2,0.029999999999999999,0,0.20000000000000001,1,2.9802322387695312e-08,63,3.1852825932432438e-11,1798,1629,2730,yes
25,3,0.029999999999999999,0.01,0.050000000000000003,5,1.4901161193847656e-08,9291,1.6806020117221543e-11,1805,1756,8191,yes
26,0,-0.02,0.01,0.050000000000000003,0.25,3.7252902984619141e-09,65,5.3110293940505926e-12,1733,1608,2730,yes
26,1,0,0,0.40000000000000002,0.25,2.9802322387695312e-08,17,5.4303173069314425e-11,1764,1554,2730,yes
26,2,0.029999999999999999,0,0.20000000000000001,1,2.9802322387695312e-08,47,5.9833249466123561e-11,1753,1569,8191,yes
26,3,0.029999999999999999,0.01,0.050000000000000003,5,1.4901161193847656e-08,414,1.0500988967265812e-11,1725,1725,8191,yes
27,0,-0.02,0.01,0.050000000000000003,0.25,1.862645149230957e-09,505,9.6150526776583867e-12,1817,1608,831,no
27,1,0,0,0.40000000000000002,0.25,2.9802322387695312e-08,33,5.3202497962701045e-11,1784,1597,8191,yes
27,2,0.029999999999999999,0,0.20000000000000001,1,1.4901161193847656e-08,334,-8.5555867945785735e-12,1740,1678,2133,no
27,3,0.029999999999999999,0.01,0.050000000000000003,5,1.4901161193847656e-08,614,2.720418335044883e-11,1826,1745,2730,yes
28,0,-0.02,0.01,0.050000000000000003,0.25,1.862645149230957e-09,151,5.7151366972263418e-12,1781,1645,0,yes
28,1,0,0,0.40000000000000002,0.25,2.9802322387695312e-08,260,6.7206684661869076e-11,1821,1562,8191,yes
28,2,0.029999999999999999,0,0.20000000000000001,1,1.4901161193847656e-08,35,4.5637327250602766e-11,1759,1609,0,yes
28,3,0.029999999999999999,0.01,0.050000000000000003,5,1.4901161193847656e-08,182,1.6018658621774762e-11,1773,1696,8191,yes
29,0,-0.02,0.01,0.050000000000000003,0.25,1.862645149230957e-09,804,2.2367281637958314e-12,1784,1640,0,yes
29,1,0,0,0.40000000000000002,0.25,1.4901161193847656e-08,255,5.550179760227536e-11,1758,1557,1024,yes
29,2,0.029999999999999999,0,0.20000000000000001,1,1.4901161193847656e-08,32,1.5057621816083611e-11,1704,1623,149,no
29,3,0.029999999999999999,0.01,0.050000000000000003,5,1.4901161193847656e-08,150,4.035152767478678e-11,1788,1635,2730,yes
30,0,-0.02,0.01,0.050000000000000003,0.25,1.862645149230957e-09,581,3.77103383242261e-12,1704,1606,768,no
30,1,0,0,0.40000000000000002,0.25,1.4901161193847656e-08,121,6.2648428111877763e-11,1825,1584,2047,yes
30,2,0.029999999999999999,0,0.20000000000000001,1,2.9802322387695312e-08,36,2.387706699025216e-11,1664,1582,2730,yes
30,3,0.029999999999999999,0.01,0.050000000000000003,5,1.4901161193847656e-08,532,2.4673180165635245e-11,1775,1692,2730,yes
31,0,-0.02,0.01,0.050000000000000003,0.25,3.7252902984619141e-09,502,4.028107708498041e-12,1762,1621,2730,yes
31,1,0,0,0.40000000000000002,0.25,2.9802322387695312e-08,31,6.3718058607165062e-11,1715,1566,8191,yes
31,2,0.029999999999999999,0,0.20000000000000001,1,2.9802322387695312e-08,75,5.3052381931983916e-11,1689,1552,8191,yes
31,3,0.029999999999999999,0.01,0.050000000000000003,5,7.4505805969238281e-09,1008,2.11461403942792e-11,1811,1772,0,yes
32,0,-0.02,0.01,0.050000000000000003,0.25,1.862645149230957e-09,399,4.7652585002944114e-12,1738,1614,810,no
32,1,0,0,0.40000000000000002,0.25,1.4901161193847656e-08,73,-6.6280037014365689e-12,1686,1676,810,no
32,2,0.029999999999999999,0,0.20000000000000001,1,1.4901161193847656e-08,34,6.3090921376129927e-11,1815,1562,0,yes
32,3,0.029999999999999999,0.01,0.050000000000000003,5,1.4901161193847656e-08,1376,3.3548885891576674e-11,1822,1663,8191,yes
33,0,-0.02,0.01,0.050000000000000003,0.25,1.862645149230957e-09,161,1.177877240188252e-14,1755,1632,0,yes
33,1,0,0,0.40000000000000002,0.25,1.4901161193847656e-08,90,2.8311020194848879e-11,1793,1615,768,no
33,2,0.029999999999999999,0,0.20000000000000001,1,1.4901161193847656e-08,267,2.8098003090892831e-11,1724,1601,768,no
33,3,0.029999999999999999,0.01,0.050000000000000003,5,7.4505805969238281e-09,2307,1.6961411442029117e-11,1782,1701,1919,no
34,0,-0.02,0.01,0.050000000000000003,0.25,1.862645149230957e-09,82,1.2731482534888983e-12,1694,1672,618,no
34,1,0,0,0.40000000000000002,0.25,1.4901161193847656e-08,89,1.3991752201292229e-11,1740,1560,2730,yes
34,2,0.029999999999999999,0,0.20000000000000001,1,2.9802322387695312e-08,33,2.1836865649049741e-11,1734,1654,2730,yes
34,3,0.029999999999999999,0.01,0.050000000000000003,5,1.4901161193847656e-08,944,3.9797332096469518e-11,1859,1662,8191,yes
35,0,-0.02,0.01,0.050000000000000003,0.25,1.862645149230957e-09,588,4.6715513402073583e-12,1721,1640,170,yes
35,1,0,0,0.40000000000000002,0.25,1.4901161193847656e-08,44,2.0304924408520719e-11,1707,1586,2730,yes
35,2,0.029999999999999999,0,0.20000000000000001,1,1.4901161193847656e-08,17,5.8011165315896562e-11,1775,1534,85,no
35,3,0.029999999999999999,0.01,0.050000000000000003,5,1.4901161193847656e-08,363,1.8315224337150937e-11,1753,1699,2730,yes
36,0,-0.02,0.01,0.050000000000000003,0.25,1.862645149230957e-09,113,3.2903853253163362e-12,1768,1614,1834,no
36,1,0,0,0.40000000000000002,0.25,1.4901161193847656e-08,1026,2.057786580023091e-11,1754,1605,149,no
36,2,0.029999999999999999,0,0.20000000000000001,1,1.4901161193847656e-08,17,7.5649209119177385e-12,1718,1614,149,no
36,3,0.029999999999999999,0.01,0.050000000000000003,5,7.4505805969238281e-09,1575,7.5781464436985857e-12,1766,1671,1621,no
37,0,-0.02,0.01,0.050000000000000003,0.25,1.862645149230957e-09,260,4.0536532464052755e-12,1789,1630,1365,yes
37,1,0,0,0.40000000000000002,0.25,1.4901161193847656e-08,85,3.4979602547835498e-11,1729,1613,1365,yes
37,2,0.029999999999999999,0,0.20000000000000001,1,1.4901161193847656e-08,11,4.2026965241248604e-11,1764,1596,2730,yes
37,3,0.029999999999999999,0.01,0.050000000000000003,5,7.4505805969238281e-09,246,6.4401262100943768e-13,1689,1752,2560,yes
38,0,-0.02,0.01,0.050000000000000003,0.25,1.862645149230957e-09,605,8.3261696148806408e-13,1709,1676,2730,yes
38,1,0,0,0.40000000000000002,0.25,1.4901161193847656e-08,43,3.7080116754850678e-11,1757,1565,2730,yes
38,2,0.029999999999999999,0,0.20000000000000001,1,1.4901161193847656e-08,119,5.1978635805249862e-11,1767,1549,1621,no
38,3,0.029999999999999999,0.01,0.050000000000000003,5,7.4505805969238281e-09,755,1.9828708119895566e-11,1743,1639,149,no
39,0,-0.02,0.01,0.050000000000000003,0.25,1.862645149230957e-09,3345,3.406934023092445e-12,1756,1623,2730,yes
39,1,0,0,0.40000000000000002,0.25,1.4901161193847656e-08,161,5.6644480772582995e-11,1751,1595,2730,yes
39,2,0.029999999999999999,0,0.20000000000000001,1,1.4901161193847656e-08,22,3.6432939998221059e-11,1743,1564,2730,yes
39,3,0.029999999999999999,0.01,0.050000000000000003,5,7.4505805969238281e-09,117224,1.4566012458694377e-11,1740,1724,1024,yes
40,0,-0.02,0.01,0.050000000000000003,0.25,2.7939677238464355e-09,94,3.3962849893542923e-12,1758,1559,8191,yes
40,1,0,0,0.40000000000000002,0.25,1.4901161193847656e-08,292,2.5302371309265936e-11,1682,1602,1834,no
40,2,0.029999999999999999,0,0.20000000000000001,1,1.4901161193847656e-08,43,7.8385908874878396e-12,1706,1638,2730,yes
40,3,0.029999999999999999,0.01,0.050000000000000003,5,1.4901161193847656e-08,1018,3.2514324566079722e-11,1815,1656,2730,yes
41,0,-0.02,0.01,0.050000000000000003,0.25,1.862645149230957e-09,935,1.4927841948675358e-12,1756,1630,1621,no
41,1,0,0,0.40000000000000002,0.25,1.4901161193847656e-08,71,6.0508265065095657e-12,1751,1652,1621,no
41,2,0.029999999999999999,0,0.20000000000000001,1,1.4901161193847656e-08,646,5.1068715228863582e-11,1768,1593,1621,no
41,3,0.029999999999999999,0.01,0.050000000000000003,5,7.4505805969238281e-09,749,-2.4803770148906779e-13,1734,1756,85,no
42,0,-0.02,0.01,0.050000000000000003,0.25,1.862645149230957e-09,1209,5.6331298133038832e-12,1814,1614,2730,yes
42,1,0,0,0.40000000000000002,0.25,1.4901161193847656e-08,101,1.6257738211233885e-11,1726,1586,2133,no
42,2,0.029999999999999999,0,0.20000000000000001,1,1.4901161193847656e-08,45,4.3523823434199471e-11,1779,1587,810,no
42,3,0.029999999999999999,0.01,0.050000000000000003,5,7.4505805969238281e-09,3599,2.3347219990643708e-11,1814,1674,1621,no
43,0,-0.02,0.01,0.050000000000000003,0.25,1.862645149230957e-09,243,1.0711397047113991e-13,1735,1662,2133,no
43,1,0,0,0.40000000000000002,0.25,1.4901161193847656e-08,19,4.8044346279141337e-11,1752,1552,2730,yes
43,2,0.029999999999999999,0,0.20000000000000001,1,1.4901161193847656e-08,26,7.3121897425920679e-11,1827,1610,2730,yes
43,3,0.029999999999999999,0.01,0.050000000000000003,5,7.4505805969238281e-09,501,1.0839565356413061e-11,1775,1728,2730,yes
44,0,-0.02,0.01,0.050000000000000003,0.25,1.862645149230957e-09,224,2.7880198150143087e-12,1746,1602,1152,no
44,1,0,0,0.40000000000000002,0.25,1.4901161193847656e-08,17,5.7629068184184007e-11,1765,1569,2730,yes
44,2,0.029999999999999999,0,0.20000000000000001,1,1.4901161193847656e-08,105,4.2701536751010849e-12,1730,1618,2730,yes
44,3,0.029999999999999999,0.01,0.050000000000000003,5,7.4505805969238281e-09,662,1.7661760942644378e-11,1800,1632,2730,yes
45,0,-0.02,0.01,0.050000000000000003,0.25,1.862645149230957e-09,380,3.0531827066582196e-12,1739,1584,2730,yes
45,1,0,0,0.40000000000000002,0.25,1.4901161193847656e-08,35,2.6424723520435123e-11,1727,1532,2730,yes
45,2,0.029999999999999999,0,0.20000000000000001,1,1.4901161193847656e-08,102,5.2215648471687359e-11,1783,1553,2730,yes
45,3,0.029999999999999999,0.01,0.050000000000000003,5,7.4505805969238281e-09,358,1.5005042347526754e-11,1774,1676,149,no
46,0,-0.02,0.01,0.050000000000000003,0.25,1.862645149230957e-09,1511,3.4320571558332791e-12,1738,1624,2730,yes
46,1,0,0,0.40000000000000002,0.25,1.4901161193847656e-08,36,3.6978309303492551e-11,1746,1600,2730,yes
46,2,0.029999999999999999,0,0.20000000000000001,1,1.4901161193847656e-08,52,2.879563254509776e-11,1748,1621,5376,no
46,3,0.029999999999999999,0.01,0.050000000000000003,5,1.1175870895385742e-08,109,5.6219195965212521e-12,1727,1743,8191,yes
47,0,-0.02,0.01,0.050000000000000003,0.25,1.862645149230957e-09,99,4.3876915989393694e-12,1712,1570,1621,no
47,1,0,0,0.40000000000000002,0.25,1.4901161193847656e-08,93,8.4409285117104105e-12,1690,1598,1621,no
47,2,0.029999999999999999,0,0.20000000000000001,1,1.4901161193847656e-08,30,5.8557492188526794e-11,1814,1542,1621,no
47,3,0.029999999999999999,0.01,0.050000000000000003,5,7.4505805969238281e-09,623,1.6335696684244283e-11,1788,1723,2730,yes
48,0,-0.02,0.01,0.050000000000000003,0.25,1.862645149230957e-09,411,6.2520492255524474e-12,1792,1566,2730,yes
48,1,0,0,0.40000000000000002,0.25,1.4901161193847656e-08,54,-1.9387547123272952e-11,1623,1610,2730,yes
48,2,0.029999999999999999,0,0.20000000000000001,1,1.4901161193847656e-08,96,5.5870863491236378e-11,1758,1490,2730,yes
48,3,0.029999999999999999,0.01,0.050000000000000003,5,7.4505805969238281e-09,495,2.1729226057365381e-11,1762,1666,1642,no
49,0,-0.02,0.01,0.050000000000000003,0.25,1.862645149230957e-09,99,3.5736309744738293e-12,1782,1580,768,no
49,1,0,0,0.40000000000000002,0.25,1.4901161193847656e-08,78,2.7605112640216589e-11,1723,1540,2730,yes
49,2,0.029999999999999999,0,0.20000000000000001,1,1.4901161193847656e-08,63,2.9453314787097895e-11,1641,1549,2730,yes
49,3,0.029999999999999999,0.01,0.050000000000000003,5,7.4505805969238281e-09,3396,5.0449228128357504e-12,1709,1711,597,no
50,0,-0.02,0.01,0.050000000000000003,0.25,1.862645149230957e-09,330,-4.5754719457669069e-13,1732,1628,2730,yes
50,1,0,0,0.40000000000000002,0.25,1.4901161193847656e-08,34,-1.2011724948024494e-11,1704,1576,2730,yes
50,2,0.029999999999999999,0,0.20000000000000001,1,1.4901161193847656e-08,26,5.3011262046709362e-11,1754,1553,8191,yes
50,3,0.029999999999999999,0.01,0.050000000000000003,5,7.4505805969238281e-09,649,5.3046941839163253e-12,1760,1732,0,yes
51,0,-0.02,0.01,0.050000000000000003,0.25,1.862645149230957e-09,46,4.4626524697832792e-12,1694,1557,8191,yes
51,1,0,0,0.40000000000000002,0.25,1.4901161193847656e-08,75,1.4377804502530012e-11,1692,1632,2730,yes
51,2,0.029999999999999999,0,0.20000000000000001,1,1.4901161193847656e-08,40,2.2296942070454406e-11,1735,1605,2730,yes
51,3,0.029999999999999999,0.01,0.050000000000000003,5,7.4505805969238281e-09,301,8.8466040049084427e-12,1726,1705,2730,yes
52,0,-0.02,0.01,0.050000000000000003,0.25,9.3132257461547852e-10,319,4.8960150170196393e-12,1758,1600,85,no
52,1,0,0,0.40000000000000002,0.25,1.4901161193847656e-08,142,4.9983711614132176e-11,1756,1561,2730,yes
52,2,0.029999999999999999,0,0.20000000000000001,1,1.4901161193847656e-08,88,3.1588620608147266e-11,1716,1626,2730,yes
52,3,0.029999999999999999,0.01,0.050000000000000003,5,7.4505805969238281e-09,837,1.3334680581955638e-11,1752,1709,2730,yes
53,0,-0.02,0.01,0.050000000000000003,0.25,1.862645149230957e-09,204,5.5175447544186795e-12,1732,1587,2730,yes
53,1,0,0,0.40000000000000002,0.25,1.4901161193847656e-08,61,2.555297640149945e-11,1748,1618,2730,yes
53,2,0.029999999999999999,0,0.20000000000000001,1,7.4505805969238281e-09,380,1.8872667317815228e-11,1738,1576,0,yes
53,3,0.029999999999999999,0.01,0.050000000000000003,5,7.4505805969238281e-09,1150,1.9723604693933083e-11,1746,1654,2730,yes
54,0,-0.02,0.01,0.050000000000000003,0.25,1.862645149230957e-09,179,2.2511784103507182e-12,1749,1603,2730,yes
54,1,0,0,0.40000000000000002,0.25,1.4901161193847656e-08,1004,4.137642312107559e-11,1801,1566,2730,yes
54,2,0.029999999999999999,0,0.20000000000000001,1,1.4901161193847656e-08,35,1.4577478113508846e-11,1677,1560,1621,no
54,3,0.029999999999999999,0.01,0.050000000000000003,5,7.4505805969238281e-09,478,1.408445582384843e-11,1816,1687,1834,no
55,0,-0.02,0.01,0.050000000000000003,0.25,1.862645149230957e-09,676,1.5420442700531112e-12,1722,1609,8191,yes
55,1,0,0,0.40000000000000002,0.25,1.4901161193847656e-08,60,3.5709935009009541e-11,1778,1601,2730,yes
55,2,0.029999999999999999,0,0.20000000000000001,1,1.4901161193847656e-08,17,2.7517654821451742e-11,1763,1628,2730,yes
55,3,0.029999999999999999,0.01,0.050000000000000003,5,7.4505805969238281e-09,367,2.1819365758624087e-11,1748,1663,2730,yes
56,0,-0.02,0.01,0.050000000000000003,0.25,1.862645149230957e-09,568,1.0790673909966131e-13,1728,1664,8191,yes
56,1,0,0,0.40000000000000002,0.25,1.4901161193847656e-08,47,6.3895874702346589e-11,1784,1566,2730,yes
56,2,0.029999999999999999,0,0.20000000000000001,1,1.4901161193847656e-08,17,1.9234058790118524e-11,1744,1636,8191,yes
56,3,0.029999999999999999,0.01,0.050000000000000003,5,7.4505805969238281e-09,1494,1.3290001044108379e-11,1712,1701,2730,yes
57,0,-0.02,0.01,0.050000000000000003,0.25,1.862645149230957e-09,350,1.0687145612919835e-12,1733,1668,2730,yes
57,1,0,0,0.40000000000000002,0.25,1.4901161193847656e-08,76,6.0759064446358479e-11,1835,1565,2730,yes
57,2,0.029999999999999999,0,0.20000000000000001,1,1.4901161193847656e-08,22,2.8562180398594705e-11,1756,1614,2730,yes
57,3,0.029999999999999999,0.01,0.050000000000000003,5,7.4505805969238281e-09,723,1.1322734416729929e-11,1739,1642,8191,yes
58,0,-0.02,0.01,0.050000000000000003,0.25,1.862645149230957e-09,100,1.2764442280932542e-12,1783,1639,2730,yes
58,1,0,0,0.40000000000000002,0.25,1.4901161193847656e-08,59,4.0700415260275236e-11,1752,1536,2730,yes
58,2,0.029999999999999999,0,0.20000000000000001,1,1.4901161193847656e-08,100,2.5017335425481235e-11,1710,1546,2730,yes
58,3,0.029999999999999999,0.01,0.050000000000000003,5,7.4505805969238281e-09,617,1.8424720082954593e-11,1795,1686,2197,no
59,0,-0.02,0.01,0.050000000000000003,0.25,1.862645149230957e-09,317,1.5431753097594481e-13,1725,1670,2730,yes
59,1,0,0,0.40000000000000002,0.25,1.4901161193847656e-08,450,1.3760666217610407e-11,1733,1641,2730,yes
59,2,0.029999999999999999,0,0.20000000000000001,1,1.4901161193847656e-08,29,2.6690885612801196e-11,1777,1640,8191,yes
59,3,0.029999999999999999,0.01,0.050000000000000003,5,7.4505805969238281e-09,404,2.2939483645956216e-11,1789,1649,2730,yes
60,0,-0.02,0.01,0.050000000000000003,0.25,1.862645149230957e-09,158,2.4964752487477426e-12,1775,1660,8191,yes
60,1,0,0,0.40000000000000002,0.25,1.4901161193847656e-08,58,2.4060142767012849e-11,1703,1572,2730,yes
60,2,0.029999999999999999,0,0.20000000000000001,1,1.4901161193847656e-08,15,2.9153540692661295e-11,1836,1617,2730,yes
60,3,0.029999999999999999,0.01,0.050000000000000003,5,7.4505805969238281e-09,189,3.0280083995748441e-12,1752,1717,8191,yes
61,0,-0.02,0.01,0.050000000000000003,0.25,1.862645149230957e-09,230,6.6999149284097115e-12,1763,1558,2730,yes
61,1,0,0,0.40000000000000002,0.25,1.4901161193847656e-08,49,9.3997865047157347e-12,1757,1613,2730,yes
61,2,0.029999999999999999,0,0.20000000000000001,1,1.4901161193847656e-08,9,6.3114513615403212e-12,1681,1612,2730,yes
61,3,0.029999999999999999,0.01,0.050000000000000003,5,7.4505805969238281e-09,286,1.2291889728288652e-11,1786,1738,2730,yes
62,0,-0.02,0.01,0.050000000000000003,0.25,1.862645149230957e-09,431,8.4965194602215632e-13,1709,1657,2730,yes
62,1,0,0,0.40000000000000002,0.25,1.4901161193847656e-08,3114,2.7706855039444367e-11,1757,1532,2730,yes
62,2,0.029999999999999999,0,0.20000000000000001,1,1.4901161193847656e-08,9,1.6021184379155784e-11,1703,1561,2730,yes
62,3,0.029999999999999999,0.01,0.050000000000000003,5,7.4505805969238281e-09,419,3.5770622575093114e-12,1733,1650,8191,yes
63,0,-0.02,0.01,0.050000000000000003,0.25,1.862645149230957e-09,624,1.5425369315202886e-12,1717,1710,8191,yes
63,1,0,0,0.40000000000000002,0.25,7.4505805969238281e-09,60,-1.7237766769540031e-11,1703,1716,0,yes
63,2,0.029999999999999999,0,0.20000000000000001,1,1.4901161193847656e-08,16,3.5079605886778609e-11,1813,1620,8191,yes
63,3,0.029999999999999999,0.01,0.050000000000000003,5,3.7252902984619141e-09,75,1.1901181429241348e-11,1759,1680,0,yes
64,0,-0.02,0.01,0.050000000000000003,0.25,1.862645149230957e-09,156,1.831139406771598e-12,1672,1611,2730,yes
64,1,0,0,0.40000000000000002,0.25,1.4901161193847656e-08,117,1.6229823041058467e-11,1685,1560,2730,yes
64,2,0.029999999999999999,0,0.20000000000000001,1,1.4901161193847656e-08,24,2.6092628058194123e-11,1717,1545,8191,yes
64,3,0.029999999999999999,0.01,0.050000000000000003,5,7.4505805969238281e-09,112,1.2993384146398057e-11,1743,1648,2730,yes
65,0,-0.02,0.01,0.050000000000000003,0.25,1.862645149230957e-09,76,3.2862688265078432e-12,1768,1628,2730,yes
65,1,0,0,0.40000000000000002,0.25,1.4901161193847656e-08,935,2.6323745266898513e-11,1716,1613,2730,yes
65,2,0.029999999999999999,0,0.20000000000000001,1,1.4901161193847656e-08,16,2.9303642845590616e-12,1700,1601,8191,yes
65,3,0.029999999999999999,0.01,0.050000000000000003,5,3.7252902984619141e-09,929,1.6338048969277708e-11,1725,1628,0,yes
66,0,-0.02,0.01,0.050000000000000003,0.25,1.862645149230957e-09,300,3.0494773373135331e-12,1744,1578,2730,yes
66,1,0,0,0.40000000000000002,0.25,1.4901161193847656e-08,114,2.0074997220120849e-11,1775,1638,2730,yes
66,2,0.029999999999999999,0,0.20000000000000001,1,1.4901161193847656e-08,12,2.496206019664271e-11,1780,1634,1621,no
66,3,0.029999999999999999,0.01,0.050000000000000003,5,7.4505805969238281e-09,1190,-7.9632550553654369e-12,1685,1787,2730,yes
67,0,-0.02,0.01,0.050000000000000003,0.25,1.862645149230957e-09,559,5.8946163922213302e-12,1835,1645,8191,yes
67,1,0,0,0.40000000000000002,0.25,1.4901161193847656e-08,57,1.8324952666404215e-11,1718,1568,8191,yes
67,2,0.029999999999999999,0,0.20000000000000001,1,1.4901161193847656e-08,20,2.7945479263991047e-11,1734,1547,2730,yes
67,3,0.029999999999999999,0.01,0.050000000000000003,5,7.4505805969238281e-09,424,2.6448510048737717e-11,1800,1629,2730,yes
68,0,-0.02,0.01,0.050000000000000003,0.25,9.3132257461547852e-10,139,6.414382913710881e-13,1765,1662,0,yes
68,1,0,0,0.40000000000000002,0.25,7.4505805969238281e-09,94,-6.7748862075944771e-12,1738,1654,0,yes
68,2,0.029999999999999999,0,0.20000000000000001,1,1.4901161193847656e-08,27,2.7215868447783009e-11,1792,1560,2730,yes
68,3,0.029999999999999999,0.01,0.050000000000000003,5,7.4505805969238281e-09,133,-2.3835239337799408e-12,1698,1724,2730,yes
69,0,-0.02,0.01,0.050000000000000003,0.25,1.862645149230957e-09,228,5.3172535818823974e-12,1748,1582,8191,yes
69,1,0,0,0.40000000000000002,0.25,1.4901161193847656e-08,87,4.753507309995797e-11,1799,1595,2730,yes
69,2,0.029999999999999999,0,0.20000000000000001,1,1.4901161193847656e-08,47,3.975673956713166e-11,1776,1582,8191,yes
69,3,0.029999999999999999,0.01,0.050000000000000003,5,7.4505805969238281e-09,1019,2.3296121975935336e-11,1783,1680,1621,no
70,0,-0.02,0.01,0.050000000000000003,0.25,1.862645149230957e-09,224,2.3608059951385485e-12,1798,1655,2730,yes
70,1,0,0,0.40000000000000002,0.25,7.4505805969238281e-09,44,5.0793813599625537e-12,1767,1627,0,yes
70,2,0.029999999999999999,0,0.20000000000000001,1,1.4901161193847656e-08,389,3.2721001255731075e-11,1792,1573,2730,yes
70,3,0.029999999999999999,0.01,0.050000000000000003,5,7.4505805969238281e-09,133,-4.8044901390653649e-13,1687,1716,2730,yes
71,0,-0.02,0.01,0.050000000000000003,0.25,1.862645149230957e-09,112,2.920386155125243e-12,1778,1600,2730,yes
71,1,0,0,0.40000000000000002,0.25,7.4505805969238281e-09,66,8.8183904622951559e-12,1747,1653,0,yes
71,2,0.029999999999999999,0,0.20000000000000001,1,1.4901161193847656e-08,95,1.973714941483351e-11,1735,1600,8191,yes
71,3,0.029999999999999999,0.01,0.050000000000000003,5,3.7252902984619141e-09,86,1.8557738679092495e-11,1774,1658,0,yes
72,0,-0.02,0.01,0.050000000000000003,0.25,1.862645149230957e-09,447,2.0314982335234433e-12,1728,1625,2730,yes
72,1,0,0,0.40000000000000002,0.25,1.4901161193847656e-08,2127,1.3494773874744848e-11,1684,1608,2730,yes
72,2,0.029999999999999999,0,0.20000000000000001,1,1.4901161193847656e-08,53,2.7115878986627706e-11,1740,1631,2730,yes
72,3,0.029999999999999999,0.01,0.050000000000000003,5,7.4505805969238281e-09,2299,1.2143997613067725e-11,1761,1639,2730,yes
73,0,-0.02,0.01,0.050000000000000003,0.25,1.862645149230957e-09,1333,2.4688266296764294e-12,1799,1633,2730,yes
73,1,0,0,0.40000000000000002,0.25,1.4901161193847656e-08,130,7.0919103922761906e-12,1715,1587,8191,yes
73,2,0.029999999999999999,0,0.20000000000000001,1,1.4901161193847656e-08,17,2.7848223727033883e-11,1744,1563,8191,yes
73,3,0.029999999999999999,0.01,0.050000000000000003,5,7.4505805969238281e-09,478,1.6135676128570253e-11,1751,1716,1621,no
74,0,-0.02,0.01,0.050000000000000003,0.25,1.862645149230957e-09,188,4.3048897779840445e-12,1811,1624,2730,yes
74,1,0,0,0.40000000000000002,0.25,1.4901161193847656e-08,67,1.4329981645744283e-11,1744,1625,8191,yes
74,2,0.029999999999999999,0,0.20000000000000001,1,1.4901161193847656e-08,38,3.0370206349772388e-11,1804,1605,2730,yes
74,3,0.029999999999999999,0.01,0.050000000000000003,5,7.4505805969238281e-09,78,1.9523369032548032e-11,1795,1622,8191,yes
75,0,-0.02,0.01,0.050000000000000003,0.25,9.3132257461547852e-10,200,5.6444293683455271e-12,1768,1582,0,yes
75,1,0,0,0.40000000000000002,0.25,7.4505805969238281e-09,121,5.9609678304539671e-12,1724,1603,0,yes
75,2,0.029999999999999999,0,0.20000000000000001,1,7.4505805969238281e-09,42,1.6003864899971632e-11,1737,1581,0,yes
75,3,0.029999999999999999,0.01,0.050000000000000003,5,7.4505805969238281e-09,71,5.9063032242789859e-12,1760,1722,1621,no
76,0,-0.02,0.01,0.050000000000000003,0.25,1.862645149230957e-09,200,2.5686050508788583e-12,1769,1623,8191,yes
76,1,0,0,0.40000000000000002,0.25,1.4901161193847656e-08,1934,3.6623272123281758e-11,1789,1582,8191,yes
76,2,0.029999999999999999,0,0.20000000000000001,1,1.4901161193847656e-08,73,2.5222282595827039e-11,1737,1607,2730,yes
76,3,0.029999999999999999,0.01,0.050000000000000003,5,3.7252902984619141e-09,438,8.9218632481902205e-12,1734,1740,0,yes
77,0,-0.02,0.01,0.050000000000000003,0.25,1.862645149230957e-09,299,2.3906553819896814e-12,1766,1611,2730,yes
77,1,0,0,0.40000000000000002,0.25,1.4901161193847656e-08,120,1.8605783580483148e-11,1748,1621,2730,yes
77,2,0.029999999999999999,0,0.20000000000000001,1,7.4505805969238281e-09,157,-3.2786967585352045e-13,1741,1646,170,yes
77,3,0.029999999999999999,0.01,0.050000000000000003,5,7.4505805969238281e-09,199,1.2668643911695199e-11,1809,1693,2730,yes
78,0,-0.02,0.01,0.050000000000000003,0.25,1.862645149230957e-09,812,1.6836358696092901e-12,1804,1697,2730,yes
78,1,0,0,0.40000000000000002,0.25,1.4901161193847656e-08,61,2.392627762581867e-11,1781,1580,8191,yes
78,2,0.029999999999999999,0,0.20000000000000001,1,1.4901161193847656e-08,9687,1.9769126331607711e-11,1813,1675,2730,yes
78,3,0.029999999999999999,0.01,0.050000000000000003,5,7.4505805969238281e-09,202,1.0819733997635694e-11,1777,1677,1621,no
79,0,-0.02,0.01,0.050000000000000003,0.25,1.862645149230957e-09,237,1.1906343966305855e-12,1797,1712,2730,yes
79,1,0,0,0.40000000000000002,0.25,7.4505805969238281e-09,91,1.9117415983593844e-11,1769,1681,0,yes
79,2,0.029999999999999999,0,0.20000000000000001,1,1.4901161193847656e-08,154,8.4595802585241131e-12,1772,1704,8191,yes
79,3,0.029999999999999999,0.01,0.050000000000000003,5,7.4505805969238281e-09,313,6.3892086066275056e-12,1704,1698,8191,yes
80,0,-0.02,0.01,0.050000000000000003,0.25,1.862645149230957e-09,229,2.4561012945678584e-12,1754,1654,8191,yes
80,1,0,0,0.40000000000000002,0.25,1.4901161193847656e-08,370,8.9020527060945653e-12,1722,1618,8191,yes
80,2,0.029999999999999999,0,0.20000000000000001,1,1.4901161193847656e-08,89,9.8536873105459222e-12,1751,1610,2730,yes
80,3,0.029999999999999999,0.01,0.050000000000000003,5,7.4505805969238281e-09,264,1.351284362183236e-11,1712,1673,2730,yes
81,0,-0.02,0.01,0.050000000000000003,0.25,1.862645149230957e-09,2424,8.462432143918619e-13,1719,1614,8191,yes
81,1,0,0,0.40000000000000002,0.25,1.4901161193847656e-08,91,1.5922249629873875e-11,1725,1605,8191,yes
81,2,0.029999999999999999,0,0.20000000000000001,1,1.4901161193847656e-08,35,3.3966135459806424e-11,1758,1626,8191,yes
81,3,0.029999999999999999,0.01,0.050000000000000003,5,3.7252902984619141e-09,351,2.1082385837090101e-11,1825,1640,0,yes
82,0,-0.02,0.01,0.050000000000000003,0.25,1.862645149230957e-09,150,2.17759664467021e-12,1774,1659,2730,yes
82,1,0,0,0.40000000000000002,0.25,1.4901161193847656e-08,44,2.0563883929014537e-11,1800,1600,2730,yes
82,2,0.029999999999999999,0,0.20000000000000001,1,1.4901161193847656e-08,35,2.7448487927017595e-11,1755,1628,2730,yes
82,3,0.029999999999999999,0.01,0.050000000000000003,5,7.4505805969238281e-09,693,1.1706399738464768e-11,1755,1672,8191,yes
83,0,-0.02,0.01,0.050000000000000003,0.25,9.3132257461547852e-10,108,3.4062336284890193e-13,1716,1659,170,yes
83,1,0,0,0.40000000000000002,0.25,7.4505805969238281e-09,23,1.911559799339102e-11,1817,1626,0,yes
83,2,0.029999999999999999,0,0.20000000000000001,1,1.4901161193847656e-08,35,4.6008807874642343e-11,1813,1565,2730,yes
83,3,0.029999999999999999,0.01,0.050000000000000003,5,3.7252902984619141e-09,1246,1.1871802152452204e-11,1753,1730,170,yes
84,0,-0.02,0.01,0.050000000000000003,0.25,1.862645149230957e-09,870,3.4169455459531761e-12,1815,1642,8191,yes
84,1,0,0,0.40000000000000002,0.25,1.4901161193847656e-08,31,2.7878324648789032e-11,1776,1598,8191,yes
84,2,0.029999999999999999,0,0.20000000000000001,1,7.4505805969238281e-09,20,2.807848398234114e-11,1755,1592,1024,yes
84,3,0.029999999999999999,0.01,0.050000000000000003,5,3.7252902984619141e-09,758,1.9517963634196889e-11,1799,1672,85,no
85,0,-0.02,0.01,0.050000000000000003,0.25,9.3132257461547852e-10,151,3.6685984111661796e-12,1780,1590,170,yes
85,1,0,0,0.40000000000000002,0.25,7.4505805969238281e-09,68,2.2894505735671089e-11,1721,1546,85,no
85,2,0.029999999999999999,0,0.20000000000000001,1,7.4505805969238281e-09,30,1.904429391963447e-11,1745,1635,85,no
85,3,0.029999999999999999,0.01,0.050000000000000003,5,7.4505805969238281e-09,94,1.8285567504605638e-11,1768,1635,8191,yes
86,0,-0.02,0.01,0.050000000000000003,0.25,1.862645149230957e-09,76,-7.4287104245840396e-13,1687,1667,2730,yes
86,1,0,0,0.40000000000000002,0.25,1.4901161193847656e-08,22,1.3121170816532413e-12,1693,1624,8191,yes
86,2,0.029999999999999999,0,0.20000000000000001,1,7.4505805969238281e-09,68,2.9818175706353145e-11,1776,1596,0,yes
86,3,0.029999999999999999,0.01,0.050000000000000003,5,7.4505805969238281e-09,380,2.3822499528591834e-11,1725,1671,8191,yes
87,0,-0.02,0.01,0.050000000000000003,0.25,9.3132257461547852e-10,268,1.8970909912430223e-12,1750,1607,0,yes
87,1,0,0,0.40000000000000002,0.25,7.4505805969238281e-09,47,1.7429752086073336e-11,1782,1577,0,yes
87,2,0.029999999999999999,0,0.20000000000000001,1,7.4505805969238281e-09,275,1.1599865165634604e-11,1763,1641,0,yes
87,3,0.029999999999999999,0.01,0.050000000000000003,5,7.4505805969238281e-09,648,7.071759844379244e-12,1742,1712,8191,yes
88,0,-0.02,0.01,0.050000000000000003,0.25,1.862645149230957e-09,300,3.8621952858086672e-12,1764,1606,2730,yes
88,1,0,0,0.40000000000000002,0.25,1.4901161193847656e-08,48,3.0555891150640946e-11,1743,1603,2730,yes
88,2,0.029999999999999999,0,0.20000000000000001,1,7.4505805969238281e-09,55,1.7188687972957695e-11,1780,1629,768,no
88,3,0.029999999999999999,0.01,0.050000000000000003,5,3.7252902984619141e-09,573,-6.2506250175786704e-13,1692,1768,0,yes
89,0,-0.02,0.01,0.050000000000000003,0.25,1.862645149230957e-09,598,3.0449913424046571e-12,1792,1623,8191,yes
89,1,0,0,0.40000000000000002,0.25,7.4505805969238281e-09,187,3.7466273139497019e-11,1850,1585,0,yes
89,2,0.029999999999999999,0,0.20000000000000001,1,1.4901161193847656e-08,28,3.7975067535001017e-11,1823,1596,2730,yes
89,3,0.029999999999999999,0.01,0.050000000000000003,5,7.4505805969238281e-09,412,2.3151425221357158e-11,1844,1671,2730,yes
90,0,-0.02,0.01,0.050000000000000003,0.25,9.3132257461547852e-10,1119,2.7367561342139801e-12,1808,1634,0,yes
90,1,0,0,0.40000000000000002,0.25,1.4901161193847656e-08,343,1.5874211667377125e-12,1754,1637,2730,yes
90,2,0.029999999999999999,0,0.20000000000000001,1,7.4505805969238281e-09,22,2.2171903202305998e-11,1759,1611,0,yes
90,3,0.029999999999999999,0.01,0.050000000000000003,5,7.4505805969238281e-09,11499,6.2268059632109019e-12,1743,1699,2730,yes
91,0,-0.02,0.01,0.050000000000000003,0.25,1.862645149230957e-09,280,1.4486085941900484e-12,1780,1635,2730,yes
91,1,0,0,0.40000000000000002,0.25,1.4901161193847656e-08,90,1.3220841088568136e-11,1786,1654,2730,yes
91,2,0.029999999999999999,0,0.20000000000000001,1,1.4901161193847656e-08,19,-1.8817447600127934e-12,1716,1661,8191,yes
91,3,0.029999999999999999,0.01,0.050000000000000003,5,7.4505805969238281e-09,517,9.5967261914964297e-12,1736,1676,8191,yes
92,0,-0.02,0.01,0.050000000000000003,0.25,1.862645149230957e-09,1508,2.1142514822214409e-12,1801,1654,2730,yes
92,1,0,0,0.40000000000000002,0.25,1.4901161193847656e-08,41,1.3409440224876334e-11,1807,1630,8191,yes
92,2,0.029999999999999999,0,0.20000000000000001,1,7.4505805969238281e-09,35,1.7448736899794426e-11,1743,1625,0,yes
92,3,0.029999999999999999,0.01,0.050000000000000003,5,7.4505805969238281e-09,352,2.0400570122092176e-11,1826,1615,8191,yes
93,0,-0.02,0.01,0.050000000000000003,0.25,1.862645149230957e-09,93,1.3072702642613621e-12,1804,1610,8191,yes
93,1,0,0,0.40000000000000002,0.25,1.4901161193847656e-08,22,8.8672402753786628e-12,1740,1641,8191,yes
93,2,0.029999999999999999,0,0.20000000000000001,1,1.4901161193847656e-08,34,3.0337288237092253e-11,1782,1565,8191,yes
93,3,0.029999999999999999,0.01,0.050000000000000003,5,3.7252902984619141e-09,452,1.0800554894885295e-11,1705,1680,149,no
94,0,-0.02,0.01,0.050000000000000003,0.25,1.862645149230957e-09,94,2.8399331497563907e-12,1794,1643,8191,yes
94,1,0,0,0.40000000000000002,0.25,1.4901161193847656e-08,27,1.2300577223456344e-11,1777,1657,2730,yes
94,2,0.029999999999999999,0,0.20000000000000001,1,1.4901161193847656e-08,36,3.6697311855959924e-11,1844,1599,8191,yes
94,3,0.029999999999999999,0.01,0.050000000000000003,5,7.4505805969238281e-09,521,1.3469121651343841e-11,1818,1698,8191,yes
95,0,-0.02,0.01,0.050000000000000003,0.25,9.3132257461547852e-10,340,3.8731101659195133e-12,1784,1616,0,yes
95,1,0,0,0.40000000000000002,0.25,1.4901161193847656e-08,78,1.7233572208175119e-11,1770,1581,2730,yes
95,2,0.029999999999999999,0,0.20000000000000001,1,1.4901161193847656e-08,70,9.4811658524207587e-12,1749,1602,8191,yes
95,3,0.029999999999999999,0.01,0.050000000000000003,5,7.4505805969238281e-09,112,4.8360065951769116e-12,1759,1718,8191,yes
96,0,-0.02,0.01,0.050000000000000003,0.25,9.3132257461547852e-10,340,3.3011302025265366e-12,1780,1603,0,yes
96,1,0,0,0.40000000000000002,0.25,7.4505805969238281e-09,33,2.2633846186170814e-11,1754,1624,0,yes
96,2,0.029999999999999999,0,0.20000000000000001,1,7.4505805969238281e-09,70,1.7194939916365115e-11,1755,1584,0,yes
96,3,0.029999999999999999,0.01,0.050000000000000003,5,7.4505805969238281e-09,897,1.6896865850934972e-11,1828,1711,8191,yes
97,0,-0.02,0.01,0.050000000000000003,0.25,1.862645149230957e-09,84,2.5441471845910613e-12,1769,1643,8191,yes
97,1,0,0,0.40000000000000002,0.25,1.4901161193847656e-08,25,1.2890188916259149e-11,1778,1603,2730,yes
97,2,0.029999999999999999,0,0.20000000000000001,1,7.4505805969238281e-09,140,1.7454065970312627e-11,1783,1659,0,yes
97,3,0.029999999999999999,0.01,0.050000000000000003,5,7.4505805969238281e-09,225,5.1681298129935271e-12,1746,1693,8191,yes
98,0,-0.02,0.01,0.050000000000000003,0.25,9.3132257461547852e-10,42,2.4129170883568918e-12,1756,1658,0,yes
98,1,0,0,0.40000000000000002,0.25,7.4505805969238281e-09,51,8.9836194039349948e-12,1793,1637,618,no
98,2,0.029999999999999999,0,0.20000000000000001,1,7.4505805969238281e-09,2244,7.1469791890210743e-12,1767,1681,149,no
98,3,0.029999999999999999,0.01,0.050000000000000003,5,7.4505805969238281e-09,1630,8.0604208203827188e-12,1810,1744,8191,yes
99,0,-0.02,0.01,0.050000000000000003,0.25,1.862645149230957e-09,106,1.2147696043518508e-12,1682,1631,8191,yes
99,1,0,0,0.40000000000000002,0.25,1.4901161193847656e-08,49,1.4494100364359497e-11,1697,1568,2730,yes
99,2,0.029999999999999999,0,0.20000000000000001,1,7.4505805969238281e-09,277,1.8117413819185302e-11,1756,1530,85,no
99,3,0.029999999999999999,0.01,0.050000000000000003,5,3.7252902984619141e-09,412,1.1770057151139213e-11,1698,1653,0,yes
100,0,-0.02,0.01,0.050000000000000003,0.25,9.3132257461547852e-10,45,4.7312952167199995e-12,1793,1582,575,no
100,1,0,0,0.40000000000000002,0.25,1.4901161193847656e-08,101,1.8994819606099611e-11,1761,1654,2730,yes
100,2,0.029999999999999999,0,0.20000000000000001,1,7.4505805969238281e-09,68,7.8922424151528503e-12,1744,1660,170,yes
100,3,0.029999999999999999,0.01,0.050000000000000003,5,7.4505805969238281e-09,447,6.8155689425530852e-12,1757,1672,2730,yes
101,0,-0.02,0.01,0.050000000000000003,0.25,9.3132257461547852e-10,172,5.8354363008383814e-13,1704,1594,170,yes
101,1,0,0,0.40000000000000002,0.25,7.4505805969238281e-09,1614,3.6422932378488149e-11,1789,1548,0,yes
101,2,0.029999999999999999,0,0.20000000000000001,1,1.4901161193847656e-08,69,6.3297284080832128e-12,1718,1622,2730,yes
101,3,0.029999999999999999,0.01,0.050000000000000003,5,7.4505805969238281e-09,467,3.83625423094891e-12,1737,1691,2730,yes
102,0,-0.02,0.01,0.050000000000000003,0.25,1.862645149230957e-09,45,2.6867570668276386e-12,1774,1642,8191,yes
102,1,0,0,0.40000000000000002,0.25,1.4901161193847656e-08,201,1.8864805551022101e-11,1761,1605,8191,yes
102,2,0.029999999999999999,0,0.20000000000000001,1,1.4901161193847656e-08,34,8.0758177922746199e-12,1740,1683,8191,yes
102,3,0.029999999999999999,0.01,0.050000000000000003,5,3.7252902984619141e-09,237,1.2297024509777543e-11,1724,1679,1024,yes
103,0,-0.02,0.01,0.050000000000000003,0.25,1.862645149230957e-09,90,2.9236977422408827e-12,1761,1644,8191,yes
103,1,0,0,0.40000000000000002,0.25,7.4505805969238281e-09,99,1.8639131904585327e-11,1802,1579,1365,yes
103,2,0.029999999999999999,0,0.20000000000000001,1,7.4505805969238281e-09,34,1.3731349390866399e-11,1748,1638,0,yes
103,3,0.029999999999999999,0.01,0.050000000000000003,5,7.4505805969238281e-09,116,1.0743961276205027e-11,1767,1678,2730,yes
104,0,-0.02,0.01,0.050000000000000003,0.25,9.3132257461547852e-10,56,3.0209793000501861e-12,1804,1598,0,yes
104,1,0,0,0.40000000000000002,0.25,1.4901161193847656e-08,50,9.1508189914435434e-12,1717,1613,8191,yes
104,2,0.029999999999999999,0,0.20000000000000001,1,7.4505805969238281e-09,35,2.9428570691436562e-11,1803,1565,0,yes
104,3,0.029999999999999999,0.01,0.050000000000000003,5,7.4505805969238281e-09,737,9.0943606811944022e-12,1764,1687,8191,yes
105,0,-0.02,0.01,0.050000000000000003,0.25,9.3132257461547852e-10,216,4.0515230059767759e-12,1856,1545,0,yes
105,1,0,0,0.40000000000000002,0.25,1.4901161193847656e-08,49,1.2812306771081694e-11,1780,1657,2730,yes
105,2,0.029999999999999999,0,0.20000000000000001,1,1.4901161193847656e-08,34,1.719230313668163e-11,1740,1611,2730,yes
105,3,0.029999999999999999,0.01,0.050000000000000003,5,7.4505805969238281e-09,113,7.8437117911889231e-12,1719,1694,8191,yes
106,0,-0.02,0.01,0.050000000000000003,0.25,9.3132257461547852e-10,107,7.5750170025479235e-14,1771,1657,0,yes
106,1,0,0,0.40000000000000002,0.25,1.4901161193847656e-08,93,1.2803771931579888e-11,1762,1604,2730,yes
106,2,0.029999999999999999,0,0.20000000000000001,1,1.4901161193847656e-08,33,1.81301085255825e-11,1763,1655,8191,yes
106,3,0.029999999999999999,0.01,0.050000000000000003,5,7.4505805969238281e-09,133,6.6401745213440222e-12,1703,1669,8191,yes
107,0,-0.02,0.01,0.050000000000000003,0.25,9.3132257461547852e-10,29,3.2617034073645357e-12,1795,1571,0,yes
107,1,0,0,0.40000000000000002,0.25,7.4505805969238281e-09,159,2.5441863893416183e-11,1768,1570,170,yes
107,2,0.029999999999999999,0,0.20000000000000001,1,7.4505805969238281e-09,34,8.9381557710765946e-12,1787,1602,1024,yes
107,3,0.029999999999999999,0.01,0.050000000000000003,5,7.4505805969238281e-09,900,8.5560586393640392e-12,1762,1720,8191,yes
108,0,-0.02,0.01,0.050000000000000003,0.25,1.862645149230957e-09,30,4.5641268542340185e-12,1774,1544,8191,yes
108,1,0,0,0.40000000000000002,0.25,1.4901161193847656e-08,334,3.7426332866186129e-11,1824,1600,2730,yes
108,2,0.029999999999999999,0,0.20000000000000001,1,7.4505805969238281e-09,42,2.3544777238981851e-12,1760,1621,0,yes
108,3,0.029999999999999999,0.01,0.050000000000000003,5,7.4505805969238281e-09,420,9.4678848094886803e-12,1701,1686,2730,yes
109,0,-0.02,0.01,0.050000000000000003,0.25,9.3132257461547852e-10,124,2.3876040033954382e-12,1770,1625,0,yes
109,1,0,0,0.40000000000000002,0.25,7.4505805969238281e-09,83,5.0682055774409207e-11,1753,1547,0,yes
109,2,0.029999999999999999,0,0.20000000000000001,1,7.4505805969238281e-09,72,2.2245538744414262e-12,1735,1584,1152,no
109,3,0.029999999999999999,0.01,0.050000000000000003,5,7.4505805969238281e-09,165,1.4739084952530845e-11,1759,1704,2730,yes
110,0,-0.02,0.01,0.050000000000000003,0.25,9.3132257461547852e-10,241,1.4714280141547853e-12,1781,1625,0,yes
110,1,0,0,0.40000000000000002,0.25,7.4505805969238281e-09,43,3.5031894052295343e-11,1694,1537,618,no
110,2,0.029999999999999999,0,0.20000000000000001,1,1.4901161193847656e-08,208,4.2486070217506722e-11,1843,1565,8191,yes
110,3,0.029999999999999999,0.01,0.050000000000000003,5,3.7252902984619141e-09,247,2.2440230229570091e-11,1787,1645,85,no
111,0,-0.02,0.01,0.050000000000000003,0.25,9.3132257461547852e-10,59,2.0689595869871624e-12,1763,1603,618,no
111,1,0,0,0.40000000000000002,0.25,1.4901161193847656e-08,82,2.4515472984987241e-11,1781,1596,2730,yes
111,2,0.029999999999999999,0,0.20000000000000001,1,1.4901161193847656e-08,1475,1.8095831690739805e-11,1715,1569,2730,yes
111,3,0.029999999999999999,0.01,0.050000000000000003,5,3.7252902984619141e-09,165,1.3347781213646215e-11,1720,1622,0,yes
112,0,-0.02,0.01,0.050000000000000003,0.25,1.862645149230957e-09,817,1.6382295910458144e-12,1799,1613,2730,yes
112,1,0,0,0.40000000000000002,0.25,7.4505805969238281e-09,81,3.9065417567485383e-12,1745,1629,0,yes
112,2,0.029999999999999999,0,0.20000000000000001,1,1.4901161193847656e-08,149,4.3251686954182134e-12,1761,1674,2730,yes
112,3,0.029999999999999999,0.01,0.050000000000000003,5,3.7252902984619141e-09,394,1.1010373168751642e-11,1752,1653,0,yes
113,0,-0.02,0.01,0.050000000000000003,0.25,9.3132257461547852e-10,26,3.1087389606998528e-12,1761,1638,0,yes
113,1,0,0,0.40000000000000002,0.25,1.4901161193847656e-08,161,3.0891525448772938e-11,1826,1666,2730,yes
113,2,0.029999999999999999,0,0.20000000000000001,1,1.4901161193847656e-08,85,7.3043585069321182e-12,1713,1655,2730,yes
113,3,0.029999999999999999,0.01,0.050000000000000003,5,7.4505805969238281e-09,3435,8.8838008130420754e-12,1767,1681,8191,yes
114,0,-0.02,0.01,0.050000000000000003,0.25,1.862645149230957e-09,66,3.9923949562981065e-12,1786,1657,8191,yes
114,1,0,0,0.40000000000000002,0.25,1.4901161193847656e-08,334,2.2158261336890916e-11,1776,1640,2730,yes
114,2,0.029999999999999999,0,0.20000000000000001,1,7.4505805969238281e-09,35,1.5179787982155801e-11,1760,1578,170,yes
114,3,0.029999999999999999,0.01,0.050000000000000003,5,3.7252902984619141e-09,1773,1.3938090265286363e-11,1715,1669,85,no
115,0,-0.02,0.01,0.050000000000000003,0.25,9.3132257461547852e-10,32,2.7804147872956264e-12,1759,1573,0,yes
115,1,0,0,0.40000000000000002,0.25,7.4505805969238281e-09,1341,1.666217511187007e-12,1748,1622,0,yes
115,2,0.029999999999999999,0,0.20000000000000001,1,7.4505805969238281e-09,45,1.7026227649985515e-11,1748,1583,768,no
115,3,0.029999999999999999,0.01,0.050000000000000003,5,7.4505805969238281e-09,1227,1.4863769937090154e-11,1778,1629,8191,yes
116,0,-0.02,0.01,0.050000000000000003,0.25,1.862645149230957e-09,72,3.6138592118817314e-12,1780,1585,8191,yes
116,1,0,0,0.40000000000000002,0.25,7.4505805969238281e-09,336,2.5885460441799069e-11,1764,1551,1024,yes
116,2,0.029999999999999999,0,0.20000000000000001,1,1.4901161193847656e-08,33,1.7387216666442384e-11,1736,1606,8191,yes
116,3,0.029999999999999999,0.01,0.050000000000000003,5,3.7252902984619141e-09,570,1.403924199117057e-11,1783,1700,0,yes
117,0,-0.02,0.01,0.050000000000000003,0.25,9.3132257461547852e-10,155,4.7305648981366133e-13,1719,1693,170,yes
117,1,0,0,0.40000000000000002,0.25,1.4901161193847656e-08,170,3.3174657465551149e-11,1823,1584,8191,yes
117,2,0.029999999999999999,0,0.20000000000000001,1,7.4505805969238281e-09,36,3.5925790120572287e-11,1799,1563,0,yes
117,3,0.029999999999999999,0.01,0.050000000000000003,5,7.4505805969238281e-09,519,1.0734940714129948e-11,1743,1685,8191,yes
118,0,-0.02,0.01,0.050000000000000003,0.25,9.3132257461547852e-10,40,2.8829612308545194e-12,1801,1589,1365,yes
118,1,0,0,0.40000000000000002,0.25,7.4505805969238281e-09,86,1.9852008925624887e-11,1767,1581,810,no
118,2,0.029999999999999999,0,0.20000000000000001,1,1.4901161193847656e-08,40,1.7275847419284673e-11,1796,1641,2730,yes
118,3,0.029999999999999999,0.01,0.050000000000000003,5,7.4505805969238281e-09,457,1.9390045125078359e-11,1798,1711,8191,yes
119,0,-0.02,0.01,0.050000000000000003,0.25,9.3132257461547852e-10,79,6.7130242337176682e-13,1727,1654,0,yes
119,1,0,0,0.40000000000000002,0.25,7.4505805969238281e-09,81,1.429323326362919e-11,1739,1664,0,yes
119,2,0.029999999999999999,0,0.20000000000000001,1,7.4505805969238281e-09,35,1.1752016026989054e-11,1749,1617,0,yes
119,3,0.029999999999999999,0.01,0.050000000000000003,5,7.4505805969238281e-09,174,1.2967737994529216e-11,1699,1676,8191,yes
120,0,-0.02,0.01,0.050000000000000003,0.25,9.3132257461547852e-10,37,2.017832081979698e-12,1716,1586,2133,no
120,1,0,0,0.40000000000000002,0.25,7.4505805969238281e-09,114,2.2396057230977817e-11,1732,1520,0,yes
120,2,0.029999999999999999,0,0.20000000000000001,1,7.4505805969238281e-09,34,1.4182405250195984e-11,1713,1578,810,no
120,3,0.029999999999999999,0.01,0.050000000000000003,5,7.4505805969238281e-09,139,1.1425638213324874e-11,1744,1676,2730,yes
121,0,-0.02,0.01,0.050000000000000003,0.25,1.862645149230957e-09,23,-2.279166438912128e-13,1699,1655,2730,yes
121,1,0,0,0.40000000000000002,0.25,1.4901161193847656e-08,109,2.0863102911938824e-11,1789,1629,8191,yes
121,2,0.029999999999999999,0,0.20000000000000001,1,7.4505805969238281e-09,33,3.2865432597617428e-11,1775,1557,0,yes
121,3,0.029999999999999999,0.01,0.050000000000000003,5,7.4505805969238281e-09,173,7.1355837905073827e-12,1775,1720,2730,yes
122,0,-0.02,0.01,0.050000000000000003,0.25,9.3132257461547852e-10,82,-5.4547252131831314e-13,1713,1707,0,yes
122,1,0,0,0.40000000000000002,0.25,7.4505805969238281e-09,223,2.1710126751894876e-11,1765,1570,0,yes
122,2,0.029999999999999999,0,0.20000000000000001,1,1.4901161193847656e-08,67,3.0705091247362759e-11,1807,1569,2730,yes
122,3,0.029999999999999999,0.01,0.050000000000000003,5,3.7252902984619141e-09,555,1.4046472318618441e-11,1776,1706,0,yes
123,0,-0.02,0.01,0.050000000000000003,0.25,9.3132257461547852e-10,45,3.2824853946067378e-12,1724,1578,0,yes
123,1,0,0,0.40000000000000002,0.25,7.4505805969238281e-09,872,4.4725473324902509e-12,1708,1631,0,yes
123,2,0.029999999999999999,0,0.20000000000000001,1,7.4505805969238281e-09,69,1.6898552002153622e-11,1722,1570,0,yes
123,3,0.029999999999999999,0.01,0.050000000000000003,5,7.4505805969238281e-09,360,5.9832416798855093e-12,1715,1695,8191,yes
124,0,-0.02,0.01,0.050000000000000003,0.25,1.862645149230957e-09,90,2.5876557840920356e-12,1736,1590,8191,yes
124,1,0,0,0.40000000000000002,0.25,1.4901161193847656e-08,219,1.1692612156277704e-11,1703,1537,8191,yes
124,2,0.029999999999999999,0,0.20000000000000001,1,1.4901161193847656e-08,70,1.7182505418489313e-11,1704,1554,8191,yes
124,3,0.029999999999999999,0.01,0.050000000000000003,5,7.4505805969238281e-09,181,1.3622158956394514e-12,1714,1696,2730,yes
125,0,-0.02,0.01,0.050000000000000003,0.25,9.3132257461547852e-10,186,1.0405617340003559e-12,1728,1629,1621,no
125,1,0,0,0.40000000000000002,0.25,1.4901161193847656e-08,112,4.9316661865361766e-12,1654,1625,8191,yes
125,2,0.029999999999999999,0,0.20000000000000001,1,7.4505805969238281e-09,135,-1.0327919075514558e-12,1661,1639,575,no
125,3,0.029999999999999999,0.01,0.050000000000000003,5,7.4505805969238281e-09,546,2.5021512639611387e-12,1676,1680,2730,yes
126,0,-0.02,0.01,0.050000000000000003,0.25,9.3132257461547852e-10,42,2.0236833042641678e-12,1709,1578,0,yes
126,1,0,0,0.40000000000000002,0.25,1.4901161193847656e-08,55,5.6727400554734686e-12,1747,1649,2730,yes
126,2,0.029999999999999999,0,0.20000000000000001,1,7.4505805969238281e-09,281,1.2104515306754493e-11,1770,1585,1621,no
126,3,0.029999999999999999,0.01,0.050000000000000003,5,3.7252902984619141e-09,546,4.4472481253166052e-12,1752,1719,85,no
127,0,-0.02,0.01,0.050000000000000003,0.25,9.3132257461547852e-10,106,-2.5742775966453024e-13,1734,1685,2730,yes
127,1,0,0,0.40000000000000002,0.25,7.4505805969238281e-09,52,-1.069574984136068e-11,1662,1667,0,yes
127,2,0.029999999999999999,0,0.20000000000000001,1,7.4505805969238281e-09,566130,3.4478129749273504e-12,1757,1618,0,yes
127,3,0.029999999999999999,0.01,0.050000000000000003,5,3.7252902984619141e-09,249,6.3411220718734285e-12,1763,1691,0,yes
128,0,-0.02,0.01,0.050000000000000003,0.25,9.3132257461547852e-10,56,1.8247695021678112e-12,1699,1630,810,no
128,1,0,0,0.40000000000000002,0.25,7.4505805969238281e-09,53,-4.4300674240105309e-13,1712,1673,0,yes
128,2,0.029999999999999999,0,0.20000000000000001,1,1.4901161193847656e-08,285,2.2670133131841297e-11,1784,1593,2730,yes
128,3,0.029999999999999999,0.01,0.050000000000000003,5,7.4505805969238281e-09,275,1.3055931336047877e-11,1750,1674,8191,yes
129,0,-0.02,0.01,0.050000000000000003,0.25,9.3132257461547852e-10,71,5.8422017223946909e-13,1748,1686,0,yes
129,1,0,0,0.40000000000000002,0.25,7.4505805969238281e-09,67,1.5190390612040972e-11,1706,1585,0,yes
129,2,0.029999999999999999,0,0.20000000000000001,1,7.4505805969238281e-09,158,2.463600157209811e-11,1804,1588,0,yes
129,3,0.029999999999999999,0.01,0.050000000000000003,5,3.7252902984619141e-09,274,6.0180749272831235e-12,1753,1698,0,yes
130,0,-0.02,0.01,0.050000000000000003,0.25,1.862645149230957e-09,560,1.5917753226624143e-12,1717,1600,8191,yes
130,1,0,0,0.40000000000000002,0.25,7.4505805969238281e-09,136,4.2260084320844271e-12,1737,1611,1365,yes
130,2,0.029999999999999999,0,0.20000000000000001,1,7.4505805969238281e-09,147,1.2553534600723282e-11,1725,1574,1834,no
130,3,0.029999999999999999,0.01,0.050000000000000003,5,3.7252902984619141e-09,234,1.092116674872301e-11,1755,1620,0,yes
131,0,-0.02,0.01,0.050000000000000003,0.25,9.3132257461547852e-10,142,2.0759678698301087e-12,1746,1632,575,no
131,1,0,0,0.40000000000000002,0.25,7.4505805969238281e-09,272,7.5948691780070021e-12,1774,1614,1386,no
131,2,0.029999999999999999,0,0.20000000000000001,1,7.4505805969238281e-09,75,1.8512066879416977e-11,1791,1596,85,no
131,3,0.029999999999999999,0.01,0.050000000000000003,5,7.4505805969238281e-09,469,1.7984433386963872e-12,1728,1696,2730,yes
132,0,-0.02,0.01,0.050000000000000003,0.25,9.3132257461547852e-10,69,-5.847058948127426e-13,1752,1675,0,yes
132,1,0,0,0.40000000000000002,0.25,7.4505805969238281e-09,267,1.6760797610926303e-11,1754,1582,768,no
132,2,0.029999999999999999,0,0.20000000000000001,1,7.4505805969238281e-09,76,1.8328116802024397e-11,1710,1606,768,no
132,3,0.029999999999999999,0.01,0.050000000000000003,5,7.4505805969238281e-09,159,1.1741808914056406e-11,1731,1632,8191,yes
133,0,-0.02,0.01,0.050000000000000003,0.25,9.3132257461547852e-10,176,1.916335146123771e-12,1738,1584,2730,yes
133,1,0,0,0.40000000000000002,0.25,7.4505805969238281e-09,134,9.4707991449283213e-12,1746,1544,170,yes
133,2,0.029999999999999999,0,0.20000000000000001,1,1.4901161193847656e-08,79,1.245807623728723e-11,1726,1597,2730,yes
133,3,0.029999999999999999,0.01,0.050000000000000003,5,3.7252902984619141e-09,86,7.60310564507094e-12,1689,1635,0,yes
134,0,-0.02,0.01,0.050000000000000003,0.25,9.3132257461547852e-10,50,1.5208199283245349e-12,1695,1650,2730,yes
134,1,0,0,0.40000000000000002,0.25,7.4505805969238281e-09,66,6.5658312120575602e-12,1663,1590,597,no
134,2,0.029999999999999999,0,0.20000000000000001,1,7.4505805969238281e-09,35,2.6791013851834578e-11,1777,1555,1365,yes
134,3,0.029999999999999999,0.01,0.050000000000000003,5,7.4505805969238281e-09,1168,1.3539239174242823e-11,1759,1640,2730,yes
135,0,-0.02,0.01,0.050000000000000003,0.25,9.3132257461547852e-10,55,3.0852750909637905e-12,1726,1628,170,yes
135,1,0,0,0.40000000000000002,0.25,1.4901161193847656e-08,33,1.687805450956148e-11,1736,1628,8191,yes
135,2,0.029999999999999999,0,0.20000000000000001,1,7.4505805969238281e-09,34,1.2365108936762681e-13,1747,1611,768,no
135,3,0.029999999999999999,0.01,0.050000000000000003,5,3.7252902984619141e-09,336,5.4777293811980599e-12,1750,1721,0,yes
136,0,-0.02,0.01,0.050000000000000003,0.25,9.3132257461547852e-10,390,1.4138039697297877e-12,1722,1598,618,no
136,1,0,0,0.40000000000000002,0.25,7.4505805969238281e-09,33,1.8454182626470583e-11,1801,1601,618,no
136,2,0.029999999999999999,0,0.20000000000000001,1,1.4901161193847656e-08,34,2.317490643832798e-11,1777,1539,2730,yes
136,3,0.029999999999999999,0.01,0.050000000000000003,5,3.7252902984619141e-09,295,9.2629029446733568e-12,1732,1630,597,no
137,0,-0.02,0.01,0.050000000000000003,0.25,9.3132257461547852e-10,99,3.5064399300788196e-12,1781,1637,0,yes
137,1,0,0,0.40000000000000002,0.25,7.4505805969238281e-09,32,1.2560508189096709e-11,1721,1580,1919,no
137,2,0.029999999999999999,0,0.20000000000000001,1,7.4505805969238281e-09,32,2.1369017666472701e-11,1789,1601,768,no
137,3,0.029999999999999999,0.01,0.050000000000000003,5,3.7252902984619141e-09,257,5.5025567435862399e-12,1760,1656,149,no
138,0,-0.02,0.01,0.050000000000000003,0.25,9.3132257461547852e-10,108,4.3562826956833334e-12,1835,1571,1642,no
138,1,0,0,0.40000000000000002,0.25,7.4505805969238281e-09,33,7.5624090323245241e-12,1717,1629,2730,yes
138,2,0.029999999999999999,0,0.20000000000000001,1,7.4505805969238281e-09,32,2.2947560518460364e-11,1761,1631,149,no
138,3,0.029999999999999999,0.01,0.050000000000000003,5,3.7252902984619141e-09,434,1.5392714880491098e-11,1787,1652,0,yes
139,0,-0.02,0.01,0.050000000000000003,0.25,9.3132257461547852e-10,402,3.1888710422256494e-12,1743,1585,768,no
139,1,0,0,0.40000000000000002,0.25,1.4901161193847656e-08,18,2.3533966442279564e-11,1735,1555,2730,yes
139,2,0.029999999999999999,0,0.20000000000000001,1,7.4505805969238281e-09,34,7.3169109660042864e-12,1734,1557,149,no
139,3,0.029999999999999999,0.01,0.050000000000000003,5,3.7252902984619141e-09,865,6.6966918121913466e-12,1696,1664,0,yes
140,0,-0.02,0.01,0.050000000000000003,0.25,9.3132257461547852e-10,212,3.3215860617552551e-12,1728,1600,2432,no
140,1,0,0,0.40000000000000002,0.25,7.4505805969238281e-09,20,1.5158915789292848e-12,1681,1626,149,no
140,2,0.029999999999999999,0,0.20000000000000001,1,7.4505805969238281e-09,33,1.133701466038417e-11,1706,1574,149,no
140,3,0.029999999999999999,0.01,0.050000000000000003,5,3.7252902984619141e-09,777,7.7492214034524665e-12,1743,1685,149,no
141,0,-0.02,0.01,0.050000000000000003,0.25,9.3132257461547852e-10,107,3.18703397006459e-12,1774,1664,2730,yes
141,1,0,0,0.40000000000000002,0.25,7.4505805969238281e-09,264,1.9354233493640294e-11,1706,1541,1621,no
141,2,0.029999999999999999,0,0.20000000000000001,1,7.4505805969238281e-09,34,1.3656895059277474e-11,1725,1526,1919,no
141,3,0.029999999999999999,0.01,0.050000000000000003,5,3.7252902984619141e-09,433,-5.1087259422821774e-13,1717,1697,1152,no
142,0,-0.02,0.01,0.050000000000000003,0.25,9.3132257461547852e-10,128,1.0164785679833699e-12,1708,1600,1365,yes
142,1,0,0,0.40000000000000002,0.25,7.4505805969238281e-09,25,-8.8181441315615672e-12,1692,1633,2730,yes
142,2,0.029999999999999999,0,0.20000000000000001,1,7.4505805969238281e-09,25,3.3785543807063334e-11,1729,1540,1152,no
142,3,0.029999999999999999,0.01,0.050000000000000003,5,7.4505805969238281e-09,289,1.5420005550215166e-11,1781,1691,2730,yes
143,0,-0.02,0.01,0.050000000000000003,0.25,9.3132257461547852e-10,252,3.2003739935948516e-12,1788,1637,170,yes
143,1,0,0,0.40000000000000002,0.25,7.4505805969238281e-09,16,1.5150374010897139e-11,1709,1643,1621,no
143,2,0.029999999999999999,0,0.20000000000000001,1,1.4901161193847656e-08,46,3.2264510507751254e-11,1757,1615,2730,yes
143,3,0.029999999999999999,0.01,0.050000000000000003,5,7.4505805969238281e-09,320,4.4342862715041065e-12,1642,1684,2730,yes
144,0,-0.02,0.01,0.050000000000000003,0.25,9.3132257461547852e-10,68,9.6983185371435354e-13,1769,1591,149,no
144,1,0,0,0.40000000000000002,0.25,7.4505805969238281e-09,17,2.4835536405198866e-11,1762,1569,2047,yes
144,2,0.029999999999999999,0,0.20000000000000001,1,1.4901161193847656e-08,41,3.7181653589346553e-11,1859,1556,2730,yes
144,3,0.029999999999999999,0.01,0.050000000000000003,5,3.7252902984619141e-09,637,7.5499398399792028e-12,1717,1688,149,no
145,0,-0.02,0.01,0.050000000000000003,0.25,9.3132257461547852e-10,135,4.2280120376991803e-12,1864,1592,1621,no
145,1,0,0,0.40000000000000002,0.25,7.4505805969238281e-09,16,1.2314690933656891e-11,1728,1586,2730,yes
145,2,0.029999999999999999,0,0.20000000000000001,1,7.4505805969238281e-09,103,1.6418835041553947e-11,1763,1588,2730,yes
145,3,0.029999999999999999,0.01,0.050000000000000003,5,3.7252902984619141e-09,159,9.4481020229686408e-12,1708,1689,0,yes
146,0,-0.02,0.01,0.050000000000000003,0.25,9.3132257461547852e-10,2157,8.6781482607628524e-13,1691,1671,2730,yes
146,1,0,0,0.40000000000000002,0.25,7.4505805969238281e-09,17,1.8512608113141482e-11,1774,1614,2730,yes
146,2,0.029999999999999999,0,0.20000000000000001,1,7.4505805969238281e-09,201,1.2700078835803374e-11,1778,1597,2730,yes
146,3,0.029999999999999999,0.01,0.050000000000000003,5,3.7252902984619141e-09,294,3.7913873429662459e-12,1684,1709,0,yes
147,0,-0.02,0.01,0.050000000000000003,0.25,9.3132257461547852e-10,135,3.5682966997852006e-12,1815,1614,0,yes
147,1,0,0,0.40000000000000002,0.25,7.4505805969238281e-09,13,2.337371962646273e-11,1786,1577,2730,yes
147,2,0.029999999999999999,0,0.20000000000000001,1,7.4505805969238281e-09,393,1.1781694543577803e-11,1768,1557,2730,yes
147,3,0.029999999999999999,0.01,0.050000000000000003,5,7.4505805969238281e-09,585,1.600711230231866e-11,1737,1659,2730,yes
148,0,-0.02,0.01,0.050000000000000003,0.25,9.3132257461547852e-10,68,8.9107193845805455e-13,1749,1658,2730,yes
148,1,0,0,0.40000000000000002,0.25,7.4505805969238281e-09,12,9.8562130679269444e-12,1744,1612,1621,no
148,2,0.029999999999999999,0,0.20000000000000001,1,7.4505805969238281e-09,99,2.2542089722632497e-11,1797,1614,1728,no
148,3,0.029999999999999999,0.01,0.050000000000000003,5,3.7252902984619141e-09,582,2.7664814883365807e-12,1675,1659,0,yes
149,0,-0.02,0.01,0.050000000000000003,0.25,9.3132257461547852e-10,192,1.5285619991978194e-12,1709,1653,1152,no
149,1,0,0,0.40000000000000002,0.25,7.4505805969238281e-09,13,7.6225414868957841e-12,1720,1539,2197,no
149,2,0.029999999999999999,0,0.20000000000000001,1,7.4505805969238281e-09,52,8.2475692941841316e-13,1718,1610,0,yes
149,3,0.029999999999999999,0.01,0.050000000000000003,5,7.4505805969238281e-09,927,3.5379130181034668e-12,1721,1732,2730,yes
150,0,-0.02,0.01,0.050000000000000003,0.25,9.3132257461547852e-10,191,3.5712413928856712e-12,1719,1533,2730,yes
150,1,0,0,0.40000000000000002,0.25,7.4505805969238281e-09,13,6.2299609915328347e-12,1700,1548,2730,yes
150,2,0.029999999999999999,0,0.20000000000000001,1,7.4505805969238281e-09,57,1.421580214655549e-11,1760,1571,1365,yes
150,3,0.029999999999999999,0.01,0.050000000000000003,5,3.7252902984619141e-09,625,1.0094423560924604e-11,1710,1629,0,yes
151,0,-0.02,0.01,0.050000000000000003,0.25,9.3132257461547852e-10,51,3.4499972323409622e-12,1740,1538,1919,no
151,1,0,0,0.40000000000000002,0.25,7.4505805969238281e-09,12,2.7612884201388965e-11,1738,1550,831,no
151,2,0.029999999999999999,0,0.20000000000000001,1,7.4505805969238281e-09,31,3.8724842776893809e-11,1789,1589,2560,yes
151,3,0.029999999999999999,0.01,0.050000000000000003,5,3.7252902984619141e-09,710,1.3683637556383133e-11,1746,1697,1024,yes
152,0,-0.02,0.01,0.050000000000000003,0.25,9.3132257461547852e-10,43,1.3474499294119369e-12,1666,1563,2730,yes
152,1,0,0,0.40000000000000002,0.25,7.4505805969238281e-09,119,2.4546514994228108e-12,1706,1622,2730,yes
152,2,0.029999999999999999,0,0.20000000000000001,1,7.4505805969238281e-09,28,1.6231682664624714e-11,1756,1557,2730,yes
152,3,0.029999999999999999,0.01,0.050000000000000003,5,3.7252902984619141e-09,355,3.4975217166888228e-12,1668,1626,0,yes
153,0,-0.02,0.01,0.050000000000000003,0.25,9.3132257461547852e-10,53,1.4157793860880563e-12,1764,1634,1621,no
153,1,0,0,0.40000000000000002,0.25,7.4505805969238281e-09,24,-7.144007607706726e-13,1665,1594,2730,yes
153,2,0.029999999999999999,0,0.20000000000000001,1,7.4505805969238281e-09,25,1.1418851975086852e-11,1705,1582,1152,no
153,3,0.029999999999999999,0.01,0.050000000000000003,5,7.4505805969238281e-09,468,2.0722173976750469e-12,1690,1674,8191,yes
154,0,-0.02,0.01,0.050000000000000003,0.25,9.3132257461547852e-10,22,2.1731921817647049e-12,1764,1560,85,no
154,1,0,0,0.40000000000000002,0.25,7.4505805969238281e-09,22,1.6158088755879874e-11,1702,1553,2730,yes
154,2,0.029999999999999999,0,0.20000000000000001,1,7.4505805969238281e-09,25,2.5966659378262591e-11,1729,1534,0,yes
154,3,0.029999999999999999,0.01,0.050000000000000003,5,3.7252902984619141e-09,129,9.7317744141012241e-12,1742,1645,0,yes
155,0,-0.02,0.01,0.050000000000000003,0.25,9.3132257461547852e-10,24,2.2525974141540672e-12,1703,1577,2730,yes
155,1,0,0,0.40000000000000002,0.25,7.4505805969238281e-09,12,9.6582880582118946e-12,1740,1535,2730,yes
155,2,0.029999999999999999,0,0.20000000000000001,1,7.4505805969238281e-09,18,2.0893592411752593e-11,1745,1515,2730,yes
155,3,0.029999999999999999,0.01,0.050000000000000003,5,3.7252902984619141e-09,88,1.0618464441058961e-11,1764,1662,170,yes
156,0,-0.02,0.01,0.050000000000000003,0.25,9.3132257461547852e-10,42,1.3969797540980267e-12,1737,1609,2730,yes
156,1,0,0,0.40000000000000002,0.25,7.4505805969238281e-09,11,1.0204379008449393e-11,1703,1588,1728,no
156,2,0.029999999999999999,0,0.20000000000000001,1,7.4505805969238281e-09,19,2.9146796087786697e-11,1763,1575,2730,yes
156,3,0.029999999999999999,0.01,0.050000000000000003,5,3.7252902984619141e-09,92,8.196235357083026e-12,1719,1654,2730,yes
157,0,-0.02,0.01,0.050000000000000003,0.25,1.3969838619232178e-09,23488,2.4657530791477589e-12,1783,1611,2730,yes
157,1,0,0,0.40000000000000002,0.25,7.4505805969238281e-09,12,7.5012496214554858e-12,1692,1592,2730,yes
157,2,0.029999999999999999,0,0.20000000000000001,1,7.4505805969238281e-09,20,3.4027086703858345e-11,1817,1533,2730,yes
157,3,0.029999999999999999,0.01,0.050000000000000003,5,7.4505805969238281e-09,313,7.8031591604910133e-12,1768,1670,8191,yes
158,0,-0.02,0.01,0.050000000000000003,0.25,9.3132257461547852e-10,38,1.0384713922118038e-12,1778,1582,2730,yes
158,1,0,0,0.40000000000000002,0.25,7.4505805969238281e-09,19,3.1493557761663737e-11,1761,1555,1386,no
158,2,0.029999999999999999,0,0.20000000000000001,1,7.4505805969238281e-09,20,2.8627905601652515e-11,1776,1516,2730,yes
158,3,0.029999999999999999,0.01,0.050000000000000003,5,3.7252902984619141e-09,183,2.7905733279709466e-12,1703,1675,0,yes
159,0,-0.02,0.01,0.050000000000000003,0.25,9.3132257461547852e-10,25,2.9616656349595871e-12,1742,1572,2730,yes
159,1,0,0,0.40000000000000002,0.25,7.4505805969238281e-09,18,-1.0876854972252659e-12,1674,1573,2730,yes
159,2,0.029999999999999999,0,0.20000000000000001,1,7.4505805969238281e-09,20,-4.2137959788135504e-12,1667,1600,1728,no
159,3,0.029999999999999999,0.01,0.050000000000000003,5,3.7252902984619141e-09,367,4.3625311696438018e-12,1721,1631,1919,no
160,0,-0.02,0.01,0.050000000000000003,0.25,9.3132257461547852e-10,21,3.7828021964836367e-12,1815,1500,575,no
160,1,0,0,0.40000000000000002,0.25,7.4505805969238281e-09,21,2.4113835928041283e-11,1785,1564,85,no
160,2,0.029999999999999999,0,0.20000000000000001,1,7.4505805969238281e-09,19,8.1574746957358002e-12,1683,1574,2730,yes
160,3,0.029999999999999999,0.01,0.050000000000000003,5,3.7252902984619141e-09,23511,6.6114425132518528e-12,1695,1615,0,yes
161,0,-0.02,0.01,0.050000000000000003,0.25,9.3132257461547852e-10,128,5.2921556026319649e-13,1787,1641,2730,yes
161,1,0,0,0.40000000000000002,0.25,7.4505805969238281e-09,29,1.1601816729545078e-11,1763,1588,831,no
161,2,0.029999999999999999,0,0.20000000000000001,1,7.4505805969238281e-09,39,1.4169485029746909e-11,1743,1609,831,no
161,3,0.029999999999999999,0.01,0.050000000000000003,5,3.7252902984619141e-09,365,6.0485991215664114e-12,1734,1680,1024,yes
162,0,-0.02,0.01,0.050000000000000003,0.25,9.3132257461547852e-10,25,1.1424108187219062e-12,1722,1615,2730,yes
162,1,0,0,0.40000000000000002,0.25,7.4505805969238281e-09,40,2.3703927709561867e-11,1761,1579,2730,yes
162,2,0.029999999999999999,0,0.20000000000000001,1,7.4505805969238281e-09,39,5.2795962046658929e-12,1683,1581,2730,yes
162,3,0.029999999999999999,0.01,0.050000000000000003,5,3.7252902984619141e-09,367,7.1786812605445505e-12,1766,1644,0,yes
163,0,-0.02,0.01,0.050000000000000003,0.25,9.3132257461547852e-10,23,2.0303689285405824e-12,1732,1590,618,no
163,1,0,0,0.40000000000000002,0.25,7.4505805969238281e-09,103,2.9242743643242974e-11,1798,1536,2730,yes
163,2,0.029999999999999999,0,0.20000000000000001,1,7.4505805969238281e-09,36,1.6289719573236994e-11,1708,1589,1621,no
163,3,0.029999999999999999,0.01,0.050000000000000003,5,3.7252902984619141e-09,22809,6.2247206087523432e-12,1767,1695,2730,yes
164,0,-0.02,0.01,0.050000000000000003,0.25,9.3132257461547852e-10,52,3.9966641107724854e-13,1732,1657,1621,no
164,1,0,0,0.40000000000000002,0.25,7.4505805969238281e-09,377,2.634220098995943e-12,1744,1623,1621,no
164,2,0.029999999999999999,0,0.20000000000000001,1,7.4505805969238281e-09,37,1.6946014036456347e-11,1747,1597,1621,no
164,3,0.029999999999999999,0.01,0.050000000000000003,5,3.7252902984619141e-09,353,6.5370833746136725e-12,1739,1685,1152,no
165,0,-0.02,0.01,0.050000000000000003,0.25,9.3132257461547852e-10,41528,3.007891583917989e-12,1786,1593,2730,yes
165,1,0,0,0.40000000000000002,0.25,7.4505805969238281e-09,87,2.1765835661602395e-11,1691,1558,831,no
165,2,0.029999999999999999,0,0.20000000000000001,1,7.4505805969238281e-09,37,2.558904477201196e-11,1729,1543,2730,yes
165,3,0.029999999999999999,0.01,0.050000000000000003,5,3.7252902984619141e-09,280,1.3767223472349599e-11,1722,1620,2730,yes
166,0,-0.02,0.01,0.050000000000000003,0.25,9.3132257461547852e-10,34,1.8479228564016736e-12,1736,1568,2730,yes
166,1,0,0,0.40000000000000002,0.25,7.4505805969238281e-09,42,2.1219317969389806e-11,1719,1480,2730,yes
166,2,0.029999999999999999,0,0.20000000000000001,1,7.4505805969238281e-09,74,3.0857996713429259e-11,1739,1527,2133,no
166,3,0.029999999999999999,0.01,0.050000000000000003,5,7.4505805969238281e-09,1313,1.9832689310272933e-11,1747,1608,8191,yes
167,0,-0.02,0.01,0.050000000000000003,0.25,9.3132257461547852e-10,29,2.1047955045538913e-12,1749,1563,2730,yes
167,1,0,0,0.40000000000000002,0.25,7.4505805969238281e-09,36,1.7570417343293343e-11,1772,1530,2730,yes
167,2,0.029999999999999999,0,0.20000000000000001,1,7.4505805969238281e-09,75,1.8512823218852503e-11,1721,1549,2730,yes
167,3,0.029999999999999999,0.01,0.050000000000000003,5,3.7252902984619141e-09,163,1.8251650191203339e-11,1777,1647,0,yes
168,0,-0.02,0.01,0.050000000000000003,0.25,9.3132257461547852e-10,58,2.7516947054273544e-12,1770,1650,810,no
168,1,0,0,0.40000000000000002,0.25,7.4505805969238281e-09,36,6.7528066471922443e-12,1739,1628,2730,yes
168,2,0.029999999999999999,0,0.20000000000000001,1,7.4505805969238281e-09,73,7.9190612400914517e-12,1731,1597,768,no
168,3,0.029999999999999999,0.01,0.050000000000000003,5,3.7252902984619141e-09,153,-1.4045223317715738e-12,1756,1765,1621,no
169,0,-0.02,0.01,0.050000000000000003,0.25,9.3132257461547852e-10,244,5.8287576154558707e-13,1677,1607,2730,yes
169,1,0,0,0.40000000000000002,0.25,7.4505805969238281e-09,36,1.9064111400624029e-11,1710,1519,2730,yes
169,2,0.029999999999999999,0,0.20000000000000001,1,7.4505805969238281e-09,149,2.6178077067173788e-11,1716,1500,2730,yes
169,3,0.029999999999999999,0.01,0.050000000000000003,5,3.7252902984619141e-09,1248,1.1352696560607001e-11,1744,1617,2431,no
170,0,-0.02,0.01,0.050000000000000003,0.25,9.3132257461547852e-10,105,1.5119719712353152e-12,1709,1571,1919,no
170,1,0,0,0.40000000000000002,0.25,7.4505805969238281e-09,36,3.1611213646698388e-11,1765,1463,2730,yes
170,2,0.029999999999999999,0,0.20000000000000001,1,7.4505805969238281e-09,301,2.5780344872772254e-11,1731,1556,2730,yes
170,3,0.029999999999999999,0.01,0.050000000000000003,5,3.7252902984619141e-09,311,1.3806067400423672e-11,1735,1624,170,yes
171,0,-0.02,0.01,0.050000000000000003,0.25,9.3132257461547852e-10,54,6.8579690537529103e-13,1712,1652,85,no
171,1,0,0,0.40000000000000002,0.25,7.4505805969238281e-09,36,-7.0422279119242148e-12,1691,1652,2730,yes
171,2,0.029999999999999999,0,0.20000000000000001,1,7.4505805969238281e-09,2347,2.1250954771942498e-11,1768,1591,2730,yes
171,3,0.029999999999999999,0.01,0.050000000000000003,5,3.7252902984619141e-09,609,8.5296197188666767e-12,1745,1638,810,no
172,0,-0.02,0.01,0.050000000000000003,0.25,9.3132257461547852e-10,108,-1.590672038531693e-13,1760,1674,2730,yes
172,1,0,0,0.40000000000000002,0.25,7.4505805969238281e-09,37,-8.4599549587949241e-12,1768,1681,2730,yes
172,2,0.029999999999999999,0,0.20000000000000001,1,7.4505805969238281e-09,293,1.9642574025646731e-11,1773,1575,2730,yes
172,3,0.029999999999999999,0.01,0.050000000000000003,5,3.7252902984619141e-09,1020,5.9369731353342559e-12,1704,1595,2730,yes
173,0,-0.02,0.01,0.050000000000000003,0.25,9.3132257461547852e-10,216,2.3819765604393695e-12,1768,1592,2730,yes
173,1,0,0,0.40000000000000002,0.25,7.4505805969238281e-09,72,1.5778933715182575e-11,1762,1596,2730,yes
173,2,0.029999999999999999,0,0.20000000000000001,1,7.4505805969238281e-09,144,1.379762970543652e-11,1765,1611,2730,yes
173,3,0.029999999999999999,0.01,0.050000000000000003,5,3.7252902984619141e-09,1017,1.5629504634961933e-11,1753,1635,2730,yes
174,0,-0.02,0.01,0.050000000000000003,0.25,9.3132257461547852e-10,419,1.4669320445859224e-12,1740,1625,2730,yes
174,1,0,0,0.40000000000000002,0.25,7.4505805969238281e-09,71,2.5326282737658801e-11,1712,1514,1621,no
174,2,0.029999999999999999,0,0.20000000000000001,1,7.4505805969238281e-09,75,1.5074851089647012e-11,1767,1605,1621,no
174,3,0.029999999999999999,0.01,0.050000000000000003,5,3.7252902984619141e-09,837,7.0867582635525395e-12,1763,1619,85,no
175,0,-0.02,0.01,0.050000000000000003,0.25,9.3132257461547852e-10,103,2.2372156210925809e-12,1711,1561,1919,no
175,1,0,0,0.40000000000000002,0.25,7.4505805969238281e-09,139,2.2033534718968184e-11,1792,1566,2730,yes
175,2,0.029999999999999999,0,0.20000000000000001,1,7.4505805969238281e-09,75,2.647684155254737e-11,1764,1558,1919,no
175,3,0.029999999999999999,0.01,0.050000000000000003,5,3.7252902984619141e-09,249,7.7378242702152988e-12,1738,1628,2730,yes
176,0,-0.02,0.01,0.050000000000000003,0.25,9.3132257461547852e-10,56,4.9557580261705425e-12,1814,1530,2730,yes
176,1,0,0,0.40000000000000002,0.25,7.4505805969238281e-09,142,2.4443377877325645e-11,1760,1577,2730,yes
176,2,0.029999999999999999,0,0.20000000000000001,1,7.4505805969238281e-09,75,6.7825398075704868e-12,1738,1616,2730,yes
176,3,0.029999999999999999,0.01,0.050000000000000003,5,3.7252902984619141e-09,1980,4.8900813953700606e-12,1739,1693,2730,yes
177,0,-0.02,0.01,0.050000000000000003,0.25,9.3132257461547852e-10,109,1.5094696326212187e-13,1694,1604,1621,no
177,1,0,0,0.40000000000000002,0.25,7.4505805969238281e-09,286,1.2908667190725254e-11,1720,1589,2730,yes
177,2,0.029999999999999999,0,0.20000000000000001,1,7.4505805969238281e-09,36,9.8734076470208265e-12,1706,1579,2730,yes
177,3,0.029999999999999999,0.01,0.050000000000000003,5,3.7252902984619141e-09,246,1.3227169359808499e-11,1784,1617,1152,no
178,0,-0.02,0.01,0.050000000000000003,0.25,9.3132257461547852e-10,853,8.4414181374115049e-13,1681,1640,1621,no
178,1,0,0,0.40000000000000002,0.25,7.4505805969238281e-09,4487,3.0014520166141145e-11,1759,1540,1919,no
178,2,0.029999999999999999,0,0.20000000000000001,1,7.4505805969238281e-09,36,2.5728336128238993e-11,1737,1542,1152,no
178,3,0.029999999999999999,0.01,0.050000000000000003,5,3.7252902984619141e-09,136,8.4518364529273526e-12,1734,1691,2730,yes
179,0,-0.02,0.01,0.050000000000000003,0.25,9.3132257461547852e-10,216,3.2258640203508548e-12,1707,1495,2730,yes
179,1,0,0,0.40000000000000002,0.25,7.4505805969238281e-09,282,1.193526527609734e-11,1696,1594,8191,yes
179,2,0.029999999999999999,0,0.20000000000000001,1,7.4505805969238281e-09,36,-9.7146457544994291e-12,1667,1612,2730,yes
179,3,0.029999999999999999,0.01,0.050000000000000003,5,3.7252902984619141e-09,540,6.0021154713041369e-12,1754,1624,170,yes
180,0,-0.02,0.01,0.050000000000000003,0.25,9.3132257461547852e-10,106,1.9302198728254893e-12,1621,1501,2730,yes
180,1,0,0,0.40000000000000002,0.25,7.4505805969238281e-09,142,1.2268935867254527e-12,1704,1633,8191,yes
180,2,0.029999999999999999,0,0.20000000000000001,1,7.4505805969238281e-09,37,4.7597620289607789e-12,1712,1619,1834,no
180,3,0.029999999999999999,0.01,0.050000000000000003,5,3.7252902984619141e-09,269,8.3522772031940917e-12,1694,1650,2047,yes
181,0,-0.02,0.01,0.050000000000000003,0.25,9.3132257461547852e-10,54,1.8431037945854101e-12,1792,1665,2730,yes
181,1,0,0,0.40000000000000002,0.25,7.4505805969238281e-09,137,1.0499941194286322e-11,1764,1611,2730,yes
181,2,0.029999999999999999,0,0.20000000000000001,1,7.4505805969238281e-09,36,1.2680301253453763e-11,1836,1647,1621,no
181,3,0.029999999999999999,0.01,0.050000000000000003,5,3.7252902984619141e-09,400,1.5089485216890353e-11,1793,1640,2730,yes
182,0,-0.02,0.01,0.050000000000000003,0.25,9.3132257461547852e-10,81,1.614386575810034e-12,1722,1595,2730,yes
182,1,0,0,0.40000000000000002,0.25,7.4505805969238281e-09,69,2.1956311768711601e-11,1759,1542,2730,yes
182,2,0.029999999999999999,0,0.20000000000000001,1,7.4505805969238281e-09,37,3.2765082313979121e-11,1788,1556,2730,yes
182,3,0.029999999999999999,0.01,0.050000000000000003,5,3.7252902984619141e-09,134,1.0590500698626215e-11,1745,1623,2560,yes
183,0,-0.02,0.01,0.050000000000000003,0.25,9.3132257461547852e-10,1284,1.6580003429217394e-12,1683,1584,2730,yes
183,1,0,0,0.40000000000000002,0.25,7.4505805969238281e-09,69,1.3488224426261297e-11,1698,1564,8191,yes
183,2,0.029999999999999999,0,0.20000000000000001,1,7.4505805969238281e-09,37,9.8265701131694527e-12,1715,1582,2730,yes
183,3,0.029999999999999999,0.01,0.050000000000000003,5,3.7252902984619141e-09,414,5.2781910786503516e-12,1745,1635,597,no
184,0,-0.02,0.01,0.050000000000000003,0.25,9.3132257461547852e-10,38,2.3192038567376727e-12,1786,1595,2730,yes
184,1,0,0,0.40000000000000002,0.25,7.4505805969238281e-09,68,1.154554229998439e-11,1763,1589,85,no
184,2,0.029999999999999999,0,0.20000000000000001,1,7.4505805969238281e-09,19,1.403988036940973e-12,1726,1633,768,no
184,3,0.029999999999999999,0.01,0.050000000000000003,5,3.7252902984619141e-09,70,-4.9749371289209421e-12,1687,1733,2730,yes
185,0,-0.02,0.01,0.050000000000000003,0.25,9.3132257461547852e-10,41,3.4572171514479777e-13,1729,1642,2730,yes
185,1,0,0,0.40000000000000002,0.25,7.4505805969238281e-09,35,8.5161044882653414e-12,1686,1607,2730,yes
185,2,0.029999999999999999,0,0.20000000000000001,1,7.4505805969238281e-09,17,1.5668188968476215e-11,1732,1536,2730,yes
185,3,0.029999999999999999,0.01,0.050000000000000003,5,3.7252902984619141e-09,276,2.0427964875224802e-12,1741,1729,1621,no
186,0,-0.02,0.01,0.050000000000000003,0.25,9.3132257461547852e-10,38,1.2620113287731272e-12,1717,1578,85,no
186,1,0,0,0.40000000000000002,0.25,7.4505805969238281e-09,34,7.2206407519814775e-12,1710,1581,2730,yes
186,2,0.029999999999999999,0,0.20000000000000001,1,7.4505805969238281e-09,18,1.0006079298463533e-11,1721,1610,2730,yes
186,3,0.029999999999999999,0.01,0.050000000000000003,5,3.7252902984619141e-09,72,3.757272271087686e-12,1697,1667,2730,yes
187,0,-0.02,0.01,0.050000000000000003,0.25,9.3132257461547852e-10,79,3.5301041603763572e-12,1698,1497,2730,yes
187,1,0,0,0.40000000000000002,0.25,7.4505805969238281e-09,40,3.1602997996316162e-11,1815,1566,2730,yes
187,2,0.029999999999999999,0,0.20000000000000001,1,7.4505805969238281e-09,17,1.99942840062306e-11,1786,1576,810,no
187,3,0.029999999999999999,0.01,0.050000000000000003,5,3.7252902984619141e-09,75,-2.622256578543869e-12,1696,1677,1024,yes
188,0,-0.02,0.01,0.050000000000000003,0.25,9.3132257461547852e-10,595,1.8368411175764821e-12,1753,1564,8191,yes
188,1,0,0,0.40000000000000002,0.25,7.4505805969238281e-09,34,-1.5429740818362347e-12,1689,1657,1621,no
188,2,0.029999999999999999,0,0.20000000000000001,1,7.4505805969238281e-09,23,2.1960586127356407e-11,1763,1559,8191,yes
188,3,0.029999999999999999,0.01,0.050000000000000003,5,3.7252902984619141e-09,215,1.0666793837099675e-11,1773,1610,2730,yes
189,0,-0.02,0.01,0.050000000000000003,0.25,9.3132257461547852e-10,40,2.4428688238931073e-12,1821,1578,2730,yes
189,1,0,0,0.40000000000000002,0.25,7.4505805969238281e-09,35,2.3113108649219782e-11,1752,1586,2730,yes
189,2,0.029999999999999999,0,0.20000000000000001,1,7.4505805969238281e-09,18,2.2286172907115542e-11,1778,1584,8191,yes
189,3,0.029999999999999999,0.01,0.050000000000000003,5,3.7252902984619141e-09,230,8.3286016971939603e-12,1756,1683,1152,no
190,0,-0.02,0.01,0.050000000000000003,0.25,9.3132257461547852e-10,43,-6.6477899574035604e-13,1709,1682,2730,yes
190,1,0,0,0.40000000000000002,0.25,7.4505805969238281e-09,33,2.1257162696741716e-11,1795,1576,1621,no
190,2,0.029999999999999999,0,0.20000000000000001,1,7.4505805969238281e-09,21,2.3273896698761121e-11,1727,1613,2730,yes
190,3,0.029999999999999999,0.01,0.050000000000000003,5,3.7252902984619141e-09,202,8.6039717017705186e-12,1703,1653,1365,yes
191,0,-0.02,0.01,0.050000000000000003,0.25,9.3132257461547852e-10,81,2.1052378590402654e-12,1764,1654,2730,yes
191,1,0,0,0.40000000000000002,0.25,7.4505805969238281e-09,34,2.5342831999619619e-11,1785,1533,5376,no
191,2,0.029999999999999999,0,0.20000000000000001,1,7.4505805969238281e-09,18,2.6116511731011371e-11,1854,1577,2730,yes
191,3,0.029999999999999999,0.01,0.050000000000000003,5,3.7252902984619141e-09,124,9.7532745768624807e-12,1771,1700,85,no
192,0,-0.02,0.01,0.050000000000000003,0.25,9.3132257461547852e-10,172,1.9485489610726603e-12,1732,1630,2730,yes
192,1,0,0,0.40000000000000002,0.25,7.4505805969238281e-09,141,-8.1502513071818328e-13,1639,1610,2730,yes
192,2,0.029999999999999999,0,0.20000000000000001,1,7.4505805969238281e-09,18,1.607905475431437e-11,1710,1499,2730,yes
192,3,0.029999999999999999,0.01,0.050000000000000003,5,3.7252902984619141e-09,504,7.4747708023181758e-12,1728,1633,831,no
193,0,-0.02,0.01,0.050000000000000003,0.25,9.3132257461547852e-10,2695,1.364221615448441e-12,1769,1611,1152,no
193,1,0,0,0.40000000000000002,0.25,7.4505805969238281e-09,436,-3.624888583741992e-12,1720,1628,810,no
193,2,0.029999999999999999,0,0.20000000000000001,1,7.4505805969238281e-09,22,1.1874334848727131e-11,1732,1602,2730,yes
193,3,0.029999999999999999,0.01,0.050000000000000003,5,3.7252902984619141e-09,244,-2.9525409894759491e-12,1676,1748,2730,yes
194,0,-0.02,0.01,0.050000000000000003,0.25,9.3132257461547852e-10,170,1.786791201108251e-12,1735,1592,2730,yes
194,1,0,0,0.40000000000000002,0.25,7.4505805969238281e-09,162,1.1338211619582594e-11,1743,1546,8191,yes
194,2,0.029999999999999999,0,0.20000000000000001,1,7.4505805969238281e-09,18,8.8155316380067461e-12,1713,1583,2730,yes
194,3,0.029999999999999999,0.01,0.050000000000000003,5,3.7252902984619141e-09,211,-1.0922200643914692e-12,1719,1676,2730,yes
195,0,-0.02,0.01,0.050000000000000003,0.25,9.3132257461547852e-10,85,9.3891040775506696e-13,1720,1607,8191,yes
195,1,0,0,0.40000000000000002,0.25,7.4505805969238281e-09,145,1.3316962116372011e-11,1703,1587,2730,yes
195,2,0.029999999999999999,0,0.20000000000000001,1,7.4505805969238281e-09,17,-3.9473979640547441e-12,1674,1604,2730,yes
195,3,0.029999999999999999,0.01,0.050000000000000003,5,3.7252902984619141e-09,153,1.0526281235545554e-11,1757,1644,85,no
196,0,-0.02,0.01,0.050000000000000003,0.25,9.3132257461547852e-10,85,1.8916847255301406e-12,1771,1569,1621,no
196,1,0,0,0.40000000000000002,0.25,7.4505805969238281e-09,54,1.2647702329893207e-11,1708,1503,2730,yes
196,2,0.029999999999999999,0,0.20000000000000001,1,7.4505805969238281e-09,22,1.2637738078247196e-11,1714,1548,2730,yes
196,3,0.029999999999999999,0.01,0.050000000000000003,5,3.7252902984619141e-09,582,9.8431332529180793e-12,1734,1619,575,no
197,0,-0.02,0.01,0.050000000000000003,0.25,9.3132257461547852e-10,169,1.188651607697544e-12,1737,1626,2730,yes
197,1,0,0,0.40000000000000002,0.25,7.4505805969238281e-09,57,8.6367371587847686e-12,1649,1647,2730,yes
197,2,0.029999999999999999,0,0.20000000000000001,1,7.4505805969238281e-09,26,1.8401377643861849e-11,1709,1577,2730,yes
197,3,0.029999999999999999,0.01,0.050000000000000003,5,3.7252902984619141e-09,282,1.2537859639394355e-11,1748,1595,1621,no
198,0,-0.02,0.01,0.050000000000000003,0.25,4.6566128730773926e-10,678,-7.6997869885575554e-13,1663,1722,0,yes
198,1,0,0,0.40000000000000002,0.25,7.4505805969238281e-09,41,7.9764389537828606e-12,1739,1642,2730,yes
198,2,0.029999999999999999,0,0.20000000000000001,1,7.4505805969238281e-09,9,1.2199352639186145e-11,1744,1643,2730,yes
198,3,0.029999999999999999,0.01,0.050000000000000003,5,3.7252902984619141e-09,292,7.0271427565771205e-12,1708,1616,2730,yes
199,0,-0.02,0.01,0.050000000000000003,0.25,9.3132257461547852e-10,676,9.8473486309647029e-13,1697,1606,8191,yes
199,1,0,0,0.40000000000000002,0.25,7.4505805969238281e-09,38,4.8972770283484124e-12,1661,1581,2730,yes
199,2,0.029999999999999999,0,0.20000000000000001,1,7.4505805969238281e-09,33,1.8841986998419102e-11,1762,1564,1621,no
199,3,0.029999999999999999,0.01,0.050000000000000003,5,3.7252902984619141e-09,147,1.1726224158348231e-11,1745,1648,1919,no
200,0,-0.02,0.01,0.050000000000000003,0.25,9.3132257461547852e-10,168,-1.2197291787696685e-12,1647,1624,2730,yes
200,1,0,0,0.40000000000000002,0.25,7.4505805969238281e-09,41,-2.2857549186738879e-12,1701,1606,8191,yes
200,2,0.029999999999999999,0,0.20000000000000001,1,7.4505805969238281e-09,101,1.8383359071116878e-11,1756,1597,1919,no
200,3,0.029999999999999999,0.01,0.050000000000000003,5,3.7252902984619141e-09,505,7.6401072968135253e-12,1707,1645,2730,yes
201,0,-0.02,0.01,0.050000000000000003,0.25,9.3132257461547852e-10,84,5.4962631668153961e-13,1705,1649,2730,yes
201,1,0,0,0.40000000000000002,0.25,7.4505805969238281e-09,37,8.7732321407685276e-12,1737,1645,8191,yes
201,2,0.029999999999999999,0,0.20000000000000001,1,7.4505805969238281e-09,233,1.4370762392579284e-11,1784,1583,8191,yes
201,3,0.029999999999999999,0.01,0.050000000000000003,5,3.7252902984619141e-09,252,1.4504064616005508e-11,1791,1616,2730,yes
202,0,-0.02,0.01,0.050000000000000003,0.25,9.3132257461547852e-10,84,1.3075547589114223e-12,1763,1626,1919,no
202,1,0,0,0.40000000000000002,0.25,7.4505805969238281e-09,39,1.2629230994321006e-11,1755,1578,2730,yes
202,2,0.029999999999999999,0,0.20000000000000001,1,7.4505805969238281e-09,1436,9.694012519795292e-12,1732,1595,2730,yes
202,3,0.029999999999999999,0.01,0.050000000000000003,5,3.7252902984619141e-09,104,2.1406210137797643e-12,1689,1717,2730,yes
203,0,-0.02,0.01,0.050000000000000003,0.25,9.3132257461547852e-10,161,2.1381568390821393e-12,1760,1590,2730,yes
203,1,0,0,0.40000000000000002,0.25,7.4505805969238281e-09,82,1.3825579570081459e-11,1732,1549,2730,yes
203,2,0.029999999999999999,0,0.20000000000000001,1,7.4505805969238281e-09,49,5.9709754501868773e-12,1733,1610,2730,yes
203,3,0.029999999999999999,0.01,0.050000000000000003,5,3.7252902984619141e-09,103,-6.9124567181333418e-13,1725,1674,2730,yes
204,0,-0.02,0.01,0.050000000000000003,0.25,9.3132257461547852e-10,21107,1.1496108766003744e-12,1745,1629,2730,yes
204,1,0,0,0.40000000000000002,0.25,7.4505805969238281e-09,74,1.448297037853763e-11,1753,1583,2730,yes
204,2,0.029999999999999999,0,0.20000000000000001,1,7.4505805969238281e-09,31,9.6451145681353267e-12,1709,1627,2730,yes
204,3,0.029999999999999999,0.01,0.050000000000000003,5,3.7252902984619141e-09,143,1.270920868545744e-12,1678,1658,2730,yes
205,0,-0.02,0.01,0.050000000000000003,0.25,9.3132257461547852e-10,176,4.6131432007712192e-12,1817,1561,2730,yes
205,1,0,0,0.40000000000000002,0.25,7.4505805969238281e-09,79,-2.0162344016583233e-12,1700,1590,2730,yes
205,2,0.029999999999999999,0,0.20000000000000001,1,7.4505805969238281e-09,34,3.2218068490852403e-11,1759,1518,1621,no
205,3,0.029999999999999999,0.01,0.050000000000000003,5,3.7252902984619141e-09,141,1.083681061553321e-11,1766,1650,2730,yes
206,0,-0.02,0.01,0.050000000000000003,0.25,4.6566128730773926e-10,79,2.1778395059568467e-12,1775,1603,0,yes
206,1,0,0,0.40000000000000002,0.25,7.4505805969238281e-09,67,8.4696000213213551e-12,1730,1672,2730,yes
206,2,0.029999999999999999,0,0.20000000000000001,1,7.4505805969238281e-09,26,1.5724352375734441e-11,1789,1605,1621,no
206,3,0.029999999999999999,0.01,0.050000000000000003,5,3.7252902984619141e-09,80,7.9707143663121371e-12,1814,1639,1621,no
207,0,-0.02,0.01,0.050000000000000003,0.25,9.3132257461547852e-10,42,2.5818028270840898e-12,1781,1617,2730,yes
207,1,0,0,0.40000000000000002,0.25,7.4505805969238281e-09,143,1.9481270763233027e-11,1792,1562,8191,yes
207,2,0.029999999999999999,0,0.20000000000000001,1,7.4505805969238281e-09,24,9.6953278738709514e-12,1776,1588,2730,yes
207,3,0.029999999999999999,0.01,0.050000000000000003,5,3.7252902984619141e-09,54,7.2169284437428871e-12,1764,1633,2730,yes
208,0,-0.02,0.01,0.050000000000000003,0.25,9.3132257461547852e-10,44,3.2699710994510411e-12,1767,1547,2730,yes
208,1,0,0,0.40000000000000002,0.25,7.4505805969238281e-09,139,1.1079269446323536e-11,1777,1566,2730,yes
208,2,0.029999999999999999,0,0.20000000000000001,1,3.7252902984619141e-09,11,1.4381003332619713e-11,1792,1531,85,no
208,3,0.029999999999999999,0.01,0.050000000000000003,5,3.7252902984619141e-09,82,7.1552902491944792e-12,1730,1672,2730,yes
209,0,-0.02,0.01,0.050000000000000003,0.25,9.3132257461547852e-10,75,1.4769617820431513e-12,1754,1602,8191,yes
209,1,0,0,0.40000000000000002,0.25,7.4505805969238281e-09,281,2.8397076357045137e-13,1676,1623,2730,yes
209,2,0.029999999999999999,0,0.20000000000000001,1,7.4505805969238281e-09,28,2.2875035199376725e-12,1764,1647,2730,yes
209,3,0.029999999999999999,0.01,0.050000000000000003,5,3.7252902984619141e-09,1355,6.2595388941599772e-12,1750,1658,2730,yes
210,0,-0.02,0.01,0.050000000000000003,0.25,9.3132257461547852e-10,372,1.2987761907612416e-12,1745,1705,2730,yes
210,1,0,0,0.40000000000000002,0.25,7.4505805969238281e-09,567,1.9004782123022146e-11,1740,1589,2730,yes
210,2,0.029999999999999999,0,0.20000000000000001,1,7.4505805969238281e-09,41,1.1324725879280351e-11,1743,1569,2730,yes
210,3,0.029999999999999999,0.01,0.050000000000000003,5,3.7252902984619141e-09,83,3.9502151549797304e-12,1660,1673,810,no
211,0,-0.02,0.01,0.050000000000000003,0.25,9.3132257461547852e-10,98,-1.3206779420071868e-12,1665,1654,2730,yes
211,1,0,0,0.40000000000000002,0.25,7.4505805969238281e-09,17968,3.4410782383254013e-11,1781,1525,2730,yes
211,2,0.029999999999999999,0,0.20000000000000001,1,7.4505805969238281e-09,15,-4.4658027276156531e-12,1684,1633,2730,yes
211,3,0.029999999999999999,0.01,0.050000000000000003,5,3.7252902984619141e-09,272,-1.0428324870304095e-12,1679,1657,2111,no
212,0,-0.02,0.01,0.050000000000000003,0.25,9.3132257461547852e-10,36,3.4892574940492693e-13,1724,1663,2730,yes
212,1,0,0,0.40000000000000002,0.25,7.4505805969238281e-09,520,1.5238713069187781e-11,1730,1592,2730,yes
212,2,0.029999999999999999,0,0.20000000000000001,1,7.4505805969238281e-09,16,8.921224869951061e-12,1730,1604,8191,yes
212,3,0.029999999999999999,0.01,0.050000000000000003,5,3.7252902984619141e-09,147,9.3828556035902011e-12,1752,1663,768,no
213,0,-0.02,0.01,0.050000000000000003,0.25,9.3132257461547852e-10,20,7.6966905071529368e-13,1698,1620,2730,yes
213,1,0,0,0.40000000000000002,0.25,7.4505805969238281e-09,306,1.4520058766454014e-11,1763,1544,2730,yes
213,2,0.029999999999999999,0,0.20000000000000001,1,7.4505805969238281e-09,15,1.2980699848341715e-11,1815,1631,2730,yes
213,3,0.029999999999999999,0.01,0.050000000000000003,5,3.7252902984619141e-09,583,1.2293475265545695e-11,1742,1623,2730,yes
214,0,-0.02,0.01,0.050000000000000003,0.25,9.3132257461547852e-10,26,3.4316716135407432e-12,1786,1561,2730,yes
214,1,0,0,0.40000000000000002,0.25,7.4505805969238281e-09,158,2.2909743546684069e-11,1795,1575,2730,yes
214,2,0.029999999999999999,0,0.20000000000000001,1,7.4505805969238281e-09,15,7.1349176566926076e-12,1768,1606,2730,yes
214,3,0.029999999999999999,0.01,0.050000000000000003,5,3.7252902984619141e-09,305,7.0196834456304202e-12,1764,1619,2111,no
215,0,-0.02,0.01,0.050000000000000003,0.25,9.3132257461547852e-10,54,1.6238729111384131e-12,1739,1645,5376,no
215,1,0,0,0.40000000000000002,0.25,7.4505805969238281e-09,151,1.9623157265780122e-11,1745,1542,2730,yes
215,2,0.029999999999999999,0,0.20000000000000001,1,7.4505805969238281e-09,10,1.6804974078965529e-11,1773,1611,8191,yes
215,3,0.029999999999999999,0.01,0.050000000000000003,5,3.7252902984619141e-09,254,6.3061084132343126e-12,1786,1711,2730,yes
216,0,-0.02,0.01,0.050000000000000003,0.25,9.3132257461547852e-10,402,3.2440003374517579e-12,1745,1610,2730,yes
216,1,0,0,0.40000000000000002,0.25,7.4505805969238281e-09,77,1.6279630421500713e-11,1706,1536,2730,yes
216,2,0.029999999999999999,0,0.20000000000000001,1,7.4505805969238281e-09,12,1.0238782044424966e-11,1774,1612,2730,yes
216,3,0.029999999999999999,0.01,0.050000000000000003,5,3.7252902984619141e-09,496,9.9602548431221294e-12,1763,1627,2730,yes
217,0,-0.02,0.01,0.050000000000000003,0.25,9.3132257461547852e-10,57,2.9694606148988889e-12,1736,1554,2730,yes
217,1,0,0,0.40000000000000002,0.25,7.4505805969238281e-09,78,4.6390113972449853e-12,1695,1569,2730,yes
217,2,0.029999999999999999,0,0.20000000000000001,1,7.4505805969238281e-09,19,3.1711161474490268e-12,1738,1615,8191,yes
217,3,0.029999999999999999,0.01,0.050000000000000003,5,3.7252902984619141e-09,122,8.5824958251379257e-12,1748,1669,85,no
218,0,-0.02,0.01,0.050000000000000003,0.25,9.3132257461547852e-10,24,2.4292512446066894e-12,1784,1642,8191,yes
218,1,0,0,0.40000000000000002,0.25,7.4505805969238281e-09,73,1.151652384567825e-11,1698,1596,2730,yes
218,2,0.029999999999999999,0,0.20000000000000001,1,7.4505805969238281e-09,16,1.7265883167638663e-11,1741,1594,2730,yes
218,3,0.029999999999999999,0.01,0.050000000000000003,5,3.7252902984619141e-09,1023,1.5712514514314158e-11,1751,1627,2730,yes
219,0,-0.02,0.01,0.050000000000000003,0.25,4.6566128730773926e-10,20,1.1691064782937133e-12,1720,1585,0,yes
219,1,0,0,0.40000000000000002,0.25,7.4505805969238281e-09,80,1.5146661702658548e-11,1728,1601,2730,yes
219,2,0.029999999999999999,0,0.20000000000000001,1,7.4505805969238281e-09,19,1.4657483560220896e-11,1748,1573,2730,yes
219,3,0.029999999999999999,0.01,0.050000000000000003,5,3.7252902984619141e-09,71,-2.8745755775716475e-12,1691,1670,618,no
220,0,-0.02,0.01,0.050000000000000003,0.25,9.3132257461547852e-10,22,1.168530550099689e-12,1756,1667,8191,yes
220,1,0,0,0.40000000000000002,0.25,7.4505805969238281e-09,38,1.0608652845078836e-11,1773,1607,8191,yes
220,2,0.029999999999999999,0,0.20000000000000001,1,7.4505805969238281e-09,12,1.3832268663804825e-11,1745,1597,2730,yes
220,3,0.029999999999999999,0.01,0.050000000000000003,5,3.7252902984619141e-09,71,7.4621003820496412e-12,1727,1664,2730,yes
221,0,-0.02,0.01,0.050000000000000003,0.25,9.3132257461547852e-10,45,2.5235534148460026e-12,1839,1611,8191,yes
221,1,0,0,0.40000000000000002,0.25,7.4505805969238281e-09,37,2.9748398189255454e-11,1809,1541,2730,yes
221,2,0.029999999999999999,0,0.20000000000000001,1,7.4505805969238281e-09,9,2.0909191045248576e-11,1780,1542,2730,yes
221,3,0.029999999999999999,0.01,0.050000000000000003,5,3.7252902984619141e-09,145,9.0041515909966563e-12,1718,1648,2730,yes
222,0,-0.02,0.01,0.050000000000000003,0.25,9.3132257461547852e-10,179,2.6569306650625624e-13,1660,1696,2730,yes
222,1,0,0,0.40000000000000002,0.25,7.4505805969238281e-09,44,2.7119945178455396e-11,1782,1549,1621,no
222,2,0.029999999999999999,0,0.20000000000000001,1,7.4505805969238281e-09,9,1.2218004385999848e-11,1720,1603,1621,no
222,3,0.029999999999999999,0.01,0.050000000000000003,5,3.7252902984619141e-09,271,-1.6754028719923042e-12,1734,1695,1152,no
223,0,-0.02,0.01,0.050000000000000003,0.25,9.3132257461547852e-10,88,2.0034945924507497e-12,1779,1597,2730,yes
223,1,0,0,0.40000000000000002,0.25,7.4505805969238281e-09,42,9.4838303876798591e-12,1715,1584,2730,yes
223,2,0.029999999999999999,0,0.20000000000000001,1,7.4505805969238281e-09,22,2.2207791161577006e-11,1778,1533,2730,yes
223,3,0.029999999999999999,0.01,0.050000000000000003,5,3.7252902984619141e-09,1131,2.9227644610108072e-12,1709,1707,2730,yes
224,0,-0.02,0.01,0.050000000000000003,0.25,9.3132257461547852e-10,28,1.1670282795694931e-12,1704,1572,2730,yes
224,1,0,0,0.40000000000000002,0.25,7.4505805969238281e-09,45,1.4867565512055592e-11,1784,1603,8191,yes
224,2,0.029999999999999999,0,0.20000000000000001,1,7.4505805969238281e-09,16,1.3345130556174922e-11,1717,1568,2730,yes
224,3,0.029999999999999999,0.01,0.050000000000000003,5,3.7252902984619141e-09,132,9.0664420415720315e-12,1753,1669,2730,yes
225,0,-0.02,0.01,0.050000000000000003,0.25,9.3132257461547852e-10,25,1.7337260099781204e-12,1775,1608,2730,yes
225,1,0,0,0.40000000000000002,0.25,7.4505805969238281e-09,42,8.1328555001647374e-12,1789,1619,8191,yes
225,2,0.029999999999999999,0,0.20000000000000001,1,7.4505805969238281e-09,23,2.3250970593302611e-11,1788,1593,2730,yes
225,3,0.029999999999999999,0.01,0.050000000000000003,5,3.7252902984619141e-09,691,1.4132922263043746e-11,1718,1554,2730,yes
226,0,-0.02,0.01,0.050000000000000003,0.25,9.3132257461547852e-10,54,1.3242740237728867e-12,1789,1640,2730,yes
226,1,0,0,0.40000000000000002,0.25,7.4505805969238281e-09,42,5.8410221104310267e-12,1764,1629,2730,yes
226,2,0.029999999999999999,0,0.20000000000000001,1,7.4505805969238281e-09,18,2.0616952589591619e-11,1757,1562,2730,yes
226,3,0.029999999999999999,0.01,0.050000000000000003,5,3.7252902984619141e-09,178,2.6342816816793402e-12,1693,1653,2730,yes
227,0,-0.02,0.01,0.050000000000000003,0.25,9.3132257461547852e-10,62,7.2580483290174413e-13,1681,1639,2730,yes
227,1,0,0,0.40000000000000002,0.25,7.4505805969238281e-09,79,2.8669219775956378e-12,1707,1616,8191,yes
227,2,0.029999999999999999,0,0.20000000000000001,1,7.4505805969238281e-09,23,2.1267571037597577e-12,1684,1619,2730,yes
227,3,0.029999999999999999,0.01,0.050000000000000003,5,3.7252902984619141e-09,276,1.8025150816391999e-11,1749,1579,2730,yes
228,0,-0.02,0.01,0.050000000000000003,0.25,9.3132257461547852e-10,108,2.7213335751508083e-12,1824,1642,3669,no
228,1,0,0,0.40000000000000002,0.25,7.4505805969238281e-09,86,1.0219866619642914e-11,1767,1618,2730,yes
228,2,0.029999999999999999,0,0.20000000000000001,1,7.4505805969238281e-09,21,8.2612666707504445e-12,1720,1645,8191,yes
228,3,0.029999999999999999,0.01,0.050000000000000003,5,3.7252902984619141e-09,1102,1.2651820563425176e-11,1746,1575,2730,yes
229,0,-0.02,0.01,0.050000000000000003,0.25,4.6566128730773926e-10,773,3.6123935873849655e-13,1701,1667,0,yes
229,1,0,0,0.40000000000000002,0.25,7.4505805969238281e-09,162,1.7261254925404756e-11,1762,1621,2730,yes
229,2,0.029999999999999999,0,0.20000000000000001,1,3.7252902984619141e-09,27,1.2136944227414403e-11,1784,1602,0,yes
229,3,0.029999999999999999,0.01,0.050000000000000003,5,3.7252902984619141e-09,136,5.8234528310663336e-12,1773,1667,2730,yes
230,0,-0.02,0.01,0.050000000000000003,0.25,4.6566128730773926e-10,94,2.9338597523631549e-12,1829,1591,0,yes
230,1,0,0,0.40000000000000002,0.25,7.4505805969238281e-09,289,1.3452130034896648e-11,1734,1583,8191,yes
230,2,0.029999999999999999,0,0.20000000000000001,1,7.4505805969238281e-09,21,1.2058756770905177e-11,1722,1618,2730,yes
230,3,0.029999999999999999,0.01,0.050000000000000003,5,3.7252902984619141e-09,168,1.0162592989360064e-11,1782,1699,85,no
231,0,-0.02,0.01,0.050000000000000003,0.25,9.3132257461547852e-10,50,-3.456818165048503e-13,1753,1672,8191,yes
231,1,0,0,0.40000000000000002,0.25,7.4505805969238281e-09,5424,9.386302499136967e-12,1744,1616,2730,yes
231,2,0.029999999999999999,0,0.20000000000000001,1,7.4505805969238281e-09,28,2.3839125118385596e-11,1773,1602,2730,yes
231,3,0.029999999999999999,0.01,0.050000000000000003,5,3.7252902984619141e-09,84,5.7698845701281698e-12,1734,1649,2730,yes
232,0,-0.02,0.01,0.050000000000000003,0.25,9.3132257461547852e-10,55,1.582000155875285e-12,1772,1618,8191,yes
232,1,0,0,0.40000000000000002,0.25,7.4505805969238281e-09,330,1.2818097278044505e-11,1690,1557,2730,yes
232,2,0.029999999999999999,0,0.20000000000000001,1,7.4505805969238281e-09,60,1.3467754689244771e-11,1732,1518,8191,yes
232,3,0.029999999999999999,0.01,0.050000000000000003,5,3.7252902984619141e-09,68,7.7134548748247767e-12,1765,1693,1919,no
233,0,-0.02,0.01,0.050000000000000003,0.25,4.6566128730773926e-10,35,9.6629475254683683e-13,1710,1581,0,yes
233,1,0,0,0.40000000000000002,0.25,7.4505805969238281e-09,149,7.9348368153819848e-12,1777,1631,2730,yes
233,2,0.029999999999999999,0,0.20000000000000001,1,7.4505805969238281e-09,43,3.2471456079541383e-12,1777,1657,2730,yes
233,3,0.029999999999999999,0.01,0.050000000000000003,5,3.7252902984619141e-09,237,1.0938744701705083e-11,1786,1621,2730,yes
234,0,-0.02,0.01,0.050000000000000003,0.25,9.3132257461547852e-10,35,1.2909378427350404e-12,1732,1635,8191,yes
234,1,0,0,0.40000000000000002,0.25,7.4505805969238281e-09,80,2.4714758017907457e-11,1769,1585,2730,yes
234,2,0.029999999999999999,0,0.20000000000000001,1,7.4505805969238281e-09,44,5.1760817854074048e-12,1732,1619,8191,yes
234,3,0.029999999999999999,0.01,0.050000000000000003,5,3.7252902984619141e-09,119,9.6371521873805932e-12,1693,1567,2730,yes
235,0,-0.02,0.01,0.050000000000000003,0.25,9.3132257461547852e-10,127,1.5935477763739936e-12,1746,1623,2730,yes
235,1,0,0,0.40000000000000002,0.25,7.4505805969238281e-09,81,5.9405050323313446e-12,1689,1626,2730,yes
235,2,0.029999999999999999,0,0.20000000000000001,1,7.4505805969238281e-09,56,1.5069584469173947e-11,1792,1615,8191,yes
235,3,0.029999999999999999,0.01,0.050000000000000003,5,3.7252902984619141e-09,488,1.3253301234250614e-11,1799,1598,2730,yes
236,0,-0.02,0.01,0.050000000000000003,0.25,9.3132257461547852e-10,547,1.4368474942835774e-12,1780,1649,2730,yes
236,1,0,0,0.40000000000000002,0.25,7.4505805969238281e-09,77,1.0117164050971184e-11,1793,1637,2730,yes
236,2,0.029999999999999999,0,0.20000000000000001,1,7.4505805969238281e-09,57,8.2951215341076079e-12,1796,1680,1621,no
236,3,0.029999999999999999,0.01,0.050000000000000003,5,3.7252902984619141e-09,471,6.859342954745884e-12,1784,1675,1621,no
237,0,-0.02,0.01,0.050000000000000003,0.25,9.3132257461547852e-10,89,1.6174743835972727e-12,1781,1584,8191,yes
237,1,0,0,0.40000000000000002,0.25,3.7252902984619141e-09,41,7.3839684366916458e-12,1738,1618,0,yes
237,2,0.029999999999999999,0,0.20000000000000001,1,7.4505805969238281e-09,85,7.0805479535085425e-12,1758,1619,2730,yes
237,3,0.029999999999999999,0.01,0.050000000000000003,5,3.7252902984619141e-09,132,9.0515095418908231e-12,1759,1620,1919,no
238,0,-0.02,0.01,0.050000000000000003,0.25,9.3132257461547852e-10,40,1.4133000325600165e-12,1751,1611,2730,yes
238,1,0,0,0.40000000000000002,0.25,7.4505805969238281e-09,39,7.3968470237772976e-12,1692,1608,2730,yes
238,2,0.029999999999999999,0,0.20000000000000001,1,7.4505805969238281e-09,89,1.1750492939777146e-11,1754,1617,8191,yes
238,3,0.029999999999999999,0.01,0.050000000000000003,5,3.7252902984619141e-09,1079,8.7335338613825364e-12,1675,1666,2730,yes
239,0,-0.02,0.01,0.050000000000000003,0.25,9.3132257461547852e-10,29,-1.5917302198520389e-13,1681,1675,2730,yes
239,1,0,0,0.40000000000000002,0.25,7.4505805969238281e-09,39,1.0671116768001809e-11,1735,1563,8191,yes
239,2,0.029999999999999999,0,0.20000000000000001,1,7.4505805969238281e-09,81,3.1250533411020243e-11,1795,1526,2730,yes
239,3,0.029999999999999999,0.01,0.050000000000000003,5,3.7252902984619141e-09,131,7.9659681628818646e-12,1730,1641,2730,yes
240,0,-0.02,0.01,0.050000000000000003,0.25,9.3132257461547852e-10,14,2.822481831588064e-13,1790,1637,8191,yes
240,1,0,0,0.40000000000000002,0.25,7.4505805969238281e-09,38,9.5904673091951054e-12,1761,1688,2730,yes
240,2,0.029999999999999999,0,0.20000000000000001,1,7.4505805969238281e-09,194,-9.5788342535652049e-12,1721,1655,2730,yes
240,3,0.029999999999999999,0.01,0.050000000000000003,5,3.7252902984619141e-09,199,9.3528310096679945e-12,1696,1597,2730,yes
241,0,-0.02,0.01,0.050000000000000003,0.25,9.3132257461547852e-10,17,1.0419911461445608e-12,1738,1646,2730,yes
241,1,0,0,0.40000000000000002,0.25,3.7252902984619141e-09,43,5.3437115843379956e-12,1725,1567,0,yes
241,2,0.029999999999999999,0,0.20000000000000001,1,7.4505805969238281e-09,422,1.551512217312645e-11,1738,1610,8191,yes
241,3,0.029999999999999999,0.01,0.050000000000000003,5,3.7252902984619141e-09,794,2.4445064028544294e-12,1738,1636,2730,yes
242,0,-0.02,0.01,0.050000000000000003,0.25,4.6566128730773926e-10,27,2.7060289772840029e-12,1757,1554,0,yes
242,1,0,0,0.40000000000000002,0.25,7.4505805969238281e-09,24,3.543360049818034e-12,1726,1616,2730,yes
242,2,0.029999999999999999,0,0.20000000000000001,1,7.4505805969238281e-09,1359,1.4065044051311815e-11,1745,1594,2730,yes
242,3,0.029999999999999999,0.01,0.050000000000000003,5,3.7252902984619141e-09,198,2.4910212781392715e-12,1705,1657,2730,yes
243,0,-0.02,0.01,0.050000000000000003,0.25,9.3132257461547852e-10,224,2.5309806334083973e-12,1736,1578,8191,yes
243,1,0,0,0.40000000000000002,0.25,7.4505805969238281e-09,47,1.1951509226726387e-11,1724,1609,1621,no
243,2,0.029999999999999999,0,0.20000000000000001,1,7.4505805969238281e-09,478,2.270358727407551e-11,1768,1532,1621,no
243,3,0.029999999999999999,0.01,0.050000000000000003,5,3.7252902984619141e-09,171,3.5304502377098146e-12,1703,1634,8191,yes
244,0,-0.02,0.01,0.050000000000000003,0.25,9.3132257461547852e-10,29,1.4422673125236152e-12,1741,1624,2730,yes
244,1,0,0,0.40000000000000002,0.25,7.4505805969238281e-09,48,2.0782459086987615e-11,1766,1531,2730,yes
244,2,0.029999999999999999,0,0.20000000000000001,1,7.4505805969238281e-09,212,1.5375208051171541e-11,1754,1617,8191,yes
244,3,0.029999999999999999,0.01,0.050000000000000003,5,3.7252902984619141e-09,128,6.1093352599073114e-12,1791,1731,2730,yes
245,0,-0.02,0.01,0.050000000000000003,0.25,9.3132257461547852e-10,21,1.7134800522899951e-12,1732,1596,8191,yes
245,1,0,0,0.40000000000000002,0.25,7.4505805969238281e-09,48,5.9780791428210023e-12,1745,1611,2730,yes
245,2,0.029999999999999999,0,0.20000000000000001,1,7.4505805969238281e-09,173,1.8096408052614699e-11,1758,1596,8191,yes
245,3,0.029999999999999999,0.01,0.050000000000000003,5,3.7252902984619141e-09,50,6.8551830878504916e-12,1709,1630,2730,yes
246,0,-0.02,0.01,0.050000000000000003,0.25,9.3132257461547852e-10,23,2.0272221401551604e-12,1751,1565,2730,yes
246,1,0,0,0.40000000000000002,0.25,7.4505805969238281e-09,47,1.2588111109046451e-11,1767,1594,2730,yes
246,2,0.029999999999999999,0,0.20000000000000001,1,7.4505805969238281e-09,112,1.0465212030297266e-11,1746,1594,2730,yes
246,3,0.029999999999999999,0.01,0.050000000000000003,5,3.7252902984619141e-09,43,1.495372922710736e-11,1801,1595,2730,yes
247,0,-0.02,0.01,0.050000000000000003,0.25,9.3132257461547852e-10,22,1.0737556677131721e-12,1683,1647,8191,yes
247,1,0,0,0.40000000000000002,0.25,7.4505805969238281e-09,49,2.1086590806795869e-11,1778,1567,2730,yes
247,2,0.029999999999999999,0,0.20000000000000001,1,7.4505805969238281e-09,114,5.3531692967290212e-12,1736,1580,2730,yes
247,3,0.029999999999999999,0.01,0.050000000000000003,5,3.7252902984619141e-09,45,6.9065551888680687e-12,1681,1562,2730,yes
248,0,-0.02,0.01,0.050000000000000003,0.25,9.3132257461547852e-10,22,1.6259337626278736e-12,1729,1610,2730,yes
248,1,0,0,0.40000000000000002,0.25,7.4505805969238281e-09,48,1.3013756738899929e-11,1703,1557,2730,yes
248,2,0.029999999999999999,0,0.20000000000000001,1,7.4505805969238281e-09,50,9.0667889862672268e-12,1699,1574,2730,yes
248,3,0.029999999999999999,0.01,0.050000000000000003,5,3.7252902984619141e-09,88,9.1301549653977077e-12,1693,1646,2730,yes
249,0,-0.02,0.01,0.050000000000000003,0.25,9.3132257461547852e-10,30,1.6761921711738736e-12,1794,1687,2730,yes
249,1,0,0,0.40000000000000002,0.25,7.4505805969238281e-09,96,9.5855545723111391e-12,1780,1548,2730,yes
249,2,0.029999999999999999,0,0.20000000000000001,1,7.4505805969238281e-09,60,1.6765117072381486e-11,1813,1577,2730,yes
249,3,0.029999999999999999,0.01,0.050000000000000003,5,3.7252902984619141e-09,364,1.5111176199233967e-12,1639,1662,2730,yes
250,0,-0.02,0.01,0.050000000000000003,0.25,9.3132257461547852e-10,60,1.6409634068237366e-12,1766,1622,2730,yes
250,1,0,0,0.40000000000000002,0.25,7.4505805969238281e-09,94,1.4791071145658918e-11,1745,1592,2730,yes
250,2,0.029999999999999999,0,0.20000000000000001,1,7.4505805969238281e-09,54,1.0271408723561137e-11,1718,1578,8191,yes
250,3,0.029999999999999999,0.01,0.050000000000000003,5,1.862645149230957e-09,169,1.1250139708707252e-11,1712,1602,0,yes
251,0,-0.02,0.01,0.050000000000000003,0.25,9.3132257461547852e-10,119,1.2446938011528852e-12,1713,1603,2730,yes
251,1,0,0,0.40000000000000002,0.25,7.4505805969238281e-09,91,6.4419511391911044e-12,1713,1608,2730,yes
251,2,0.029999999999999999,0,0.20000000000000001,1,7.4505805969238281e-09,47,3.019345190535816e-11,1791,1510,2730,yes
251,3,0.029999999999999999,0.01,0.050000000000000003,5,3.7252902984619141e-09,340,5.8160282145891529e-12,1701,1638,2730,yes
252,0,-0.02,0.01,0.050000000000000003,0.25,9.3132257461547852e-10,29,1.234424888696406e-12,1721,1628,2730,yes
252,1,0,0,0.40000000000000002,0.25,7.4505805969238281e-09,191,7.0851623179546408e-12,1761,1652,2730,yes
252,2,0.029999999999999999,0,0.20000000000000001,1,3.7252902984619141e-09,38,-5.8420074333653815e-12,1691,1699,0,yes
252,3,0.029999999999999999,0.01,0.050000000000000003,5,3.7252902984619141e-09,2705,8.5241405947678039e-12,1747,1628,2730,yes
253,0,-0.02,0.01,0.050000000000000003,0.25,9.3132257461547852e-10,22,3.1717684034759941e-13,1741,1689,8191,yes
253,1,0,0,0.40000000000000002,0.25,7.4505805969238281e-09,377,-6.5973441987221548e-13,1722,1682,8191,yes
253,2,0.029999999999999999,0,0.20000000000000001,1,7.4505805969238281e-09,37,2.3998060483254591e-11,1791,1540,2730,yes
253,3,0.029999999999999999,0.01,0.050000000000000003,5,3.7252902984619141e-09,336,-7.0501937621259003e-13,1703,1678,2730,yes
254,0,-0.02,0.01,0.050000000000000003,0.25,9.3132257461547852e-10,22,1.026864357434043e-12,1707,1607,2730,yes
254,1,0,0,0.40000000000000002,0.25,7.4505805969238281e-09,2912,3.9943257035268687e-12,1722,1611,2730,yes
254,2,0.029999999999999999,0,0.20000000000000001,1,7.4505805969238281e-09,36,-1.1599887717039792e-12,1684,1650,2730,yes
254,3,0.029999999999999999,0.01,0.050000000000000003,5,3.7252902984619141e-09,273,1.1983310177487994e-11,1744,1563,1834,no
255,0,-0.02,0.01,0.050000000000000003,0.25,9.3132257461547852e-10,22,2.1781448172886186e-12,1795,1604,2730,yes
255,1,0,0,0.40000000000000002,0.25,7.4505805969238281e-09,377,1.2183353284567211e-11,1767,1579,2730,yes
255,2,0.029999999999999999,0,0.20000000000000001,1,7.4505805969238281e-09,28,1.448474673537703e-11,1712,1567,2730,yes
255,3,0.029999999999999999,0.01,0.050000000000000003,5,3.7252902984619141e-09,2281,5.0410309607173964e-12,1679,1573,2730,yes
256,0,-0.02,0.01,0.050000000000000003,0.25,9.3132257461547852e-10,21,8.2490958508429912e-13,1682,1581,2730,yes
256,1,0,0,0.40000000000000002,0.25,7.4505805969238281e-09,180,9.564168901299297e-12,1691,1568,8191,yes
256,2,0.029999999999999999,0,0.20000000000000001,1,7.4505805969238281e-09,31,1.1334780336547112e-11,1700,1578,2730,yes
256,3,0.029999999999999999,0.01,0.050000000000000003,5,3.7252902984619141e-09,271,7.913579513907365e-12,1750,1607,2730,yes
